Time,V1,V2,V3,V4,V5,V6,V7,V8,V9,V10,V11,V12,V13,V14,V15,V16,V17,V18,V19,V20,V21,V22,V23,V24,V25,V26,V27,V28,Amount
25729.785,-0.23673747,0.033469178,0.7226846,0.19941124,-0.22713856,0.085386746,-0.11847311,0.06097646,0.21041298,-0.08007763,0.42607686,-0.4581158,0.25029734,0.23633091,0.093152754,-0.017030386,0.15533845,-0.094271556,-0.03800336,0.047783345,-0.031393915,-0.11697202,-0.04315075,0.0028103758,0.1290491,0.011086502,0.0006007175,0.0039207805,85.397644
25803.65,-0.2395233,0.02959694,0.73033077,0.19944508,-0.22394653,0.08642376,-0.119172424,0.062953845,0.21013808,-0.08133573,0.4247875,-0.45837152,0.24796759,0.23563027,0.09314168,-0.018136399,0.15599948,-0.09416408,-0.040074516,0.047190126,-0.03252736,-0.116408646,-0.045094687,0.00019910798,0.12621233,0.009652773,-0.0016520219,0.0037631977,84.45628
25779.215,-0.24255887,0.030688087,0.728885,0.19963822,-0.22203784,0.0867968,-0.11840344,0.061992273,0.211066,-0.07961947,0.42543077,-0.45671025,0.2497546,0.23598665,0.09108338,-0.016720437,0.15716656,-0.09538169,-0.04034903,0.0479693,-0.03176969,-0.117256396,-0.044197813,0.0025101383,0.12609565,0.0090832515,-0.0014105216,0.0043207435,84.111626
25739.521,-0.23714985,0.033401936,0.72526926,0.1978183,-0.22363272,0.086083665,-0.12125523,0.062285352,0.20478646,-0.081328765,0.4269738,-0.45751464,0.25121868,0.23432277,0.09287575,-0.019145638,0.15475844,-0.095087245,-0.040281124,0.046315063,-0.03092762,-0.11620136,-0.04315616,0.0011747563,0.12824011,0.010773433,-0.0014623441,0.0048067467,84.10504
25748.389,-0.23693322,0.034156993,0.7266866,0.1953569,-0.22246939,0.08634253,-0.119353116,0.059923805,0.2065939,-0.07721109,0.42678547,-0.45889747,0.24719822,0.23604752,0.09563174,-0.016338715,0.15446228,-0.09523502,-0.038507342,0.046812408,-0.032532606,-0.11622263,-0.043356404,0.0024607475,0.12784028,0.011986906,0.0001037782,0.004544801,84.373184
25774.645,-0.24387512,0.028369261,0.7293743,0.2003438,-0.22042488,0.0831747,-0.118218146,0.063487,0.21052997,-0.08108195,0.4263406,-0.4567765,0.24994709,0.23621024,0.09131384,-0.017847128,0.15779376,-0.09621903,-0.039929993,0.04787819,-0.03356289,-0.117419116,-0.04491478,0.00077441946,0.12662135,0.008006702,-0.0015559997,0.0041156756,83.658585
25771.297,-0.23808248,0.03243188,0.7274791,0.19852166,-0.22413327,0.08904883,-0.11864464,0.05774587,0.2096669,-0.07879967,0.42597556,-0.4583406,0.24694857,0.23312408,0.093802765,-0.018247461,0.1544428,-0.09482246,-0.038816378,0.048820645,-0.029952977,-0.11640427,-0.043093674,0.0015744739,0.12770793,0.01223909,-0.0010010526,0.004242708,85.13308
25758.436,-0.23962006,0.029630216,0.7285198,0.20264415,-0.2239933,0.086148374,-0.118607126,0.062087215,0.20907934,-0.08304025,0.42626277,-0.45846844,0.2507772,0.23657693,0.0930381,-0.018613322,0.15524867,-0.096073516,-0.03910027,0.047965538,-0.033416804,-0.1165134,-0.04498252,0.0011495505,0.12736225,0.01026935,-0.0008504987,0.003092078,85.295845
25764.924,-0.24525459,0.032829974,0.7309226,0.2010123,-0.21977217,0.08549811,-0.11932939,0.062820256,0.20885009,-0.08102055,0.4285893,-0.45655528,0.24944122,0.23547964,0.09167291,-0.017159346,0.15753303,-0.09484148,-0.040938687,0.04684641,-0.032162532,-0.1173174,-0.044003595,0.0009173435,0.12631454,0.008148934,-0.0026633665,0.0043732403,83.23862
25772.53,-0.23424385,0.03306096,0.7263694,0.19956703,-0.22715297,0.08710822,-0.118645914,0.061318416,0.20732553,-0.0799286,0.42378432,-0.4561327,0.24758412,0.23412392,0.09232148,-0.018049272,0.15625396,-0.09442989,-0.040255282,0.04637821,-0.031201908,-0.11585853,-0.045532595,0.0008189511,0.12802087,0.010631576,-0.00088112615,0.0039818524,84.61803
25791.195,-0.24374078,0.026981495,0.7287389,0.19933027,-0.22217621,0.08794369,-0.11834687,0.061303124,0.2106194,-0.08056774,0.42560443,-0.45684633,0.24842103,0.2360946,0.09205822,-0.017877156,0.15563194,-0.09433143,-0.040429465,0.047322508,-0.03268568,-0.117090605,-0.044491764,0.0015705209,0.1263505,0.009143859,-0.0012871977,0.004285211,84.252914
25758.762,-0.23921803,0.03419749,0.7280375,0.20126358,-0.22401512,0.08942177,-0.11861228,0.061258573,0.20956074,-0.08000297,0.42639336,-0.4597475,0.24738452,0.23690817,0.09298571,-0.014315421,0.1552362,-0.09367406,-0.038618118,0.04592904,-0.0337804,-0.11580741,-0.044265497,0.0027360553,0.12722582,0.012064265,0.00024233107,0.0047903107,84.94083
25758.557,-0.23893937,0.030780358,0.7298674,0.20071188,-0.22467482,0.08845221,-0.118828416,0.060750164,0.20760778,-0.082888685,0.4260835,-0.4593643,0.24962147,0.23719461,0.0920274,-0.016328746,0.15654248,-0.09200349,-0.039050262,0.046057086,-0.030961826,-0.1162911,-0.043564253,0.002107754,0.12688608,0.011413247,-0.001082656,0.004454532,85.04917
25768.469,-0.23658845,0.03233987,0.7263099,0.19877563,-0.22581044,0.09044005,-0.118381366,0.060096808,0.2065114,-0.08141474,0.4254486,-0.45616382,0.24793084,0.23418139,0.09274146,-0.014916633,0.15380292,-0.09216688,-0.03907383,0.045167983,-0.033118185,-0.11640115,-0.0423913,0.001946575,0.12908994,0.012209735,0.00058755,0.004546414,85.10632
25793.1,-0.24109116,0.026232276,0.727448,0.20117542,-0.22151119,0.088378906,-0.12028713,0.06461085,0.2069165,-0.08141075,0.424289,-0.45566273,0.24909322,0.2339259,0.09206149,-0.018248852,0.15584482,-0.09562003,-0.039977342,0.047246333,-0.0316372,-0.11670318,-0.0443928,0.0015289206,0.12630272,0.008818101,-0.0022002682,0.004940008,84.41421
25785.13,-0.24330476,0.025705537,0.7276717,0.20156781,-0.21879718,0.08765825,-0.121571474,0.06392116,0.20804557,-0.08049162,0.42535067,-0.45673975,0.24855286,0.23554876,0.09248575,-0.019575728,0.15664819,-0.095514566,-0.03963076,0.04771896,-0.033086676,-0.11646633,-0.04497444,0.0009312793,0.12569116,0.008913813,-0.0021337504,0.004971946,83.87293
25757.46,-0.2423757,0.027501158,0.72706115,0.20145914,-0.22366492,0.08673388,-0.11968701,0.06244155,0.2090515,-0.0810645,0.42566848,-0.45710346,0.24983364,0.23701239,0.09119657,-0.018509494,0.1552417,-0.09508209,-0.038699463,0.047981124,-0.03147806,-0.116708614,-0.044516478,0.003188842,0.12698436,0.009286653,-0.0010355199,0.0044976575,85.23188
25770.13,-0.23583508,0.030654967,0.72288686,0.20139737,-0.22441472,0.08733433,-0.12142613,0.061620515,0.21102849,-0.07963705,0.42457968,-0.45848644,0.24654026,0.23470636,0.092800185,-0.018692652,0.15468591,-0.09564362,-0.038266253,0.04744524,-0.034030087,-0.11552521,-0.045161236,0.0011970508,0.1279458,0.011585685,0.00061417045,0.0043273172,84.78418
25784.02,-0.24225071,0.036157172,0.72580004,0.19844446,-0.22459188,0.086472556,-0.1194732,0.062007755,0.20736705,-0.080095574,0.42706713,-0.4569961,0.24745047,0.23262344,0.0928667,-0.018447552,0.1546214,-0.09518802,-0.039337527,0.047486283,-0.030884212,-0.11605746,-0.043899797,0.00075352896,0.12742974,0.011205914,-0.00088544376,0.0046090283,84.44423
25765.344,-0.23729503,0.032137483,0.73025197,0.20131095,-0.22701807,0.08752998,-0.115413204,0.060510125,0.20958942,-0.08026574,0.4250102,-0.45777807,0.24876589,0.23680729,0.09237927,-0.016023273,0.1566088,-0.0951802,-0.039308503,0.04790733,-0.031630803,-0.116277285,-0.045820776,0.0021812222,0.12744416,0.010327905,-0.0010908488,0.0029764054,85.30383
25759.0,-0.24022579,0.033336747,0.73015624,0.20050484,-0.22515132,0.08843352,-0.11679723,0.060058016,0.2055383,-0.08006717,0.42698976,-0.4576598,0.24657468,0.23426509,0.09169604,-0.01539605,0.15614194,-0.09310353,-0.039338306,0.046278298,-0.031381685,-0.11618993,-0.043938812,0.0015142295,0.12777665,0.01102324,-0.0013134368,0.0048888423,84.57059
25737.352,-0.24243972,0.03567231,0.7277467,0.20082062,-0.22123083,0.087439395,-0.12007541,0.06181496,0.21279114,-0.07997675,0.42686817,-0.45930287,0.25398293,0.237519,0.091936365,-0.017754734,0.1572632,-0.09443477,-0.040403087,0.047917686,-0.032988515,-0.11776201,-0.04342585,0.0030152742,0.12609334,0.009568119,-0.001248396,0.0038310252,83.98386
25761.7,-0.24005964,0.030217836,0.726129,0.20022683,-0.22233556,0.083885215,-0.1213382,0.063922785,0.21000423,-0.082500495,0.4260966,-0.4593466,0.2517437,0.23625982,0.09335206,-0.019690631,0.15623054,-0.094838284,-0.040174395,0.0471409,-0.032857545,-0.11740623,-0.044385947,0.0007647686,0.12659086,0.00992852,-0.0012294427,0.004343426,83.985146
25755.006,-0.23935702,0.032916777,0.7255151,0.20229268,-0.2237046,0.08422564,-0.12148998,0.06495541,0.20830896,-0.08265117,0.42687637,-0.45835587,0.2510149,0.23618141,0.094222695,-0.017924037,0.15577312,-0.09387621,-0.041648533,0.04585149,-0.031612385,-0.117259905,-0.045225386,0.0015020357,0.1272807,0.009660549,-0.00064745825,0.0036294775,84.432106
25764.47,-0.23186974,0.029497111,0.7241885,0.20070899,-0.22794504,0.086697236,-0.118314415,0.0603771,0.2087638,-0.080011286,0.42369652,-0.45866266,0.24693483,0.23389608,0.09257772,-0.01744217,0.1542035,-0.09475667,-0.03884071,0.047548972,-0.032012798,-0.11596122,-0.04451819,0.00203007,0.128522,0.012090126,0.00035923393,0.0037599022,85.51762
25741.691,-0.23906955,0.02832628,0.72806454,0.20182064,-0.22481084,0.08531282,-0.11820127,0.062481854,0.21030818,-0.08287497,0.42820668,-0.45888317,0.2509895,0.23665348,0.09106128,-0.017362932,0.1566328,-0.093709275,-0.04129993,0.046507142,-0.032561187,-0.11671347,-0.044974823,0.0015597539,0.12718496,0.009373226,-0.0007989956,0.0034269586,84.40543
25770.045,-0.23790142,0.035174485,0.72089404,0.19978246,-0.22704655,0.086710885,-0.12277212,0.06394651,0.20783761,-0.08122221,0.42757106,-0.45679858,0.24732338,0.2320986,0.09257722,-0.017719032,0.15398645,-0.09437419,-0.039266333,0.04647658,-0.032284465,-0.115665786,-0.043889064,0.00069284585,0.12881444,0.010447805,5.8891244e-05,0.0045537245,84.118004
25744.889,-0.23867722,0.031089077,0.7296292,0.20141637,-0.21927588,0.08928334,-0.12028616,0.061588127,0.20881698,-0.078834586,0.42517695,-0.45641246,0.2507933,0.23528542,0.091744415,-0.01748024,0.15599653,-0.094488025,-0.040655714,0.047012486,-0.032438334,-0.116910964,-0.043838207,0.0030298168,0.1269818,0.009751636,-0.0014344146,0.004562207,84.40477
25761.812,-0.24186184,0.029252129,0.73236924,0.20109048,-0.21939099,0.09067258,-0.11885551,0.05915679,0.20868626,-0.080477715,0.425801,-0.4573396,0.2490113,0.23667252,0.09247356,-0.01773422,0.15657164,-0.09483642,-0.039107062,0.04676385,-0.03240943,-0.11576147,-0.044578046,0.0021375483,0.12646706,0.010346802,-0.0013520475,0.004631852,84.82127
25739.67,-0.24108212,0.035670735,0.7302649,0.20189865,-0.22087972,0.08809308,-0.118502915,0.060021643,0.21198337,-0.08064314,0.42771068,-0.45857295,0.25194356,0.23824583,0.09234058,-0.018124608,0.15759742,-0.093530335,-0.040789533,0.046380427,-0.03397509,-0.116746515,-0.04500526,0.0016676039,0.12626052,0.0098488005,-0.0016423119,0.003235952,83.999016
25752.197,-0.2438084,0.03516009,0.72528774,0.20118847,-0.22193721,0.08636552,-0.12074158,0.062201314,0.20686921,-0.0809769,0.42863855,-0.4569211,0.25101927,0.23563714,0.093231656,-0.019100765,0.15587607,-0.09388969,-0.04045344,0.046618722,-0.032524347,-0.11701122,-0.04465101,0.0017342675,0.12683468,0.009944151,-0.0012382409,0.004006779,83.861115
25763.492,-0.24157484,0.02940695,0.72479385,0.20014815,-0.22337508,0.08757106,-0.12090954,0.063209236,0.20852552,-0.081423506,0.42624733,-0.45749092,0.2509993,0.23477757,0.091041066,-0.019194951,0.15632553,-0.094726875,-0.0410017,0.04737776,-0.032411557,-0.1168708,-0.044292137,0.0021619545,0.12593643,0.010102281,-0.0012383927,0.0044863527,84.58688
25804.238,-0.2417852,0.03105843,0.7301518,0.19824071,-0.22243302,0.08548717,-0.120051675,0.063381545,0.20842376,-0.08026651,0.42574483,-0.4563819,0.24799813,0.23412322,0.09395811,-0.018513761,0.1565402,-0.096211895,-0.03957142,0.04743785,-0.032543097,-0.11606475,-0.045938697,7.609051e-05,0.12707971,0.008422855,-0.0015185392,0.003907571,83.61623
25761.309,-0.24066362,0.03350044,0.72625136,0.20093815,-0.2227735,0.089804485,-0.12022375,0.059381936,0.20492104,-0.079409376,0.42904094,-0.45816594,0.24512264,0.2331486,0.0939047,-0.01673194,0.15371239,-0.09335031,-0.03901163,0.046775866,-0.032441836,-0.11578184,-0.04291146,0.001927854,0.12709008,0.012545019,-0.0005988972,0.004434851,84.95237
25734.71,-0.23830874,0.03706587,0.72692573,0.1981526,-0.222506,0.091281764,-0.11966072,0.056055978,0.20754698,-0.07517738,0.42702842,-0.45680878,0.24697918,0.23444028,0.09402398,-0.013890162,0.15280187,-0.09387429,-0.039088223,0.04737861,-0.030100858,-0.11679713,-0.040744398,0.0055273753,0.12832497,0.013022688,0.0011164821,0.005104697,85.56716
25766.44,-0.2423643,0.027332116,0.7289973,0.20212696,-0.22307533,0.08545553,-0.11719025,0.06317809,0.20996183,-0.08184981,0.42644843,-0.45853892,0.25011525,0.23652378,0.09185678,-0.018684197,0.15548976,-0.093989715,-0.0400407,0.048073832,-0.03233858,-0.117689624,-0.04429215,0.0012130453,0.12613039,0.009217501,-0.0020908779,0.0038996849,84.67553
25764.988,-0.23298588,0.034205552,0.7274759,0.19762042,-0.22789194,0.08753055,-0.11580057,0.05691542,0.20534757,-0.07957668,0.4251859,-0.45639348,0.24578492,0.23377405,0.0928111,-0.01539341,0.15455766,-0.09469163,-0.03853843,0.04609496,-0.03308288,-0.11524768,-0.04416665,0.0013046591,0.12975541,0.012723586,0.00092260353,0.003387589,85.42687
25780.033,-0.239668,0.032316238,0.7241093,0.20034647,-0.22142057,0.09010638,-0.11982826,0.06043624,0.20667587,-0.07808049,0.4255741,-0.4546958,0.24638622,0.23240337,0.094166264,-0.017714141,0.15284207,-0.094619416,-0.037510205,0.047652964,-0.032328423,-0.11675064,-0.043089733,0.0023033582,0.1283433,0.011638781,-0.00020094495,0.0045300247,85.004036
25766.715,-0.24115159,0.029220823,0.7265899,0.19891755,-0.22140461,0.09027979,-0.11993624,0.06257298,0.2051347,-0.07932997,0.42632654,-0.4579657,0.24984975,0.23364116,0.09314252,-0.018102255,0.1535042,-0.09557303,-0.04125277,0.047276158,-0.032222267,-0.116991974,-0.044170056,0.0027453536,0.1261859,0.010496429,-0.001398717,0.004675741,84.62184
25751.934,-0.2417091,0.030374248,0.7323293,0.20131509,-0.21983503,0.08721569,-0.1189002,0.06015865,0.21060586,-0.08258951,0.42552054,-0.45872182,0.253403,0.23940821,0.09274169,-0.019317787,0.15855913,-0.09460782,-0.039720964,0.046967424,-0.033070467,-0.11682197,-0.04520486,0.0015242491,0.1261404,0.009910432,-0.0020772722,0.0037444753,84.31878
25782.68,-0.23665781,0.03191941,0.7272691,0.19883299,-0.22448334,0.08969667,-0.118391804,0.06123838,0.20797084,-0.0787499,0.42418447,-0.45666373,0.2473855,0.23428115,0.094018646,-0.0151839955,0.1549852,-0.095803924,-0.03836995,0.047062658,-0.032735173,-0.11572466,-0.04442832,0.0020686267,0.12870675,0.010654567,0.00025894074,0.0041138763,85.01572
25755.756,-0.2319824,0.031858414,0.72475016,0.19900933,-0.22468993,0.09175045,-0.119623914,0.05919838,0.20659229,-0.079036206,0.42337644,-0.45556027,0.24868558,0.2327982,0.09353123,-0.016397474,0.15297036,-0.09504552,-0.037720345,0.046857294,-0.030693738,-0.11552801,-0.042592514,0.0037243285,0.12967221,0.013009771,0.0009738114,0.0047175223,85.87888
25736.455,-0.24006368,0.031283513,0.7307408,0.20096585,-0.22272822,0.08961107,-0.11820063,0.060294136,0.21093436,-0.0797473,0.42463565,-0.457679,0.2517383,0.23844616,0.09040429,-0.018756535,0.15722543,-0.0934682,-0.039792404,0.046874747,-0.03177168,-0.11606985,-0.044790942,0.003635652,0.12640148,0.009977342,-0.0014362372,0.0042743227,84.42466
25755.184,-0.2416809,0.033432934,0.726317,0.20357065,-0.22164166,0.08822332,-0.11907757,0.062231958,0.20506713,-0.079495065,0.42644468,-0.4560546,0.24742848,0.23504198,0.093565926,-0.017825415,0.1553239,-0.094479136,-0.039900396,0.047029614,-0.031736948,-0.11690062,-0.044948403,0.0017634952,0.1270255,0.010885726,-0.0017851563,0.0043476615,84.60899
25757.293,-0.23511207,0.03746515,0.7266719,0.19617228,-0.22126591,0.09094586,-0.11973328,0.058527675,0.20596173,-0.075006,0.423832,-0.45671794,0.2469449,0.23479266,0.09642902,-0.015709054,0.15412651,-0.09470152,-0.0386404,0.046418216,-0.03116275,-0.11610103,-0.0428916,0.0035688055,0.12795222,0.0119613735,9.402632e-05,0.0046617836,84.57165
25762.7,-0.2419375,0.030851344,0.7326428,0.19902539,-0.22162296,0.08448206,-0.11784156,0.061318338,0.20707828,-0.081370816,0.4277431,-0.4564689,0.24857037,0.23460735,0.092000656,-0.01765719,0.15538156,-0.09432581,-0.04122137,0.04611947,-0.031836342,-0.116505064,-0.044288088,0.00087284535,0.127643,0.009366243,-0.0011743084,0.0040102387,84.08094
25766.674,-0.24170966,0.031967603,0.72349274,0.20108774,-0.22607371,0.084708765,-0.122280695,0.06515641,0.20747563,-0.08188994,0.4284777,-0.45668283,0.25016782,0.2348354,0.09229617,-0.017745024,0.15519115,-0.09434365,-0.040406857,0.04693128,-0.03276383,-0.11724155,-0.044743806,0.001752567,0.12754986,0.008669931,-0.0007489845,0.004001992,83.98068
25735.93,-0.23902923,0.032111656,0.7247648,0.201288,-0.22579652,0.089582734,-0.119511805,0.059737645,0.21163505,-0.08001063,0.42672837,-0.45890552,0.2482681,0.23630477,0.09152931,-0.017757988,0.15316471,-0.09382109,-0.039252575,0.047660563,-0.032423753,-0.11668195,-0.04325468,0.0032924104,0.12747774,0.012599247,0.00035027787,0.004460691,85.09692
25757.701,-0.2353106,0.028458554,0.72952944,0.20009856,-0.22362036,0.0906138,-0.11469065,0.056237135,0.20713055,-0.077681385,0.42465797,-0.4553307,0.24466188,0.23381053,0.09259746,-0.014810414,0.15268715,-0.09395856,-0.039507203,0.046780087,-0.03180959,-0.11615212,-0.042764757,0.0032248786,0.12877029,0.012749901,0.0005476596,0.004431432,86.26613
25760.61,-0.23573196,0.033336133,0.72439814,0.20229515,-0.22671384,0.0876915,-0.12104696,0.060474936,0.21065895,-0.081075296,0.42678785,-0.45836383,0.24717127,0.23488893,0.09293436,-0.01815962,0.15286072,-0.09489862,-0.03823479,0.0472728,-0.032698475,-0.1152826,-0.044296,0.0016539544,0.12860791,0.011746174,0.0005918271,0.0037815587,85.08854
25746.357,-0.24291903,0.030609122,0.72747517,0.19907112,-0.22445975,0.08571323,-0.11871605,0.060723674,0.20676425,-0.08065943,0.42790818,-0.4590503,0.24873851,0.23623453,0.092896834,-0.017891012,0.15381277,-0.09520085,-0.038656805,0.048208617,-0.031864837,-0.117009036,-0.043364994,0.002531357,0.12731887,0.011181987,-0.0003335923,0.0042457604,85.04831
25772.986,-0.23659223,0.032382734,0.73066545,0.19707318,-0.22470345,0.08633826,-0.1168071,0.058043055,0.20807076,-0.079440035,0.4262028,-0.45744634,0.2465778,0.2352123,0.09344159,-0.016318113,0.15460293,-0.09563828,-0.0381396,0.04687199,-0.03268147,-0.115065694,-0.044158176,0.0013233111,0.12896705,0.011137523,0.00029181223,0.0034895085,84.647964
25772.115,-0.24149992,0.026219498,0.72718936,0.19989212,-0.22116615,0.0878161,-0.12008809,0.06145288,0.20844916,-0.08045334,0.42526627,-0.4563519,0.24736458,0.23522902,0.09202559,-0.019057093,0.15447369,-0.09503249,-0.03906534,0.046946928,-0.03232947,-0.11598248,-0.04398817,0.0023809304,0.12679833,0.010071836,-0.0003802115,0.004720884,84.889084
25739.055,-0.2373038,0.031392522,0.72742265,0.20082244,-0.22439216,0.089983106,-0.11598541,0.058541834,0.20937024,-0.08139278,0.4264972,-0.4608247,0.24846232,0.23785621,0.09418777,-0.014809136,0.15437886,-0.093426004,-0.039085366,0.046479695,-0.032663636,-0.11698623,-0.04316142,0.0021325229,0.12765731,0.012616914,-0.0003022477,0.0040590526,85.6995
25773.486,-0.2379033,0.034278035,0.72378594,0.19991376,-0.22382253,0.08855868,-0.12325599,0.06428318,0.20747462,-0.079718985,0.4242057,-0.4554896,0.24929667,0.23389798,0.09419421,-0.018495148,0.15366882,-0.09458277,-0.039956678,0.046608035,-0.031885475,-0.11616338,-0.0435755,0.0020444486,0.12788314,0.011392009,-6.315299e-05,0.0051375558,84.46967
25751.309,-0.2380738,0.03292028,0.72836924,0.19867748,-0.22245814,0.08922007,-0.11778026,0.05798743,0.20534869,-0.079418115,0.42665815,-0.4599213,0.2471645,0.2342072,0.09450971,-0.01648745,0.1540993,-0.09438491,-0.038793743,0.04683689,-0.031287245,-0.11606141,-0.042600196,0.0022741067,0.1275243,0.013033841,-0.00068418775,0.004268435,85.288795
25726.973,-0.238989,0.03592704,0.72563237,0.20101793,-0.22509353,0.086655475,-0.11823792,0.060377013,0.21139583,-0.08044874,0.42684802,-0.4584451,0.2511488,0.23559172,0.091812894,-0.018717665,0.15471068,-0.094515264,-0.039549198,0.04806555,-0.03160093,-0.11670627,-0.043673865,0.0025354805,0.12774695,0.011335955,-0.00033337343,0.003789804,85.19798
25767.64,-0.24056089,0.026601132,0.7285861,0.20033073,-0.2209613,0.08732616,-0.120427445,0.0639684,0.2078491,-0.08143209,0.4256923,-0.4567961,0.25049186,0.23522766,0.09127679,-0.018380223,0.15692075,-0.094630234,-0.040744334,0.046913665,-0.031470083,-0.11669927,-0.044572644,0.0015962194,0.12638815,0.0082700085,-0.0021080133,0.0046376847,84.16458
25776.283,-0.24520546,0.03296384,0.73014843,0.20161687,-0.22221296,0.08653941,-0.12059414,0.06345947,0.2096494,-0.082103565,0.42801884,-0.45791924,0.24905351,0.23642194,0.09241862,-0.01744984,0.15727623,-0.09431961,-0.03980953,0.046809413,-0.03260929,-0.11647652,-0.04505803,0.0004632683,0.12634133,0.008613957,-0.002196814,0.0045563863,83.43741
25784.318,-0.2457318,0.028664015,0.7273329,0.19854748,-0.22218728,0.08413404,-0.121069945,0.06456173,0.2041851,-0.08214856,0.429826,-0.4567061,0.2489477,0.23383226,0.092636004,-0.018007718,0.15404299,-0.095424004,-0.04126135,0.04699279,-0.032221943,-0.117432505,-0.043522675,0.0011258046,0.12628973,0.008748067,-0.0017308965,0.004372629,83.89985
25747.584,-0.23585647,0.032163396,0.7253181,0.19840217,-0.22874089,0.085955694,-0.1196304,0.06043511,0.2058175,-0.0819897,0.4284046,-0.4580092,0.24836302,0.23328286,0.0918446,-0.018134903,0.15325221,-0.09365006,-0.039688792,0.04622265,-0.030236902,-0.11544907,-0.043297157,0.0016889232,0.12933415,0.011437381,-0.00050060824,0.004250509,84.67062
25762.088,-0.23971958,0.032444447,0.7307675,0.20111714,-0.2218376,0.087322235,-0.11921121,0.060075436,0.21053892,-0.08266551,0.42491534,-0.45838383,0.2523683,0.23697563,0.09079992,-0.019039156,0.15843599,-0.0952278,-0.039832488,0.047118537,-0.033350796,-0.11597622,-0.044923842,0.0009099828,0.12656124,0.010624755,-0.0015959395,0.0039582886,84.38709
25749.934,-0.239807,0.031373218,0.7273928,0.19955418,-0.22222655,0.090055674,-0.11844307,0.0586576,0.20968556,-0.08072722,0.42574623,-0.45697194,0.2501797,0.23588653,0.09255911,-0.017602596,0.15477592,-0.093260735,-0.03835852,0.047200944,-0.03133801,-0.11611701,-0.04236681,0.0030825874,0.1279116,0.011598795,-0.0002596313,0.004016973,85.66453
25766.42,-0.24001251,0.029909689,0.7273699,0.199933,-0.22536604,0.08716944,-0.119487904,0.0627177,0.2095334,-0.07971927,0.42535046,-0.45493442,0.24943116,0.23484108,0.091231726,-0.016749969,0.15482305,-0.09312916,-0.039389357,0.046907187,-0.031971324,-0.1168303,-0.04366397,0.0032415912,0.12841368,0.009155714,0.00042625144,0.0043575177,84.74646
25764.303,-0.23573644,0.028256442,0.7295165,0.20133176,-0.22480436,0.087978974,-0.11634683,0.060759716,0.21134116,-0.07948145,0.423506,-0.4569102,0.24814995,0.23635817,0.09103687,-0.016307782,0.15747441,-0.09551061,-0.038655367,0.047367834,-0.033050463,-0.11605399,-0.046430074,0.0017589824,0.12833607,0.009247611,-0.0006043017,0.003783321,84.5478
25759.148,-0.2411668,0.028510567,0.72834295,0.20095648,-0.22375114,0.085434906,-0.1169434,0.05963983,0.20803015,-0.08088107,0.4266801,-0.457732,0.24854527,0.23453075,0.09124661,-0.019648466,0.15531182,-0.09598139,-0.038555,0.048256353,-0.032066576,-0.11606107,-0.04513534,0.0017124503,0.12738016,0.0101961605,-0.0006242851,0.0036095877,85.112976
25770.68,-0.24012901,0.032373548,0.7273021,0.1997339,-0.2198136,0.090405844,-0.12072778,0.058501918,0.20981628,-0.07729291,0.4259986,-0.45624745,0.24642731,0.23456168,0.092564896,-0.017008884,0.15389518,-0.09446688,-0.040421773,0.04698569,-0.032427177,-0.11604199,-0.042828787,0.0027713021,0.12706606,0.011488087,-0.0004153438,0.004908191,84.54704
25760.035,-0.23819572,0.031515416,0.7281628,0.2004145,-0.22330324,0.092634425,-0.116902694,0.058267254,0.20994459,-0.07837583,0.42530572,-0.45838124,0.24625047,0.23538545,0.09381667,-0.016283965,0.15363143,-0.09497952,-0.03749723,0.04792129,-0.031155538,-0.11600735,-0.04427216,0.0026675053,0.12796038,0.011939542,-0.0007625995,0.0045800684,85.431114
25694.941,-0.23817442,0.036512405,0.72674054,0.20187117,-0.22314394,0.08818528,-0.11594208,0.05557595,0.21140006,-0.079193026,0.4268099,-0.45860127,0.25064498,0.23850755,0.09087276,-0.016338106,0.1565247,-0.09436935,-0.039658602,0.047134336,-0.03234408,-0.11652379,-0.04333469,0.0039691366,0.12804927,0.012741416,0.00026294915,0.0036209982,85.79678
25733.262,-0.23974372,0.0379215,0.72644085,0.19626875,-0.22117841,0.08809919,-0.12166177,0.06079598,0.20715444,-0.0792597,0.42899987,-0.45904315,0.2503802,0.23613635,0.093970835,-0.015073134,0.15514034,-0.094029665,-0.03997912,0.045015253,-0.032484125,-0.11606273,-0.042269256,0.0034144109,0.12772949,0.011493442,0.00054860115,0.0046098554,83.95347
25771.371,-0.23903233,0.030391626,0.72758347,0.20113866,-0.22238119,0.08664664,-0.119541444,0.061994698,0.20875779,-0.08136043,0.42491597,-0.45739627,0.24904498,0.2377919,0.09436473,-0.017566882,0.1561465,-0.093455136,-0.03965421,0.046331838,-0.031593695,-0.11722431,-0.044754155,0.0015262519,0.12689383,0.010372467,-0.0013088612,0.004238806,84.2782
25734.621,-0.23376238,0.03234175,0.72552484,0.19692618,-0.22386721,0.08693329,-0.11558593,0.05847015,0.21030733,-0.07594605,0.42412192,-0.45625603,0.24719922,0.23498873,0.092392474,-0.01547176,0.15550134,-0.094227426,-0.038747523,0.04708373,-0.03205946,-0.11701959,-0.043299053,0.0027117603,0.12939253,0.0108788675,0.0007065204,0.0043888343,84.844696
25757.023,-0.23840679,0.033136927,0.73044854,0.19772086,-0.22179303,0.08887028,-0.11756517,0.057218306,0.20856005,-0.07860451,0.426695,-0.45715004,0.2467197,0.23491147,0.09365476,-0.016649809,0.15366046,-0.093917854,-0.04041258,0.045980938,-0.03251589,-0.11553044,-0.04324511,0.0026353127,0.12776862,0.012126829,0.0002413271,0.0037092513,85.19779
25722.229,-0.2391261,0.036670532,0.7246775,0.19917437,-0.2221808,0.08858043,-0.11952919,0.056529313,0.20816737,-0.07742146,0.42797497,-0.458023,0.2500132,0.23420027,0.092999615,-0.018950023,0.15349106,-0.09520105,-0.039334714,0.048374645,-0.029901467,-0.11681178,-0.041997332,0.0036126995,0.12809119,0.012910486,-0.00047633145,0.0045499685,85.11136
25771.805,-0.24298033,0.031800523,0.729479,0.20171158,-0.22087498,0.08588398,-0.119211406,0.06314994,0.20770149,-0.08065601,0.42753497,-0.45684153,0.24980448,0.23414946,0.091292515,-0.017850922,0.15747695,-0.094421074,-0.04137519,0.04728952,-0.03266135,-0.11770717,-0.044719297,0.0008856138,0.12595946,0.008536172,-0.0028774673,0.003994674,83.46262
25746.867,-0.23892537,0.028065555,0.72972906,0.20021339,-0.2248065,0.08688499,-0.117529966,0.062185057,0.20995931,-0.083425984,0.42691064,-0.4582113,0.25309896,0.23622479,0.09008706,-0.018441368,0.1562118,-0.09371649,-0.04188941,0.046623632,-0.03181714,-0.1167849,-0.044569857,0.0015425566,0.1272182,0.009438103,-0.0017627077,0.003800501,84.35774
25736.062,-0.23668332,0.031111537,0.7260865,0.20083885,-0.2236173,0.08615938,-0.11826263,0.060691696,0.20784952,-0.08001108,0.4264785,-0.45741752,0.24898493,0.23520625,0.09158049,-0.017021637,0.15648778,-0.09381195,-0.040183216,0.045986857,-0.031769503,-0.11648504,-0.04433932,0.0017104726,0.12860647,0.009838995,-0.00069850404,0.0041682404,84.29997
25747.592,-0.24337466,0.030621607,0.72951365,0.201488,-0.22127368,0.08783033,-0.11894976,0.061589476,0.21074195,-0.08093482,0.4267155,-0.4579567,0.2524217,0.23728968,0.09060132,-0.018452434,0.15752606,-0.094047956,-0.041399617,0.047395825,-0.0317311,-0.11726268,-0.04448638,0.002104903,0.1259994,0.008693657,-0.002023506,0.0042953826,84.02172
25750.188,-0.23495905,0.029595941,0.725431,0.2000598,-0.22521193,0.08611403,-0.121650934,0.06264081,0.20985152,-0.082080185,0.42534846,-0.45943883,0.25036153,0.23618169,0.09275695,-0.017823838,0.15632823,-0.093553774,-0.040431816,0.045920834,-0.031359456,-0.116221696,-0.04461759,0.0022208798,0.12773149,0.010748607,-5.4155484e-05,0.004185913,84.61638
25751.438,-0.2378321,0.02843871,0.72930133,0.20138563,-0.22301856,0.087464064,-0.116288185,0.0608297,0.20795324,-0.08019731,0.4258901,-0.45829055,0.2490699,0.23563974,0.09337166,-0.016129274,0.15538429,-0.09406296,-0.039760184,0.047411196,-0.031499498,-0.11744707,-0.044046935,0.002416843,0.12746534,0.010048639,-0.0012964718,0.0036606847,85.321396
25791.059,-0.23445314,0.03293942,0.7308918,0.19866997,-0.22416472,0.08686739,-0.11730727,0.058766637,0.20674083,-0.079405025,0.42370695,-0.4558531,0.2458531,0.23351559,0.093334265,-0.016326226,0.15659921,-0.09555965,-0.040118467,0.046792515,-0.03068304,-0.11573622,-0.045004115,0.00046150113,0.12805223,0.010650451,-0.0012965323,0.0036411348,84.71314
25767.94,-0.23901717,0.03166202,0.7292003,0.20290446,-0.22289743,0.08452694,-0.11776381,0.060386702,0.21024281,-0.08054231,0.42587504,-0.45581204,0.24851254,0.23508984,0.091842525,-0.01794005,0.1570258,-0.09594011,-0.039476145,0.047772508,-0.0329516,-0.11627103,-0.04591854,0.0007914259,0.12829885,0.009492039,-0.0008696187,0.0032379306,84.52285
25788.553,-0.23863468,0.032805756,0.7266616,0.19806053,-0.22422022,0.08869178,-0.11931863,0.060973115,0.20712753,-0.07897167,0.42470428,-0.45613706,0.24813643,0.23224038,0.09301366,-0.018122988,0.15425056,-0.09601242,-0.03932762,0.04848864,-0.030214047,-0.1161122,-0.043722387,0.0017661396,0.12755542,0.010831504,-0.0010263762,0.004254001,85.064575
25778.06,-0.23630737,0.02799499,0.72947294,0.20145398,-0.2246005,0.08517917,-0.11876318,0.062019322,0.21088901,-0.08274374,0.42429233,-0.45867074,0.24935964,0.2367152,0.09174347,-0.018989135,0.15755811,-0.094379984,-0.040401917,0.046322256,-0.03399561,-0.11625509,-0.046729885,0.00011406379,0.12671927,0.009639648,-0.0012316285,0.003376683,84.392105
25737.84,-0.23941375,0.029184576,0.72814506,0.20199293,-0.2215047,0.08656472,-0.12118866,0.060936857,0.21001193,-0.082128435,0.4266255,-0.4586194,0.25187126,0.23791905,0.09216078,-0.020243092,0.15619864,-0.09492726,-0.039023805,0.047558248,-0.03149348,-0.11635432,-0.044401903,0.0023227078,0.12688304,0.010312726,-0.0012919661,0.003948503,84.60145
25749.535,-0.24281467,0.03255314,0.73141056,0.19937079,-0.22082898,0.09077098,-0.12013546,0.058453027,0.20922169,-0.079293996,0.42689535,-0.45819744,0.25085407,0.23731312,0.09248181,-0.018090185,0.15550311,-0.095318675,-0.039087377,0.047727834,-0.0309999,-0.11575007,-0.042905495,0.003511267,0.12635411,0.010768968,-0.001494389,0.00498687,84.788635
25732.75,-0.23570243,0.03289594,0.725392,0.1970295,-0.22671933,0.09214712,-0.116552494,0.054795183,0.21018873,-0.07626992,0.42530006,-0.4587043,0.2457831,0.23593584,0.09476011,-0.01646414,0.15026538,-0.09449604,-0.036645085,0.048454594,-0.029637404,-0.116128236,-0.04222924,0.004816537,0.12950921,0.014643845,0.0015954743,0.0050210548,86.56184
25714.543,-0.23896755,0.03645633,0.7271741,0.1979605,-0.22173679,0.08753625,-0.118797705,0.06028548,0.20853741,-0.078247055,0.42753053,-0.46067226,0.25258777,0.23670244,0.09383507,-0.016211383,0.1559789,-0.09546822,-0.03974645,0.047592547,-0.032532163,-0.117278494,-0.043415327,0.003414953,0.12741138,0.010872478,-0.0003968589,0.0039076414,84.447495
25765.053,-0.23740724,0.03751162,0.72725207,0.20139793,-0.22418039,0.08976269,-0.12158408,0.059916932,0.20869008,-0.07881901,0.42568865,-0.45698157,0.24740158,0.2357872,0.093682535,-0.016276073,0.15391903,-0.09525706,-0.038748875,0.046243217,-0.032076973,-0.114616,-0.044411328,0.0034173606,0.1283751,0.012042516,0.0005525858,0.0042030215,85.04004
25764.734,-0.23804931,0.033947714,0.7300897,0.19971421,-0.22189745,0.08766251,-0.12014062,0.061063793,0.20973016,-0.079335816,0.42487735,-0.45818818,0.24950816,0.23655851,0.09362989,-0.015884005,0.15653433,-0.09179847,-0.04015553,0.045918528,-0.031247467,-0.11700807,-0.04286742,0.0025135214,0.12694713,0.010771674,-0.00073540956,0.004695773,84.4763
25755.021,-0.24034561,0.030305488,0.72725254,0.19803984,-0.22499321,0.09069808,-0.11902451,0.05988852,0.20701142,-0.08144049,0.4273498,-0.45826417,0.24917552,0.23427667,0.09261316,-0.016003141,0.15383835,-0.09358832,-0.038776815,0.046437982,-0.03193345,-0.11619454,-0.042706292,0.0028617275,0.1284184,0.011751344,8.0417834e-05,0.00475544,85.15019
25766.295,-0.23975624,0.035774626,0.7285788,0.19900113,-0.22483899,0.08929038,-0.11849844,0.059076417,0.20784096,-0.078327164,0.42643797,-0.45837653,0.24685659,0.2346294,0.09313245,-0.014105771,0.15448427,-0.09356199,-0.038380217,0.04714031,-0.03089754,-0.11661548,-0.04288251,0.0033887948,0.12809132,0.012514907,-9.543729e-05,0.0051345117,84.955986
25748.688,-0.23644873,0.0305505,0.72708255,0.19853757,-0.22488631,0.08710936,-0.11954857,0.059552528,0.21105565,-0.0813388,0.42640933,-0.45990396,0.25046578,0.23753408,0.09343698,-0.01766272,0.15509948,-0.09251838,-0.03911512,0.046559844,-0.03199029,-0.1162885,-0.043030117,0.0026867716,0.12756743,0.011551693,0.00013758056,0.0035743588,85.064354
25770.908,-0.23816781,0.02982211,0.72932804,0.20056973,-0.22311072,0.08536905,-0.119681686,0.062117845,0.21025904,-0.08228677,0.4254524,-0.45602617,0.24979183,0.23408327,0.090542525,-0.018165013,0.15697964,-0.09352114,-0.040419526,0.046519216,-0.03162172,-0.1159743,-0.04347463,0.0012014252,0.12760833,0.009537978,-0.00093516987,0.0038070113,84.58561
25780.645,-0.24490964,0.02921054,0.7303265,0.19982414,-0.22132444,0.08474026,-0.11936529,0.06359702,0.20688683,-0.08102785,0.42792702,-0.4577969,0.24843442,0.23412731,0.09314364,-0.019372988,0.15446095,-0.09567144,-0.041113384,0.047277253,-0.032356836,-0.116881385,-0.045235734,0.0010028514,0.12616456,0.009335312,-0.002021579,0.004288401,84.00009
25794.676,-0.23897153,0.025696129,0.72943527,0.20125619,-0.22197331,0.08777756,-0.117505096,0.06122386,0.20743501,-0.08090531,0.4234274,-0.45603174,0.24675286,0.2344865,0.09274242,-0.019200172,0.15609972,-0.095531285,-0.038440056,0.047699794,-0.031918976,-0.11608232,-0.045300327,-2.352515e-05,0.12725736,0.010220375,-0.0020007147,0.004614036,84.649025
25775.96,-0.24232563,0.034510918,0.72844005,0.19851027,-0.22065698,0.08719697,-0.120644115,0.061996885,0.20680575,-0.079697445,0.42763102,-0.4561049,0.24873218,0.23447278,0.0941781,-0.016900783,0.15545812,-0.095041506,-0.039357875,0.047078867,-0.03245112,-0.11714495,-0.043382768,0.0012466316,0.12737316,0.009786962,-0.00127842,0.0040972447,83.728485
25744.508,-0.23670928,0.03489948,0.72759604,0.20082875,-0.22591431,0.085681304,-0.11893105,0.061845943,0.20653388,-0.0826418,0.42838326,-0.45828947,0.24920681,0.23522398,0.09266079,-0.017555615,0.15545203,-0.09360688,-0.041195538,0.045214977,-0.031104662,-0.11570353,-0.04495216,0.00070965016,0.12820537,0.010362644,-0.0016396604,0.00342684,84.14446
25721.73,-0.23957212,0.033371996,0.7306415,0.20095386,-0.22065514,0.0908268,-0.11752393,0.058224965,0.21084724,-0.0799401,0.42550522,-0.45864877,0.25128463,0.2388672,0.09091191,-0.0169734,0.15681598,-0.09435076,-0.039606668,0.04678488,-0.032079868,-0.116105564,-0.043888744,0.0033326908,0.12683032,0.011215999,-0.0011173142,0.004541181,84.77462
25744.016,-0.24034092,0.03271317,0.72913796,0.20348111,-0.22295845,0.087535426,-0.1190801,0.060740158,0.21091299,-0.0835028,0.42802635,-0.4595627,0.25188553,0.23793842,0.092339955,-0.018020578,0.15755384,-0.094416045,-0.040456224,0.04676071,-0.0324273,-0.11688062,-0.04502752,0.0010682065,0.12688175,0.010287079,-0.0022745272,0.003353425,84.13642
25772.588,-0.23662303,0.033429354,0.72947985,0.19732408,-0.22198091,0.08988646,-0.11916617,0.057455253,0.20942421,-0.07735206,0.4243848,-0.45557496,0.24870223,0.23468046,0.09283471,-0.015536087,0.15605399,-0.09427468,-0.039136525,0.047578502,-0.03152895,-0.1162324,-0.04256088,0.0032079336,0.12780836,0.010860367,0.0004405491,0.0039936183,85.12032
25759.922,-0.2434814,0.03139387,0.7245204,0.20040573,-0.22429849,0.08352127,-0.12083614,0.063763894,0.20531116,-0.08290236,0.42988634,-0.4574957,0.2497388,0.23337789,0.09174475,-0.020531451,0.15508206,-0.094711855,-0.041104853,0.047149792,-0.031105135,-0.11674465,-0.044692405,0.00030770205,0.1267677,0.009568961,-0.0019188579,0.0043273238,83.89899
25765.879,-0.24210486,0.03006661,0.72958034,0.19928417,-0.22123559,0.08760694,-0.118934974,0.059939392,0.20979615,-0.08036437,0.4273249,-0.45865905,0.24939893,0.23673423,0.0934219,-0.018122008,0.15472002,-0.095094725,-0.04001851,0.047682323,-0.03314765,-0.11691905,-0.043903124,0.0014439104,0.1264962,0.009668693,-0.0014834655,0.0039956016,84.25547
25772.408,-0.23700628,0.029972779,0.72681606,0.19989529,-0.2208469,0.091121815,-0.11831139,0.058381096,0.20843896,-0.07659301,0.4238832,-0.45629457,0.24631886,0.23467465,0.09459676,-0.01666428,0.1530785,-0.095824346,-0.038135275,0.04844028,-0.032890312,-0.11678725,-0.04351398,0.002459623,0.12801757,0.011767117,1.6640866e-05,0.004652384,85.28445
25779.969,-0.2428889,0.026460268,0.72934335,0.20298316,-0.22292502,0.0856163,-0.11984209,0.063184194,0.20990935,-0.08392555,0.4274731,-0.45836234,0.2503422,0.2369125,0.090924226,-0.019489726,0.15691942,-0.09577286,-0.04102103,0.047341175,-0.033147335,-0.11637902,-0.04676103,0.00080024597,0.12568288,0.009012746,-0.0021564206,0.0036142566,84.2778
25697.486,-0.23994236,0.03621257,0.72406286,0.20227829,-0.22429836,0.09141046,-0.1182193,0.059551388,0.21124828,-0.07952023,0.4279863,-0.4591458,0.25158808,0.23768805,0.09251776,-0.016835298,0.1535277,-0.09343507,-0.039978515,0.046563443,-0.032927297,-0.1170626,-0.04355387,0.00438917,0.12789413,0.012066599,0.0003349837,0.004198084,85.435356
25784.07,-0.24065731,0.02745213,0.7312718,0.20233908,-0.22408034,0.08747078,-0.11628942,0.060481925,0.20967332,-0.08332245,0.42664763,-0.45704523,0.2492125,0.23656288,0.091170095,-0.016993618,0.15603353,-0.09459033,-0.041365173,0.046804145,-0.03332902,-0.116783075,-0.045878496,0.00036625197,0.12698248,0.008958077,-0.0016852347,0.0031145068,84.77077
25755.871,-0.24192168,0.030405868,0.732011,0.2002227,-0.22186594,0.08692506,-0.120149955,0.060887072,0.20882016,-0.08142516,0.4279163,-0.45824367,0.25017056,0.23557475,0.090889126,-0.018856347,0.15714343,-0.09351388,-0.04101292,0.046833638,-0.030753413,-0.11593076,-0.043785855,0.0020905435,0.12587455,0.009818866,-0.0020216415,0.004222797,83.97074
25753.982,-0.2389347,0.034272067,0.72392786,0.19903594,-0.22480105,0.08601878,-0.119060464,0.06302541,0.20529215,-0.08194453,0.42704,-0.45737886,0.25105333,0.23322178,0.091749735,-0.017639477,0.15471467,-0.0946179,-0.04100435,0.04618223,-0.031777762,-0.116700046,-0.043882906,0.0015206719,0.12800011,0.010899661,-0.00057201646,0.004159271,84.756325
25742.832,-0.24108593,0.034059767,0.72558165,0.20022751,-0.22149839,0.08947344,-0.11864167,0.05941901,0.20629162,-0.0784967,0.42680746,-0.45637167,0.2473193,0.23540716,0.093372315,-0.01497245,0.1539035,-0.094664276,-0.036917064,0.04743428,-0.031222353,-0.11687598,-0.041097965,0.0035349766,0.12828788,0.01196032,-0.00021714158,0.0052662976,85.31557
25823.506,-0.240374,0.030629724,0.7318057,0.19811192,-0.2219594,0.09051164,-0.118753,0.058044504,0.20823796,-0.077877946,0.42474502,-0.4547163,0.24376477,0.23309226,0.09417211,-0.014513202,0.15516081,-0.094231606,-0.038602147,0.047275465,-0.031008268,-0.11603536,-0.042600702,0.0018082294,0.12750818,0.0106625315,-0.0006769048,0.0045989617,84.73589
25732.967,-0.23885842,0.040385764,0.7299577,0.19758773,-0.22248152,0.0907174,-0.12035767,0.05966483,0.20979464,-0.080255404,0.42754275,-0.46035093,0.25146133,0.2371379,0.09385394,-0.015619305,0.15716666,-0.093510926,-0.039790735,0.04552886,-0.03193473,-0.11569787,-0.04275664,0.0018791491,0.12737127,0.011924453,-0.0008795541,0.0046830233,84.09532
25801.045,-0.24476591,0.029975131,0.73298377,0.19950704,-0.2236336,0.08644862,-0.119456545,0.06515531,0.20743074,-0.08239107,0.4266755,-0.45742217,0.24888852,0.23536204,0.092309326,-0.017782513,0.15630287,-0.09387187,-0.040946398,0.04658825,-0.031648695,-0.11649333,-0.04463594,0.00022048882,0.12566225,0.008280603,-0.002871858,0.00471108,83.60457
25758.041,-0.2330174,0.033350203,0.72488785,0.19934998,-0.22783132,0.08593787,-0.1207818,0.06340274,0.20785396,-0.08313982,0.42543086,-0.45823434,0.25029227,0.2344784,0.09252166,-0.016485536,0.15522401,-0.09312623,-0.04084531,0.04436733,-0.03317355,-0.11563728,-0.044527605,0.0011618803,0.1290246,0.01064759,0.0009321724,0.0035370302,84.60468
25777.451,-0.23844568,0.034800135,0.7291291,0.1991286,-0.22491872,0.08558735,-0.1200331,0.06083462,0.20995522,-0.080270216,0.42656362,-0.456775,0.24777208,0.23341423,0.09235207,-0.017713813,0.15473953,-0.09533504,-0.03967503,0.046781596,-0.031689048,-0.1151233,-0.044202276,0.0015029577,0.12846349,0.01095792,0.00019984227,0.0039051243,84.39731
25754.248,-0.2393589,0.03213023,0.72593,0.19924924,-0.22521666,0.08900927,-0.11794011,0.057536274,0.20778444,-0.07977316,0.4267586,-0.45873767,0.24666986,0.23325723,0.09262159,-0.018847516,0.15238495,-0.09446289,-0.03860914,0.047767963,-0.031095397,-0.115756854,-0.04345398,0.0021888693,0.12830363,0.012934923,-0.00020893943,0.004475885,85.50681
25790.068,-0.24118689,0.0333644,0.73040944,0.20003949,-0.22311537,0.090314865,-0.1185141,0.059191167,0.20616929,-0.07973079,0.4273402,-0.45641443,0.24694431,0.23328954,0.093156785,-0.016419742,0.15613902,-0.09451031,-0.03955714,0.04724834,-0.03115838,-0.11597188,-0.04403649,0.0012472095,0.12709694,0.009985986,-0.002184758,0.003923243,84.313
25757.342,-0.2331989,0.03412358,0.7276849,0.19886012,-0.22471052,0.0883189,-0.11854079,0.060232136,0.20859212,-0.07891729,0.42515594,-0.4567045,0.24771148,0.23377019,0.092989504,-0.017987672,0.15439495,-0.09435998,-0.039400827,0.046502523,-0.031831864,-0.115517125,-0.0440816,0.0012226836,0.12850031,0.01106491,-0.0006584283,0.0037358087,84.46165
25774.104,-0.24092117,0.026043497,0.72789943,0.20196855,-0.22353944,0.08856441,-0.11790504,0.06325324,0.20734552,-0.08155297,0.42582044,-0.45584193,0.24833709,0.23420073,0.09152534,-0.016562527,0.15484174,-0.09457644,-0.03910327,0.047252722,-0.032823186,-0.116618805,-0.044033375,0.0020696023,0.12764513,0.0095623955,-0.0006911559,0.004316074,85.14849
25759.66,-0.23670112,0.02916912,0.7292644,0.19753398,-0.22306384,0.0871583,-0.11607893,0.060058784,0.2081779,-0.07851985,0.42496523,-0.45757097,0.2481125,0.23571904,0.09457781,-0.016002769,0.15446132,-0.09448578,-0.039115135,0.047583494,-0.03170808,-0.11721693,-0.04293089,0.0026521985,0.12755537,0.010404236,-0.0004510982,0.003418046,85.353775
25788.428,-0.23538718,0.030491771,0.7266193,0.20052622,-0.22952546,0.08731349,-0.11845651,0.062071357,0.2083972,-0.08155926,0.42455548,-0.45814693,0.24732141,0.23560314,0.09339982,-0.016559822,0.15521203,-0.09434705,-0.039962117,0.046584178,-0.032368675,-0.116020806,-0.04698925,0.0013793749,0.12799516,0.010710773,0.00015490036,0.0032353161,85.1542
25755.04,-0.24489696,0.025490005,0.7314526,0.20186491,-0.22104096,0.08397999,-0.11673967,0.06151661,0.2099717,-0.08263495,0.42863834,-0.45926803,0.2500791,0.23776853,0.09131677,-0.018390058,0.15599826,-0.095242105,-0.040227674,0.04815046,-0.033885583,-0.11785357,-0.044485416,0.0009978497,0.12582606,0.008743618,-0.0020462824,0.0035397096,84.38856
25740.816,-0.2388869,0.03462575,0.7269104,0.19968858,-0.22716394,0.08577831,-0.11975129,0.062277667,0.20815377,-0.08308431,0.4272884,-0.46053094,0.25083753,0.23642348,0.09237862,-0.018345231,0.15580466,-0.09443516,-0.040316857,0.046052277,-0.031746842,-0.11580933,-0.04490436,0.0013939291,0.12736411,0.010836207,-0.0007736329,0.003940143,84.49544
25784.604,-0.23760341,0.03419475,0.72611326,0.19881225,-0.22593288,0.087472044,-0.117127694,0.05839207,0.20397748,-0.07949406,0.42651194,-0.45659983,0.24484625,0.2315224,0.093094975,-0.016636662,0.15348695,-0.095404804,-0.038466074,0.047395986,-0.030757064,-0.115378305,-0.043573175,0.00090686005,0.12903725,0.012574406,-0.00048087444,0.004116283,85.4272
25750.865,-0.2444737,0.029945761,0.72932297,0.20322351,-0.22192316,0.08260778,-0.11931007,0.06337182,0.20877053,-0.08410614,0.428954,-0.45715877,0.2517834,0.2360013,0.09025661,-0.0201591,0.15726669,-0.09468538,-0.041609723,0.047242794,-0.03236282,-0.11748192,-0.045234025,-9.4270275e-05,0.12669928,0.008433713,-0.002890625,0.0038872722,83.696945
25769.916,-0.23550296,0.03447251,0.7307186,0.19701225,-0.22220664,0.09057701,-0.11871147,0.056128893,0.2081215,-0.077640414,0.4247491,-0.45789912,0.24644467,0.23368275,0.09484261,-0.01685097,0.1543191,-0.09478641,-0.03941103,0.047574386,-0.03108497,-0.1160422,-0.042421725,0.0016777581,0.12764305,0.01313532,-0.000587157,0.0042770784,84.977585
25752.523,-0.24240378,0.031194715,0.73228043,0.19965532,-0.21795475,0.0877552,-0.11673044,0.05964264,0.21065524,-0.078541294,0.42463616,-0.4573199,0.2502343,0.23871514,0.092297494,-0.015708806,0.15830454,-0.09401144,-0.039754383,0.046807002,-0.03254725,-0.11733573,-0.043712363,0.002783178,0.12620322,0.009960313,-0.0011136439,0.0047965418,84.464455
25785.223,-0.23648776,0.033402767,0.7279073,0.1982582,-0.22701761,0.09014082,-0.120672934,0.0618856,0.20818213,-0.08025307,0.4240405,-0.457343,0.2482392,0.23386295,0.094129644,-0.017654698,0.15360402,-0.094862,-0.03892454,0.047121894,-0.031655937,-0.11542326,-0.04376524,0.0016844319,0.12800562,0.0116000185,-0.0002432121,0.00458815,84.988525
25739.385,-0.23273882,0.03394888,0.72860175,0.19485559,-0.22363614,0.08970098,-0.11608799,0.0553196,0.20862731,-0.07634611,0.42360914,-0.4605735,0.2478354,0.23795317,0.09530645,-0.014572691,0.1553752,-0.09461683,-0.03813412,0.047065243,-0.030807743,-0.11593871,-0.04245383,0.0040675015,0.12761518,0.013610718,0.0004329728,0.004217455,85.79362
25734.459,-0.23889425,0.033222955,0.72744644,0.202489,-0.22757912,0.08645832,-0.11847183,0.06252232,0.20911686,-0.082901575,0.4272913,-0.45839274,0.25134024,0.23849109,0.09178122,-0.016193153,0.1566074,-0.093272805,-0.039499506,0.046327464,-0.032302454,-0.11712283,-0.045073915,0.0024735983,0.12784182,0.010027069,-0.0011945954,0.0037455766,84.63135
25780.896,-0.23935156,0.030846773,0.72833383,0.19896242,-0.22108409,0.0875172,-0.12120061,0.06092629,0.20563781,-0.081155,0.42597225,-0.45638445,0.24965428,0.23381451,0.09286846,-0.019030118,0.1571703,-0.0944681,-0.039802708,0.046653148,-0.032557134,-0.116213836,-0.04408505,0.00079671066,0.12664002,0.010744835,-0.0014235694,0.0043341145,84.09168
25749.33,-0.23832011,0.03126646,0.7292968,0.19762768,-0.22215839,0.08950112,-0.1172777,0.05822015,0.20801333,-0.07867931,0.42486843,-0.45734423,0.24876608,0.2357964,0.09318288,-0.01873939,0.15480208,-0.09521129,-0.039980404,0.047699407,-0.029921541,-0.11603295,-0.043460537,0.0020951238,0.12710625,0.010761274,-0.001584949,0.0042926525,84.9681
25747.324,-0.23747505,0.029806685,0.72837937,0.20212506,-0.2205808,0.08746511,-0.12041805,0.06180032,0.20915319,-0.08017512,0.4243156,-0.45717394,0.2505574,0.2377624,0.09316674,-0.017996782,0.15704374,-0.093266785,-0.04012703,0.046190336,-0.030829122,-0.11680226,-0.04476883,0.0029031658,0.1270495,0.009949904,-0.0011741705,0.0043470496,84.521126
25731.875,-0.24266513,0.035657376,0.72707325,0.20071524,-0.22055657,0.08937069,-0.11882652,0.05838623,0.2112851,-0.07676925,0.42722815,-0.4572276,0.247339,0.23642851,0.09282724,-0.016639886,0.15428546,-0.094380654,-0.03720532,0.047765624,-0.033020206,-0.11592207,-0.042871203,0.0039764387,0.12789692,0.01192897,0.00076854415,0.004701276,85.146454
25753.506,-0.23771882,0.029507874,0.73036236,0.2026059,-0.22366461,0.08775009,-0.120076835,0.06143328,0.21200769,-0.08267447,0.424343,-0.45840904,0.250869,0.2383675,0.0907152,-0.01843859,0.15780085,-0.09448588,-0.038846374,0.046476528,-0.03357773,-0.115754396,-0.04543268,0.0018462753,0.12709035,0.010358221,-0.0008419752,0.0040738094,84.42276
25773.38,-0.24213164,0.033253305,0.72848153,0.19910179,-0.22179453,0.081936695,-0.1226579,0.064800315,0.20848548,-0.08178879,0.42717555,-0.4581516,0.24970624,0.23520167,0.092996754,-0.019378278,0.15687127,-0.09481984,-0.04062086,0.046173647,-0.031680353,-0.116024606,-0.04471462,0.00059980905,0.12681425,0.009106767,-0.0011179894,0.0044279434,83.46509
25756.465,-0.23807305,0.03223378,0.72341204,0.19790775,-0.22532804,0.086263105,-0.12038198,0.06132802,0.20884128,-0.07820792,0.42553702,-0.45813605,0.24650148,0.23444371,0.09336495,-0.017667923,0.15190043,-0.09650035,-0.037911788,0.04826129,-0.033226617,-0.11627079,-0.043230884,0.0022055376,0.12884721,0.0122216,0.0010682526,0.0050667054,84.96586
25743.799,-0.24067853,0.0367053,0.7259549,0.20235422,-0.22078575,0.08721103,-0.12174352,0.060201313,0.20957589,-0.07925499,0.42678154,-0.4559946,0.24967155,0.23523441,0.09343204,-0.019480513,0.15529071,-0.09563328,-0.03881096,0.047674194,-0.031930685,-0.11632047,-0.04399808,0.0017911955,0.12821661,0.01097249,-0.00071314815,0.0045456826,84.246796
25798.75,-0.24248587,0.032271273,0.7265633,0.20107561,-0.22264798,0.08944637,-0.12254295,0.0643805,0.20329157,-0.08071217,0.42675397,-0.4552285,0.24607123,0.23232196,0.09382406,-0.016292453,0.15341605,-0.093910925,-0.039676342,0.04589615,-0.03171508,-0.11630082,-0.042777747,0.0017534951,0.12717468,0.010896746,-0.0012156246,0.005360754,84.38557
25790.816,-0.24219477,0.029588401,0.7269741,0.1980783,-0.2237626,0.08782251,-0.12188479,0.060768478,0.20792334,-0.07936986,0.42663103,-0.45663565,0.24712558,0.23382725,0.09203169,-0.018970663,0.15386873,-0.09607621,-0.038599934,0.047557406,-0.03245551,-0.115027286,-0.044379115,0.002241197,0.1275953,0.010253292,-3.4002644e-06,0.004970229,84.42966
25753.568,-0.23719208,0.03414043,0.7315706,0.20167087,-0.22463086,0.08864907,-0.11555211,0.056212466,0.20986508,-0.08076973,0.4253803,-0.45774087,0.24728423,0.2368289,0.09207636,-0.015992703,0.1562702,-0.09388782,-0.0393508,0.046847336,-0.03113829,-0.116204664,-0.044907942,0.0014236267,0.128353,0.0127030825,-0.00078843907,0.004057482,85.19231
25762.73,-0.23792025,0.029822636,0.72798496,0.20155632,-0.22541258,0.08799596,-0.11782829,0.063329004,0.20780307,-0.0825373,0.42572954,-0.45673025,0.24986248,0.2357687,0.09189459,-0.01603816,0.15740956,-0.09313779,-0.04101443,0.045498375,-0.033098843,-0.11705874,-0.04582064,0.0010286947,0.12748785,0.009066904,-0.001495569,0.003806031,84.36825
25757.139,-0.23376217,0.03298301,0.7272588,0.2007556,-0.22452903,0.09179947,-0.119388305,0.05755871,0.20838115,-0.0785161,0.4248354,-0.45670125,0.24677114,0.2344226,0.093586676,-0.015384345,0.15464553,-0.095523134,-0.038951393,0.04702534,-0.030676547,-0.115321964,-0.044303555,0.0029065516,0.12900352,0.012247509,-7.964858e-05,0.0045231828,85.395836
25712.465,-0.24134293,0.032863807,0.72833997,0.20185372,-0.22309513,0.08611926,-0.1168286,0.059695587,0.21235444,-0.08052285,0.42826173,-0.4596303,0.2501093,0.23824449,0.09198926,-0.016982656,0.15529692,-0.09505625,-0.03867847,0.04758209,-0.034289956,-0.1170598,-0.044197083,0.0028893803,0.12767705,0.010600264,0.0001444351,0.0034088378,84.90006
25735.406,-0.23790129,0.033831697,0.72536284,0.19972704,-0.2237912,0.08936979,-0.1209604,0.06264915,0.20668831,-0.08091323,0.426794,-0.45749247,0.25271985,0.23542868,0.09252737,-0.016741393,0.15499853,-0.09293685,-0.040798295,0.045937527,-0.030496832,-0.1171212,-0.041773874,0.003155178,0.12753624,0.010600521,-0.0010728799,0.0049868114,84.55273
25726.174,-0.23749009,0.034320187,0.7322153,0.1997831,-0.22277415,0.09014127,-0.11493781,0.055359405,0.21153496,-0.08013137,0.42571428,-0.45803568,0.25094196,0.23866051,0.09325853,-0.016749617,0.15613654,-0.09394035,-0.039804883,0.046722043,-0.031682547,-0.11638162,-0.044102773,0.002396889,0.12813587,0.011783239,-0.0005544871,0.0035898036,85.36714
25761.656,-0.23961551,0.03144867,0.7278091,0.19728968,-0.22030985,0.08695256,-0.121720165,0.06219387,0.20722668,-0.07909313,0.42643884,-0.45827213,0.25011623,0.23641501,0.095412984,-0.016686829,0.15445113,-0.09398813,-0.04032653,0.046389602,-0.033082735,-0.11742018,-0.043122876,0.0030199531,0.12669227,0.010451766,0.0001729941,0.0041630436,84.4669
25754.467,-0.23821579,0.034577537,0.72990614,0.1980102,-0.22286348,0.091039315,-0.11725086,0.05706847,0.20836417,-0.07526395,0.42446414,-0.45516405,0.24653628,0.23547557,0.093839504,-0.014824978,0.15452802,-0.09351481,-0.038501192,0.047483757,-0.02897972,-0.116458505,-0.04247891,0.0047443127,0.12836148,0.011661342,3.587454e-05,0.004999537,85.17814
25755.748,-0.22975935,0.03867755,0.72353923,0.19349226,-0.22737885,0.09140526,-0.11893756,0.057362404,0.2051608,-0.07544107,0.4237527,-0.45717984,0.24603522,0.23204948,0.09497814,-0.013751572,0.1525238,-0.094744496,-0.037805825,0.04629295,-0.031050494,-0.11572542,-0.041620858,0.0035818524,0.13030632,0.014100863,0.0018294733,0.0049731997,85.3784
25700.854,-0.2339141,0.040917967,0.72551346,0.19806574,-0.22393024,0.090381585,-0.12157183,0.0571812,0.20966235,-0.079014495,0.42730945,-0.45986474,0.25063163,0.235406,0.0934869,-0.016669562,0.15424635,-0.09196442,-0.038592443,0.04547565,-0.031518042,-0.115500234,-0.04038244,0.0035971159,0.12905005,0.0140378,0.0008725412,0.0046827267,84.90184
25738.049,-0.2366573,0.03506408,0.7294315,0.19608463,-0.22280325,0.089273445,-0.11550269,0.05544533,0.20916425,-0.077753924,0.42552033,-0.4581073,0.24807216,0.2357494,0.09307393,-0.014186666,0.15643914,-0.093044035,-0.037970405,0.046763916,-0.030528648,-0.11627187,-0.041414946,0.0028551226,0.12883039,0.012329886,0.0004284028,0.004467705,85.11692
25708.16,-0.22952421,0.039728757,0.7284209,0.19779284,-0.22689182,0.08610164,-0.1169103,0.056251116,0.21023114,-0.07780385,0.42470965,-0.4591871,0.24895008,0.23694979,0.09403207,-0.016339364,0.15667787,-0.09460257,-0.03802681,0.046454046,-0.030220307,-0.11516817,-0.043922216,0.0022974708,0.13015282,0.012708379,0.0004280056,0.003683301,84.96303
25751.71,-0.23654848,0.034047063,0.7281602,0.19922386,-0.22042112,0.08988472,-0.117335,0.056894097,0.21018437,-0.07828585,0.4251422,-0.4576974,0.24818182,0.23689763,0.09333615,-0.016095694,0.15676534,-0.09596336,-0.038188826,0.046868857,-0.033548787,-0.115440354,-0.044184633,0.002153921,0.12782814,0.0117595205,-0.00025348086,0.003914266,84.745705
25728.451,-0.24134968,0.031181311,0.72893,0.20173998,-0.21950167,0.08769336,-0.117308766,0.060955815,0.20894244,-0.07978855,0.42695674,-0.45892268,0.25103313,0.23825358,0.09278628,-0.01796653,0.15664724,-0.09483335,-0.039317597,0.047151864,-0.033603795,-0.11710171,-0.04491163,0.0027943747,0.12612113,0.010471228,-0.0017307485,0.0040091393,84.52599
25780.479,-0.2404703,0.03248271,0.72428364,0.19792047,-0.223116,0.09106789,-0.12134989,0.061704177,0.20666255,-0.07799876,0.4255938,-0.45629922,0.24627301,0.2335062,0.09455393,-0.015254831,0.15203632,-0.09604447,-0.03862556,0.047827654,-0.03127641,-0.11640019,-0.042463504,0.0030622887,0.1281146,0.0114452,0.00025664037,0.005465591,85.24379
25728.074,-0.23868193,0.034820657,0.728729,0.19907555,-0.22383273,0.08577779,-0.11592735,0.06143383,0.20705545,-0.07967045,0.4274339,-0.45933592,0.24999246,0.23591878,0.092434965,-0.016830187,0.15609707,-0.09449047,-0.040005885,0.04659745,-0.03268176,-0.11688504,-0.04503979,0.0017721611,0.1275455,0.01099318,-0.0010825256,0.0039937217,84.25667
25749.9,-0.23758322,0.029946078,0.72958875,0.1987061,-0.22697274,0.09077768,-0.1171263,0.057710014,0.20991582,-0.08015904,0.42685133,-0.45841217,0.24682322,0.2360369,0.09292895,-0.014403079,0.15387344,-0.09249647,-0.038947426,0.04701127,-0.030012233,-0.11648812,-0.042363115,0.0034362879,0.12858912,0.011925449,4.0935345e-05,0.0042324145,85.59623
25754.994,-0.24580668,0.02921018,0.7277183,0.20154095,-0.22249913,0.087015815,-0.11784565,0.060762133,0.20549607,-0.08168805,0.42977265,-0.45806593,0.24854386,0.23487476,0.09195122,-0.018298449,0.1549103,-0.09523634,-0.03924386,0.04811954,-0.032030206,-0.116730355,-0.043879986,0.0016924413,0.12632692,0.010119221,-0.0017973296,0.0041720266,84.941
25771.014,-0.2379807,0.033187382,0.726172,0.19988443,-0.2225274,0.08706278,-0.12188734,0.0638217,0.20759879,-0.08083475,0.42629784,-0.45760208,0.25005373,0.23440425,0.092730045,-0.017822899,0.15586713,-0.09403815,-0.040348947,0.046334494,-0.033303183,-0.11691295,-0.043985724,0.0006767959,0.12703475,0.010262007,-0.0017312318,0.0047843335,83.2722
25768.28,-0.24492864,0.028885266,0.72591615,0.2015621,-0.225714,0.08838473,-0.11930563,0.06190602,0.20664276,-0.08315725,0.4295315,-0.45798302,0.2477822,0.23417552,0.09239414,-0.018338984,0.15200122,-0.09472556,-0.039885055,0.047700536,-0.03153932,-0.11629264,-0.044315733,0.0014747083,0.12741464,0.01108835,-0.00087709446,0.004698124,85.46774
25746.361,-0.23883791,0.031660244,0.72934264,0.1998666,-0.2224111,0.090792134,-0.11538411,0.058379654,0.20876957,-0.078733936,0.42449188,-0.45854408,0.25006455,0.23662627,0.09274902,-0.016778555,0.15528327,-0.09390466,-0.038776476,0.047507007,-0.03214536,-0.11689483,-0.04342914,0.0035152812,0.12692437,0.0126077635,-0.0010044919,0.004422911,85.24517
25732.63,-0.23645632,0.032465532,0.7227745,0.20296657,-0.22631522,0.089471295,-0.11987093,0.060976494,0.20939183,-0.08069646,0.42563936,-0.458743,0.24841833,0.23824932,0.09370639,-0.017588247,0.15361789,-0.09255049,-0.038052637,0.046631526,-0.032360613,-0.11671544,-0.044467974,0.0031869113,0.12801687,0.012544456,-1.1942355e-05,0.004199911,85.58574
25782.621,-0.23709185,0.029296346,0.72925484,0.19759692,-0.22341694,0.08920277,-0.117882945,0.056897577,0.20825465,-0.078829266,0.425833,-0.4582742,0.24715772,0.23383278,0.09393555,-0.017718181,0.15419914,-0.0947795,-0.04039678,0.04815051,-0.03020728,-0.11663794,-0.0428529,0.001846517,0.12688573,0.011490851,-0.0012960648,0.0038189513,85.092476
25793.014,-0.23710604,0.027725037,0.72554016,0.20021838,-0.22745915,0.08616482,-0.12040144,0.06581868,0.2072755,-0.08192497,0.42390776,-0.45578307,0.24802156,0.23315474,0.09136887,-0.018116396,0.15423124,-0.09546999,-0.039774347,0.047108784,-0.032024994,-0.11598794,-0.045041077,0.0010805004,0.12802646,0.008844796,-0.00086508784,0.0042463415,84.743454
25769.984,-0.23857003,0.028272824,0.72477347,0.20169021,-0.22606434,0.08515244,-0.11982865,0.06380521,0.20849374,-0.08355033,0.42713198,-0.45829946,0.24905935,0.23430775,0.0917726,-0.019795649,0.15359174,-0.09425795,-0.040453527,0.047124498,-0.032505225,-0.11664036,-0.045150444,0.00036310597,0.12748358,0.0107025,-0.0012528393,0.0039898725,84.5066
25767.52,-0.2420274,0.027037162,0.7294853,0.20134479,-0.22302319,0.08675404,-0.120287895,0.06271683,0.20687121,-0.083614245,0.42740864,-0.4578289,0.25063437,0.23601364,0.09150179,-0.01874838,0.15554968,-0.093832076,-0.040148694,0.046603885,-0.031542465,-0.11655537,-0.043539073,0.0013024653,0.12658378,0.009031626,-0.0021518487,0.004364693,84.2994
25761.656,-0.24196525,0.032811485,0.72846204,0.20119274,-0.22431944,0.09007056,-0.117957205,0.06190664,0.20790179,-0.082099214,0.42713436,-0.45887205,0.24963783,0.23638836,0.09319622,-0.016062392,0.15593249,-0.09367113,-0.040451374,0.04660478,-0.032112554,-0.11678349,-0.04512279,0.0015976867,0.12682036,0.010331346,-0.0015693214,0.0037150485,84.80803
25766.6,-0.24197692,0.03012317,0.7297995,0.20011625,-0.2201907,0.085849956,-0.11738289,0.06136599,0.20911412,-0.07950312,0.42510137,-0.45584843,0.25060236,0.23540376,0.0914062,-0.018642625,0.15611571,-0.09545142,-0.04022748,0.04830395,-0.033095807,-0.11789297,-0.04451072,0.001867075,0.12652072,0.009265963,-0.0017178897,0.0039786124,84.23259
25745.334,-0.23818132,0.034656964,0.7251186,0.20069449,-0.2237192,0.08542929,-0.12099633,0.063810155,0.2103482,-0.081395395,0.42685443,-0.4570629,0.25227508,0.23601463,0.092265286,-0.017116288,0.15700082,-0.09301692,-0.039903585,0.046305325,-0.031723887,-0.11722906,-0.0431395,0.0023290063,0.12768434,0.009361431,-0.00067540724,0.0037387905,83.9227
25723.94,-0.23955378,0.036963984,0.7284725,0.20151028,-0.2197609,0.09128654,-0.118476234,0.056978792,0.20826587,-0.07706468,0.42638835,-0.4574143,0.2486059,0.23607653,0.0928172,-0.01590421,0.15696622,-0.09479968,-0.037949204,0.04787235,-0.031068986,-0.11637853,-0.043160297,0.0032586004,0.12787697,0.012141079,-0.0009935992,0.004779361,84.987144
25766.45,-0.23925859,0.03238332,0.7269224,0.20118448,-0.22576253,0.08641923,-0.11765751,0.06268666,0.2084696,-0.08173807,0.42602438,-0.45802674,0.2479059,0.23415442,0.091755465,-0.018427404,0.15527901,-0.094875686,-0.040164948,0.04728157,-0.03166069,-0.11569668,-0.044928752,0.00036793394,0.12718509,0.010573875,-0.0012164954,0.003922989,84.88764
25782.953,-0.23592561,0.03215695,0.7298715,0.19893906,-0.22335684,0.09014768,-0.11459334,0.056149572,0.20932646,-0.07691925,0.42441726,-0.45537493,0.24398078,0.23343922,0.093583114,-0.014938945,0.15470189,-0.09467907,-0.038157787,0.048096135,-0.03213154,-0.116409756,-0.043152552,0.0012535728,0.12876739,0.0120038,-0.00067925174,0.003934172,85.34682
25714.834,-0.23067936,0.036836483,0.7274502,0.2000213,-0.22370258,0.08835605,-0.11758597,0.05755747,0.21111059,-0.080775395,0.42468786,-0.46018985,0.2518325,0.23847364,0.09268269,-0.015382201,0.15873064,-0.09405736,-0.03857145,0.045608003,-0.032754518,-0.11558195,-0.044012703,0.0018081921,0.12889083,0.012292268,-6.8582654e-06,0.0036543384,84.87871
25801.951,-0.2419962,0.030046558,0.7303633,0.20084374,-0.22262092,0.087157674,-0.121004835,0.06378927,0.20786493,-0.08174476,0.42479122,-0.45743525,0.24902306,0.23648533,0.09192332,-0.017359594,0.15784004,-0.093417116,-0.039712664,0.04656237,-0.03236451,-0.11643026,-0.0449367,0.0011827145,0.12559795,0.009491287,-0.0020883512,0.004819676,83.7516
25756.846,-0.23994021,0.031323235,0.7315766,0.20254639,-0.22168466,0.088081904,-0.11854686,0.061023634,0.21171962,-0.081389405,0.42583254,-0.45866874,0.24958101,0.23738371,0.091358446,-0.017155135,0.15726669,-0.0938654,-0.03964769,0.047138218,-0.032931,-0.116568394,-0.044836078,0.0015177932,0.12666263,0.010144618,-0.0021378947,0.0039689397,84.275955
25755.309,-0.2342934,0.032624055,0.7273546,0.19957261,-0.22255445,0.08908718,-0.118914574,0.059029225,0.2090382,-0.07867451,0.4228079,-0.45577738,0.24960072,0.2353916,0.09385858,-0.0174164,0.15590884,-0.09508401,-0.03815507,0.04736739,-0.031029347,-0.11626313,-0.044111386,0.0022169715,0.12897491,0.011006754,-0.00020448677,0.004419176,85.11849
25745.586,-0.24391454,0.028548118,0.7282195,0.2004819,-0.21953107,0.087367274,-0.11928286,0.060303878,0.206919,-0.080136836,0.4273149,-0.45772752,0.24968079,0.23536365,0.091216736,-0.018426647,0.15531585,-0.096725635,-0.039440002,0.04831495,-0.032012653,-0.116866134,-0.042831756,0.002662805,0.12620018,0.01071182,-0.0013535833,0.0051579257,84.63875
25753.256,-0.2452535,0.033135388,0.73008084,0.198365,-0.21958582,0.08679031,-0.12079358,0.06053045,0.20909779,-0.07806788,0.42730927,-0.45687824,0.2490578,0.23765089,0.093378976,-0.017585507,0.15477811,-0.09495018,-0.039179385,0.047443517,-0.031429857,-0.11650326,-0.04280697,0.0037106052,0.12647258,0.009839086,-0.00037441123,0.0048107603,84.52466
25790.27,-0.24234767,0.035822038,0.7262931,0.19752926,-0.22482209,0.08642337,-0.12115825,0.06411369,0.20772018,-0.07931861,0.4269813,-0.45658088,0.24636099,0.23423685,0.09371885,-0.015471392,0.15485197,-0.094556056,-0.038894992,0.04651759,-0.032711565,-0.11649554,-0.043704335,0.0012785434,0.12783736,0.009518166,-0.00035801996,0.0048065134,83.64031
25776.844,-0.23927996,0.029121473,0.7317369,0.2013209,-0.2263524,0.08846761,-0.11727829,0.062567174,0.20963034,-0.083183184,0.4261914,-0.45773038,0.25046122,0.23710072,0.09105214,-0.015714997,0.15726042,-0.09302971,-0.041017015,0.046087984,-0.03195206,-0.11645279,-0.044877768,0.0016426542,0.12664391,0.008866166,-0.0022641765,0.003618983,84.34215
25766.373,-0.23722872,0.032154262,0.7287473,0.19992208,-0.2220094,0.087664634,-0.11864325,0.06119006,0.20807377,-0.078481734,0.4249149,-0.4573784,0.2460814,0.23625913,0.093951836,-0.015739601,0.15501407,-0.094409,-0.03890176,0.04607525,-0.03367313,-0.1163083,-0.044379428,0.0017863112,0.12763277,0.011244427,-0.00026947167,0.004429788,84.13019
25749.615,-0.23899612,0.03190688,0.733063,0.19875225,-0.21754852,0.090825275,-0.1183224,0.058978595,0.21049882,-0.07756341,0.42396381,-0.45617977,0.25094923,0.23769024,0.09234389,-0.015987188,0.15736488,-0.093275435,-0.039742794,0.046280142,-0.033107977,-0.11696206,-0.042419195,0.0036886125,0.1264103,0.00987511,-0.0012380248,0.0043795477,84.13862
25779.623,-0.2433436,0.034234494,0.7235845,0.20213442,-0.22461691,0.086126216,-0.12021072,0.06297352,0.20621206,-0.08161718,0.4283439,-0.45604518,0.24686351,0.23221618,0.091764376,-0.01727965,0.15467231,-0.094169036,-0.03986166,0.047016528,-0.03107335,-0.116715364,-0.04384106,0.001225763,0.1276393,0.010912604,-0.0010625953,0.0045813867,84.605965
25748.81,-0.23519449,0.028203256,0.72838306,0.20068106,-0.22774993,0.08531714,-0.115444064,0.060212206,0.21285136,-0.082932234,0.4249018,-0.45942506,0.2507613,0.23705454,0.0904293,-0.018525291,0.15687346,-0.09480036,-0.039342206,0.04725689,-0.032398432,-0.11596042,-0.04551107,0.0011422439,0.1282938,0.0105473865,-0.0005384777,0.0030956443,85.006744
25766.467,-0.24195659,0.027961094,0.7292226,0.1998891,-0.22188456,0.08484992,-0.117873974,0.061849065,0.21055147,-0.08044216,0.42717412,-0.45716736,0.2492156,0.23613134,0.09165207,-0.01744677,0.15729406,-0.09571503,-0.040971626,0.047900114,-0.03244485,-0.117125854,-0.044758167,0.0010607261,0.12648948,0.008173979,-0.0017127702,0.0038033628,83.9766
25765.357,-0.23604067,0.029981826,0.729599,0.20106858,-0.22373442,0.09089032,-0.115480244,0.057872012,0.20738709,-0.07985572,0.42489854,-0.45517713,0.2470784,0.23355535,0.09108718,-0.015305687,0.15513302,-0.09520974,-0.038723838,0.046488963,-0.033186752,-0.11517595,-0.044459846,0.0020265547,0.12913841,0.011223743,2.612825e-05,0.0038995442,85.511925
25724.4,-0.24211818,0.031120542,0.7305658,0.20374563,-0.2224084,0.08726524,-0.11865829,0.061621223,0.21264875,-0.08355139,0.42751068,-0.459984,0.25452816,0.23981921,0.09170627,-0.018594204,0.15741478,-0.093528554,-0.041231286,0.047065333,-0.031511724,-0.11752381,-0.04430252,0.0026892186,0.12610896,0.009775177,-0.0023209788,0.003488026,84.43094
25774.91,-0.23676108,0.027449954,0.72985685,0.20066126,-0.22205828,0.089020744,-0.11796309,0.060822945,0.211459,-0.08087482,0.42371085,-0.4571481,0.24998625,0.23527177,0.09152793,-0.01807832,0.15786767,-0.09622234,-0.039740443,0.048133973,-0.033112932,-0.11583221,-0.044941716,0.0009300006,0.12673728,0.009599984,-0.001600286,0.0035955491,84.88819
25735.21,-0.24458756,0.031000234,0.7296814,0.199529,-0.21970615,0.08905928,-0.11952853,0.06098315,0.20880906,-0.07974885,0.42759073,-0.45721802,0.25227976,0.23658301,0.09120835,-0.018682553,0.15530322,-0.09432294,-0.040622458,0.046985906,-0.031386398,-0.116541795,-0.04327152,0.0037518987,0.1264653,0.009895892,-0.0012026243,0.0050340346,84.50586
25751.385,-0.23858581,0.03380652,0.730509,0.1982432,-0.22270407,0.089058824,-0.1175291,0.061202183,0.20661643,-0.07837564,0.42635784,-0.4578509,0.24887495,0.23539086,0.092986904,-0.016142385,0.15555488,-0.09434421,-0.04003053,0.046288695,-0.03248665,-0.116212636,-0.04331189,0.0019357316,0.1270808,0.010182528,-0.0017776685,0.0046028243,84.05486
25764.924,-0.23527995,0.03440119,0.7276932,0.19872096,-0.22328164,0.089315824,-0.11932742,0.059371952,0.20883845,-0.07681091,0.42307094,-0.45552018,0.24841526,0.23377465,0.09269968,-0.016391989,0.15545629,-0.094246626,-0.038123913,0.046905104,-0.033117924,-0.11638723,-0.043973744,0.0031916802,0.12879197,0.011323222,0.0010044859,0.0044533024,84.61497
25792.773,-0.24285772,0.029262688,0.73030764,0.20128195,-0.22307025,0.08692196,-0.11742074,0.060839742,0.21056211,-0.08106973,0.4255356,-0.45599002,0.24861434,0.23520882,0.09043555,-0.018210163,0.15757683,-0.09532544,-0.040287048,0.047957525,-0.032496702,-0.11624663,-0.045992844,0.0012517408,0.12622057,0.009330632,-0.0015303129,0.0036458191,84.78773
25787.195,-0.24065359,0.031141413,0.72780323,0.19760583,-0.22407812,0.08641058,-0.1204345,0.06084249,0.20686528,-0.080571994,0.426513,-0.45766723,0.24779032,0.23455434,0.092867546,-0.017418843,0.15413433,-0.09598705,-0.039001297,0.04749366,-0.031999767,-0.115904994,-0.043720644,0.0024783658,0.12712516,0.0118069,0.00019396655,0.004301159,84.98419
25747.307,-0.2411464,0.035704125,0.72950256,0.19788383,-0.21932079,0.092831574,-0.12057343,0.05724434,0.20541316,-0.07763488,0.42825142,-0.4565073,0.2465825,0.2341862,0.09455446,-0.015439914,0.15444009,-0.09367302,-0.038445983,0.04632401,-0.030461969,-0.11595131,-0.040806737,0.0028146054,0.12793504,0.011825816,-0.001378065,0.005470035,84.07619
25762.773,-0.24119082,0.027480934,0.72617304,0.20149027,-0.22575009,0.087255634,-0.11877467,0.062128607,0.20697162,-0.08020399,0.42734602,-0.45806426,0.24694045,0.23388506,0.0911454,-0.019133046,0.15335797,-0.09579525,-0.03972878,0.048229787,-0.032872442,-0.11614052,-0.04521916,0.0018575364,0.12683949,0.0102342805,-0.0009905417,0.004457749,84.82269
25788.648,-0.23979859,0.029840883,0.72969836,0.20198856,-0.22537246,0.0880529,-0.11905504,0.06266456,0.20682727,-0.08204741,0.42671153,-0.45581764,0.24687226,0.23375247,0.09204965,-0.017582426,0.15395707,-0.09478411,-0.040346444,0.046426848,-0.032754224,-0.11544534,-0.045724347,0.00059250003,0.12778409,0.009419381,-0.0008299034,0.0037121624,84.79167
25788.5,-0.23972094,0.030892136,0.7289003,0.19801158,-0.22199376,0.08822513,-0.11820414,0.062018473,0.20877855,-0.07953545,0.4238006,-0.45659223,0.24813809,0.23443845,0.09340173,-0.017232645,0.15421818,-0.0950719,-0.040219378,0.04707819,-0.032955408,-0.11697064,-0.043594383,0.0014435556,0.12686886,0.011236995,-0.00088194106,0.0047764517,84.66642
25731.674,-0.24062186,0.03504074,0.7242635,0.19964886,-0.22182743,0.08655033,-0.11994487,0.060087044,0.20845102,-0.07950739,0.4286639,-0.45942685,0.24835618,0.23445226,0.09288649,-0.016904442,0.15477492,-0.09516313,-0.03829334,0.047653034,-0.031904563,-0.11656954,-0.042231064,0.002377355,0.12797013,0.012431176,-0.00038764067,0.004869739,84.89073
25759.514,-0.23846442,0.03512372,0.72923064,0.19791,-0.22357625,0.08766212,-0.12125437,0.06278652,0.20870042,-0.08004953,0.42584562,-0.45725077,0.25029793,0.23542778,0.09270069,-0.01716631,0.15565276,-0.093722336,-0.039756753,0.045417503,-0.03193942,-0.11544876,-0.043163106,0.0024228254,0.12777813,0.010446146,-0.00031727552,0.0047541074,83.62092
25743.44,-0.23940879,0.034786325,0.723494,0.20066458,-0.22501856,0.08590126,-0.1204457,0.061204135,0.20774804,-0.07979027,0.42726535,-0.45803228,0.24633409,0.23513031,0.09306792,-0.017987035,0.15333861,-0.094033964,-0.039099313,0.0463731,-0.032072764,-0.1161784,-0.044427413,0.0021172035,0.12847807,0.012401259,0.00022435188,0.0046411343,85.0297
25796.832,-0.24631126,0.028039824,0.728329,0.20045057,-0.22223838,0.08592438,-0.1205088,0.0648684,0.2069123,-0.082296796,0.42742133,-0.4564408,0.24948618,0.23328228,0.09097942,-0.0194362,0.15602945,-0.09514307,-0.040428147,0.048148695,-0.031960756,-0.11713809,-0.044664476,0.0005129525,0.12591478,0.008559605,-0.0026105894,0.004725092,83.664635
25780.75,-0.2394413,0.034099236,0.7251657,0.20098865,-0.22698094,0.08913603,-0.12105953,0.061816175,0.20789061,-0.08169792,0.42635423,-0.4575827,0.2473563,0.23487109,0.09353877,-0.015653603,0.1545398,-0.09316087,-0.0379234,0.046702288,-0.031951394,-0.11600623,-0.043410968,0.002306649,0.12800291,0.012187057,0.00026388792,0.004502334,84.99365
25771.504,-0.24042615,0.030906903,0.7304671,0.19682026,-0.2222947,0.086509876,-0.11857557,0.059842676,0.20648633,-0.07901937,0.42621744,-0.45637628,0.24780819,0.23328403,0.093074,-0.019074004,0.1546835,-0.09553002,-0.041124273,0.047758687,-0.029956644,-0.11624968,-0.043633096,0.0013948744,0.12699485,0.010520272,-0.0016024429,0.0044914107,84.41921
25747.508,-0.24130405,0.030506805,0.72929025,0.20401824,-0.22013144,0.0886225,-0.12028843,0.062155243,0.20974489,-0.08155925,0.42551708,-0.4568474,0.25199634,0.23736319,0.09045809,-0.018439664,0.15634847,-0.09468035,-0.040452663,0.046639536,-0.03254756,-0.11638993,-0.04444575,0.0032350589,0.12650564,0.010012009,-0.0016961107,0.00437005,84.50586
25780.95,-0.24031153,0.035840787,0.72687835,0.1994298,-0.22340703,0.08727063,-0.11907098,0.05885903,0.20702852,-0.07766518,0.42647663,-0.45575824,0.24638225,0.23476821,0.094977774,-0.016234573,0.15469545,-0.09501183,-0.04022521,0.04747073,-0.030738538,-0.116942056,-0.044083863,0.0024433136,0.12741238,0.011278589,-0.0003505638,0.003812398,85.00984
25743.705,-0.22844772,0.039773777,0.72607756,0.19755782,-0.22504303,0.090571865,-0.12013982,0.056192752,0.21075955,-0.07710547,0.4242022,-0.4580066,0.24737865,0.23536482,0.09391434,-0.013751085,0.15609409,-0.09414318,-0.038670857,0.04532394,-0.033438616,-0.11516718,-0.043179628,0.002898899,0.12971352,0.013457963,0.0013409518,0.003923011,84.5587
25714.785,-0.23651706,0.0353792,0.72681946,0.19560757,-0.22472405,0.088652104,-0.117329486,0.058164794,0.20772865,-0.07960173,0.4287724,-0.45933637,0.2504753,0.23615196,0.09349035,-0.014409507,0.15453619,-0.09363997,-0.039936665,0.04611277,-0.029872643,-0.11671606,-0.04160476,0.0036238898,0.12872873,0.011738382,-2.902188e-05,0.0039228057,85.04702
25776.041,-0.24233058,0.025294822,0.7274783,0.2017898,-0.2241764,0.0854739,-0.11916315,0.06328715,0.2086827,-0.0834292,0.42665973,-0.45792025,0.24860577,0.23604076,0.09155635,-0.01993931,0.15574671,-0.09468211,-0.04053738,0.046782706,-0.032541785,-0.11610116,-0.046452038,0.0009166352,0.12622857,0.008999882,-0.0014624074,0.003839524,84.79858
25736.775,-0.2381507,0.036228176,0.7255731,0.19917835,-0.22173488,0.08652478,-0.12465705,0.0640008,0.20749012,-0.08077163,0.42698032,-0.45851237,0.25173643,0.23672852,0.09340497,-0.01752231,0.15670773,-0.09433163,-0.03966037,0.04552798,-0.03253852,-0.11613106,-0.043158043,0.0023968122,0.12723601,0.010813617,-0.00056414865,0.0049715405,83.50383
25777.113,-0.243025,0.028024973,0.7283622,0.20222537,-0.22364762,0.08601447,-0.119051434,0.06321883,0.206843,-0.08297165,0.4269898,-0.4570833,0.24911654,0.2352396,0.09301014,-0.01826528,0.15454167,-0.09291254,-0.04028272,0.046935283,-0.030545972,-0.11748229,-0.044203077,0.0014008423,0.12714449,0.009908876,-0.0016204137,0.0043486026,84.90222
25778.047,-0.24173674,0.031566355,0.73094666,0.19947566,-0.22203773,0.08593515,-0.12057955,0.06476829,0.20593178,-0.082912326,0.4268173,-0.45784658,0.2515513,0.23681332,0.09242013,-0.01712486,0.15807132,-0.09363185,-0.041379754,0.04526566,-0.03311732,-0.1167212,-0.04468489,0.0006880919,0.12587167,0.008509984,-0.0026283935,0.004164934,83.45878
25787.766,-0.2364512,0.031392436,0.72773576,0.19982448,-0.22539783,0.08976517,-0.11817595,0.06057676,0.2076576,-0.078494765,0.42416853,-0.45517874,0.24452049,0.23314081,0.092544675,-0.015880715,0.1547313,-0.094279684,-0.038235325,0.04707761,-0.030912122,-0.11498159,-0.04355245,0.0013084216,0.12841828,0.010404759,-0.0007451819,0.004901918,84.92851
25727.498,-0.23303461,0.03997801,0.72470015,0.19939433,-0.22608583,0.091027826,-0.118804485,0.05600389,0.20806459,-0.0787793,0.42625165,-0.45739618,0.24774656,0.23427396,0.09398561,-0.015094363,0.15492664,-0.09233613,-0.037904,0.04531868,-0.03138532,-0.11507907,-0.042940788,0.0036481982,0.13011354,0.013864084,0.001958298,0.0035471185,85.80615
25775.326,-0.24423812,0.027828822,0.7301659,0.19971083,-0.21739648,0.08874619,-0.1199519,0.060920853,0.20804985,-0.0789385,0.4261281,-0.45565346,0.24784037,0.23591568,0.09269092,-0.01759063,0.15576297,-0.09465179,-0.03990534,0.04666177,-0.032656386,-0.11650759,-0.0440712,0.002496643,0.12615123,0.0091541745,-0.0009005023,0.0048862672,84.260025
25794.68,-0.24038398,0.032991085,0.73151296,0.20131145,-0.22361715,0.09073825,-0.1188627,0.05997362,0.21017526,-0.080467544,0.42540964,-0.45658025,0.24715702,0.23416919,0.09151892,-0.014909972,0.15687357,-0.092778265,-0.03942705,0.04683286,-0.03170747,-0.115915865,-0.04334782,0.0019755103,0.12705387,0.010715685,-0.00068374723,0.004086531,84.99058
25753.01,-0.24416235,0.033806175,0.72511274,0.20085977,-0.22135173,0.08814499,-0.12167262,0.06448188,0.20751464,-0.08045633,0.4287213,-0.4573986,0.24969247,0.23367944,0.09216148,-0.01845151,0.15380841,-0.09421949,-0.040196825,0.046816144,-0.033023044,-0.11715745,-0.04333879,0.001551671,0.12700939,0.0104160365,-0.0012510493,0.0054854867,83.66084
25742.535,-0.24189982,0.03358321,0.7239542,0.19960082,-0.22595903,0.086543314,-0.12118996,0.064925134,0.20604868,-0.08245944,0.42898476,-0.45884562,0.25256288,0.23529752,0.092405766,-0.016867211,0.15374704,-0.09442274,-0.04106995,0.04613888,-0.03257151,-0.11732391,-0.043638203,0.0029914542,0.12757894,0.010189512,-0.0002805544,0.004296196,84.58874
25763.01,-0.24123865,0.028566452,0.7261596,0.19984536,-0.22304322,0.0880203,-0.11878876,0.057552367,0.2074357,-0.08183286,0.4285374,-0.4587087,0.2484012,0.23494363,0.093265854,-0.018960709,0.15387614,-0.09575101,-0.039828535,0.04803198,-0.031226896,-0.11642172,-0.04383157,0.0017110435,0.12696607,0.011504795,-0.0007606456,0.0035099895,85.38734
25732.54,-0.24024267,0.030740825,0.7260432,0.20135717,-0.22276247,0.08805064,-0.118222006,0.060587768,0.20902391,-0.07970972,0.42652786,-0.45712262,0.24986605,0.2344825,0.09070052,-0.01887682,0.15285069,-0.095564164,-0.03851567,0.047408603,-0.034362674,-0.11601488,-0.04359291,0.0033010636,0.12833118,0.011300311,0.00053947465,0.0043124007,85.08796
25749.572,-0.23549278,0.02557372,0.7308115,0.20162453,-0.22578184,0.08738513,-0.116366595,0.060483642,0.20986801,-0.08291481,0.4236999,-0.45916963,0.25013947,0.23878975,0.091181725,-0.017632984,0.15746008,-0.09450598,-0.038965825,0.04699193,-0.032981537,-0.11591672,-0.045801833,0.0016175215,0.12721139,0.010493027,-0.001408902,0.003754713,85.34296
25767.793,-0.24275303,0.029411057,0.7264973,0.2008198,-0.22260386,0.08633563,-0.12190205,0.065907784,0.20790783,-0.08071712,0.4261124,-0.45761925,0.25022525,0.235155,0.092515364,-0.019971482,0.15393499,-0.09517303,-0.040408548,0.04745637,-0.033283845,-0.11735197,-0.045023207,0.0017417949,0.12644868,0.009303741,-0.0015000021,0.004722156,83.80298
25780.654,-0.24032874,0.027569018,0.7266349,0.20240362,-0.22347723,0.08945913,-0.12104368,0.063178785,0.2056813,-0.08145082,0.42579496,-0.4560267,0.24878511,0.23265094,0.091517575,-0.018432202,0.15404175,-0.09491651,-0.0411659,0.04758573,-0.031015065,-0.11659785,-0.043913826,0.0019250573,0.12673289,0.0101496745,-0.0016361568,0.004865274,84.93731
25797.566,-0.23940276,0.033209182,0.7284768,0.19976655,-0.22534122,0.09270373,-0.117802754,0.059582874,0.20776048,-0.08026612,0.42511407,-0.45635432,0.24680737,0.23265748,0.09271812,-0.015829334,0.15417603,-0.094333954,-0.03832899,0.04737362,-0.032077562,-0.1154509,-0.04379683,0.0015472788,0.12815648,0.011564889,-0.00047282688,0.0043294677,85.2733
25770.111,-0.24337941,0.029899722,0.7274973,0.20046918,-0.22168943,0.08703236,-0.121015705,0.0625182,0.20652975,-0.08230443,0.42900702,-0.45765233,0.250015,0.235066,0.09296987,-0.017612536,0.15518044,-0.094462596,-0.041465174,0.0467781,-0.031818893,-0.11744719,-0.04299303,0.0014097518,0.12634352,0.009591505,-0.0021805884,0.004342582,83.9614
25783.139,-0.24270536,0.027670491,0.7274651,0.20264065,-0.22688319,0.08569959,-0.12140271,0.06533181,0.20882945,-0.084318705,0.42777812,-0.45864242,0.2490788,0.23505959,0.09092147,-0.01842995,0.15470435,-0.094048195,-0.040500026,0.047068004,-0.031942535,-0.11666994,-0.044753153,0.0011726008,0.12677884,0.009632851,-0.0016615828,0.0045001516,84.14845
25752.734,-0.24306601,0.032421112,0.72912973,0.19981731,-0.22403952,0.08694426,-0.117942095,0.06157387,0.20606317,-0.08173484,0.42769998,-0.45868573,0.24956699,0.23584782,0.09309044,-0.017745713,0.1551922,-0.09491791,-0.04059412,0.046709727,-0.031391736,-0.116499625,-0.045304675,0.0018028799,0.1267768,0.01088101,-0.0011832193,0.004433181,84.9203
25781.975,-0.23554146,0.03131602,0.73314095,0.1973045,-0.22270109,0.0887626,-0.11702421,0.058274925,0.20974527,-0.07867198,0.4239148,-0.45816493,0.24686271,0.23671883,0.093680926,-0.015524789,0.1567763,-0.094615005,-0.038225856,0.046843,-0.031872954,-0.115816936,-0.04413861,0.0017914907,0.12717047,0.010676837,-0.0012310427,0.0041459687,84.523125
25701.805,-0.23540124,0.03526019,0.726954,0.20007324,-0.22384249,0.08766053,-0.1166662,0.054819923,0.21065311,-0.07934591,0.4276429,-0.45958292,0.24858111,0.23752506,0.09336254,-0.014904577,0.15476687,-0.09499302,-0.03752358,0.047169942,-0.030816833,-0.11589618,-0.04271176,0.0043562204,0.12963293,0.013977245,0.0016878592,0.0036637483,86.3303
25749.12,-0.24456647,0.029452499,0.7285645,0.2040198,-0.22116576,0.08900243,-0.1201459,0.06316159,0.21053441,-0.08298105,0.42719454,-0.45837313,0.2507875,0.23792197,0.090544045,-0.017505504,0.15593922,-0.09366466,-0.039531134,0.046618808,-0.033012975,-0.11669627,-0.04433192,0.0026969025,0.12627587,0.01030287,-0.0011487007,0.004740108,84.68181
25771.908,-0.23524597,0.041404672,0.7220266,0.19750395,-0.2239301,0.09002671,-0.12016883,0.05749747,0.20615864,-0.07482608,0.42589223,-0.4552561,0.24241383,0.23079257,0.09544359,-0.013627478,0.15193507,-0.09437403,-0.03769802,0.04636661,-0.03137585,-0.115847565,-0.04201417,0.0030628713,0.13019577,0.01424142,0.0023561683,0.0047901645,85.28524
25788.0,-0.24036609,0.030528923,0.7286764,0.1999239,-0.2217642,0.08998727,-0.11925948,0.06155929,0.20767805,-0.08010062,0.42541453,-0.45757154,0.24647789,0.23468485,0.09378204,-0.016782502,0.1553005,-0.09401487,-0.039095405,0.04646113,-0.032530893,-0.11593835,-0.044431258,0.0014978666,0.1264385,0.010683443,-0.0014020288,0.0046480345,84.695755
25744.838,-0.23324783,0.03809588,0.7302018,0.19550228,-0.22232755,0.09175045,-0.115963265,0.05552039,0.20742671,-0.07579745,0.4230684,-0.45594084,0.24834678,0.23621994,0.09478746,-0.013257281,0.15652743,-0.09344016,-0.038109224,0.045960646,-0.030886734,-0.11619531,-0.0426338,0.004424745,0.12874122,0.013398258,0.00085941004,0.004147046,85.564415
25757.695,-0.2375426,0.03297952,0.7255165,0.20060219,-0.22638623,0.08740801,-0.120558076,0.061333656,0.21041696,-0.079886876,0.42687312,-0.45689836,0.24812248,0.23515704,0.09188461,-0.018580064,0.15543833,-0.09475214,-0.039880607,0.046922516,-0.031992648,-0.11566448,-0.04543001,0.0014704205,0.1280641,0.010077885,-0.0005812114,0.004166483,83.976944
25752.441,-0.23246306,0.035486396,0.72922575,0.19712856,-0.22433291,0.09246579,-0.11593945,0.05455288,0.209186,-0.075625226,0.4223995,-0.45683336,0.24697118,0.23623323,0.093740284,-0.015413351,0.1548655,-0.09417012,-0.03777767,0.04718069,-0.031901162,-0.1157982,-0.04331626,0.004040648,0.12814209,0.013646088,0.00046980567,0.0043051406,85.80031
25734.512,-0.23614594,0.033167098,0.73138326,0.19870275,-0.22077054,0.08881008,-0.11678005,0.056720633,0.21239808,-0.07671173,0.42320445,-0.4571252,0.24856976,0.23730604,0.09228809,-0.01724257,0.15615527,-0.094868585,-0.037582558,0.047123436,-0.03376024,-0.11581725,-0.043313146,0.0033562898,0.12806821,0.012107852,0.0008113249,0.0044287313,84.95828
25756.533,-0.2383496,0.033591464,0.7216952,0.20305352,-0.22425127,0.088327914,-0.121244825,0.06301755,0.20719889,-0.08030199,0.4264328,-0.45654413,0.24805623,0.23379469,0.09160241,-0.017965863,0.15483415,-0.09515062,-0.039332014,0.047291182,-0.032754768,-0.11609959,-0.044392984,0.0014933241,0.12775572,0.011384095,-0.00073259324,0.004775486,84.3403
25748.361,-0.23752381,0.031789146,0.7220697,0.20278619,-0.22852254,0.089852706,-0.11795975,0.059739232,0.20822456,-0.08079587,0.42595682,-0.4561235,0.24628934,0.23383318,0.091268755,-0.01747462,0.15281625,-0.09358602,-0.03801196,0.047594592,-0.03243496,-0.11579109,-0.043447584,0.002234533,0.12907553,0.012981852,0.0007951595,0.0042788438,86.14837
25770.229,-0.24028277,0.034889214,0.72605443,0.19914743,-0.22267579,0.09001891,-0.12131176,0.062114716,0.20727931,-0.07986041,0.42668673,-0.45601928,0.25075576,0.2345087,0.09356386,-0.015064764,0.15543734,-0.09321496,-0.039562054,0.046092816,-0.03225696,-0.11686466,-0.041696787,0.0033657274,0.12741236,0.010281353,-0.00034831,0.0044160862,84.46191
25751.404,-0.2385562,0.033373367,0.7309725,0.20016865,-0.22451176,0.086637646,-0.12043111,0.05976874,0.21100864,-0.08122465,0.4259946,-0.45911035,0.25033125,0.23872282,0.09275655,-0.017520612,0.1570332,-0.09383337,-0.03794315,0.046498343,-0.032721028,-0.11561268,-0.04467866,0.002522516,0.12758927,0.010651329,-5.7917096e-05,0.0039320774,84.431046
25736.541,-0.24012344,0.030450588,0.7316413,0.19929881,-0.21999449,0.086632565,-0.11609739,0.058568347,0.20818765,-0.07947792,0.42573828,-0.45842463,0.24991825,0.23882495,0.0935329,-0.016811889,0.15637591,-0.095163405,-0.03949888,0.04674472,-0.031867936,-0.116664805,-0.04440045,0.0033839715,0.1271499,0.011318854,-0.0009755315,0.003832466,85.01008
25741.158,-0.2389968,0.03529723,0.721966,0.19920528,-0.22459553,0.087421864,-0.12093989,0.06039912,0.20969717,-0.08008907,0.42729446,-0.45980972,0.24864374,0.23653165,0.095419,-0.016959785,0.1520162,-0.09411312,-0.038666144,0.04650345,-0.0332416,-0.116871,-0.04306749,0.0032413541,0.12837294,0.012790359,0.0017084247,0.0038046567,85.31174
25761.604,-0.24039155,0.035502937,0.7272607,0.19777773,-0.22207007,0.08692952,-0.1203604,0.062030934,0.2077849,-0.07944365,0.42824423,-0.45722413,0.24978785,0.23347656,0.092727885,-0.017450279,0.15461527,-0.09429808,-0.04095939,0.046101063,-0.033418573,-0.116282016,-0.043240108,0.0015384834,0.12733454,0.00978112,-0.000671478,0.003925959,83.72677
25755.496,-0.23915398,0.032050002,0.7313215,0.19939563,-0.22152218,0.08975278,-0.118801475,0.05892462,0.20950373,-0.08016112,0.42503664,-0.45846805,0.25246337,0.23734671,0.09173812,-0.017890956,0.1576784,-0.09472529,-0.040130414,0.04719912,-0.03144479,-0.11623399,-0.044047676,0.00318017,0.1260055,0.010972852,-0.0016787751,0.004190411,84.56653
25753.719,-0.23933929,0.027894164,0.7298711,0.20063974,-0.21927729,0.0859999,-0.11660884,0.06049716,0.21164942,-0.07903479,0.4243235,-0.45709765,0.2508515,0.23741457,0.09259123,-0.018645357,0.15680356,-0.095392704,-0.040555127,0.048192475,-0.03359647,-0.117850535,-0.044665027,0.0016507241,0.1263167,0.009129004,-0.0015390841,0.003580061,84.41279
25760.092,-0.23704466,0.032907132,0.73012483,0.19883871,-0.22147816,0.087899975,-0.11817261,0.05970702,0.20785934,-0.07936684,0.42545745,-0.45757353,0.24859302,0.23405942,0.09264194,-0.0151778255,0.15627603,-0.093475156,-0.040276024,0.04622215,-0.03153439,-0.117118955,-0.04248789,0.002310202,0.12737507,0.010915639,-0.00067832693,0.0043187384,84.494
25788.643,-0.2387019,0.033313885,0.7238384,0.19858302,-0.22602388,0.08630635,-0.12159934,0.062035494,0.20667537,-0.07940945,0.42568365,-0.45566124,0.24624886,0.23245491,0.09273693,-0.01799208,0.15380374,-0.09554325,-0.038058493,0.046905287,-0.03167369,-0.11548614,-0.04386215,0.0015063821,0.1287501,0.010918522,0.00033020228,0.005270898,84.452225
25704.717,-0.24344376,0.033503614,0.7323596,0.20037064,-0.21934146,0.08764088,-0.114572465,0.055682465,0.21042545,-0.077864476,0.4287355,-0.45938227,0.24994895,0.23746608,0.091904536,-0.016563235,0.15545098,-0.094502136,-0.039869502,0.048117455,-0.03136155,-0.117499836,-0.042596526,0.0039858515,0.12679076,0.011482547,-0.0006884923,0.004035404,85.25869
25774.277,-0.2422197,0.031629715,0.72936743,0.20233248,-0.22283497,0.09117516,-0.11947868,0.06100176,0.20931473,-0.08164465,0.42646784,-0.45800903,0.24871044,0.23667596,0.09322136,-0.016292712,0.15458256,-0.09349784,-0.038222194,0.046651267,-0.032684572,-0.116009206,-0.04408379,0.0029783496,0.12693718,0.011522654,-0.00020862464,0.0042602466,85.34289
25748.05,-0.23815118,0.033707507,0.7349584,0.19989413,-0.21823731,0.09133436,-0.11671844,0.055864282,0.21022828,-0.077293314,0.42321938,-0.45635894,0.2502703,0.23804359,0.09211594,-0.016017972,0.15864056,-0.09358911,-0.04032823,0.04651299,-0.030974217,-0.11657456,-0.04348929,0.003414394,0.12661806,0.010915844,-0.0015049418,0.0044378005,84.62017
25771.99,-0.23711777,0.032130733,0.73047215,0.197429,-0.22226961,0.08957489,-0.117769,0.06046577,0.2058362,-0.077492185,0.42350936,-0.45711342,0.24783817,0.2348587,0.09281583,-0.015647475,0.15608732,-0.09505106,-0.038603336,0.04682637,-0.032856256,-0.1157634,-0.043725096,0.002739041,0.12724143,0.01106836,-0.0008902075,0.0046944553,84.68679
25782.021,-0.23650941,0.03592571,0.7300637,0.19757222,-0.22118372,0.091060944,-0.11902809,0.056487083,0.2086845,-0.07599917,0.4246785,-0.45699596,0.24519584,0.2334498,0.09470498,-0.014685607,0.15508299,-0.09532336,-0.037932217,0.047130838,-0.031877458,-0.11568501,-0.042751826,0.003144843,0.12780194,0.012567164,0.00027011381,0.0045197047,84.593216
25764.672,-0.23677693,0.02697684,0.72701585,0.2011326,-0.22529127,0.08754146,-0.11832078,0.0618696,0.20763423,-0.082076296,0.42356822,-0.4571593,0.25045353,0.23597425,0.09167314,-0.01858739,0.15578206,-0.09345521,-0.040081885,0.04697491,-0.031737998,-0.11670856,-0.04519368,0.0021875878,0.12714675,0.010172295,-0.00071689766,0.0037949474,85.6174
25725.098,-0.23454146,0.034436323,0.72387135,0.19748984,-0.22269337,0.087113865,-0.11807123,0.058143124,0.20487727,-0.07892067,0.42581564,-0.4575958,0.2495074,0.2356306,0.094518036,-0.017784653,0.15481684,-0.09495718,-0.039433744,0.04664106,-0.03152319,-0.116241336,-0.04339078,0.0025007208,0.1284197,0.01281006,9.002163e-05,0.0037610494,85.435974
25746.553,-0.2339725,0.03213958,0.7260419,0.19672439,-0.22541162,0.087499686,-0.11708894,0.059029467,0.20632866,-0.079426914,0.4253358,-0.45959565,0.24871208,0.23492236,0.09464772,-0.015803425,0.15341815,-0.095079154,-0.038897548,0.046685286,-0.031985153,-0.116114914,-0.04328882,0.0023632846,0.12893996,0.012517797,0.00060591893,0.0041683875,85.72433
25743.43,-0.24046923,0.0322431,0.7294374,0.20184585,-0.21863149,0.08483202,-0.11925799,0.06200852,0.21154004,-0.08019489,0.425345,-0.45872647,0.25157467,0.23930913,0.09277936,-0.01734638,0.1582996,-0.09494397,-0.040228102,0.046604466,-0.03498219,-0.11750862,-0.044883035,0.0019999645,0.12593716,0.009811382,-0.00090179965,0.003991063,83.95945
25721.363,-0.2323852,0.033200506,0.7275339,0.19843881,-0.22406937,0.089151435,-0.11708749,0.0591903,0.2097197,-0.07955456,0.42481786,-0.45930624,0.24966097,0.23601876,0.09288435,-0.015821772,0.15659827,-0.09240905,-0.039185967,0.04526678,-0.033028115,-0.115986094,-0.043031942,0.0024484526,0.12820548,0.01205395,0.0004867171,0.0040582325,85.145294
25777.154,-0.24200109,0.035580873,0.726675,0.19899069,-0.22238927,0.089301616,-0.11978554,0.0601119,0.205373,-0.078844585,0.42811155,-0.4571977,0.24668927,0.23406555,0.09541562,-0.01613988,0.15362048,-0.09493539,-0.037778273,0.04685957,-0.032776654,-0.11580586,-0.043269783,0.0019836589,0.12802066,0.011363031,-7.691235e-05,0.0040924177,84.666405
25773.93,-0.23686175,0.03295193,0.72658676,0.19922529,-0.22612147,0.088011116,-0.11833673,0.058145814,0.20960519,-0.07938391,0.42481014,-0.4575875,0.24613468,0.23390464,0.09346857,-0.016882557,0.15548778,-0.09415638,-0.03805625,0.047664925,-0.030444523,-0.11604834,-0.044537243,0.001509638,0.12904403,0.011807837,0.0002572639,0.0041295933,85.23006
25748.652,-0.23873976,0.039976154,0.7277532,0.1976708,-0.22248937,0.087867,-0.12220673,0.060203843,0.20807512,-0.07911046,0.4275361,-0.45753327,0.2499852,0.23463008,0.094546825,-0.017663242,0.15535009,-0.09437035,-0.039015952,0.046626505,-0.031623017,-0.115849294,-0.042521097,0.0014057341,0.12818617,0.0113672,-0.00045511872,0.00453222,83.84272
25796.11,-0.24009332,0.030678822,0.72459537,0.20100127,-0.22633626,0.08403969,-0.11949466,0.06314352,0.20715639,-0.08161205,0.42648855,-0.4580903,0.24693993,0.23369771,0.09290333,-0.017956272,0.15482503,-0.09683281,-0.039602585,0.04792537,-0.03229459,-0.11600821,-0.045765314,0.0006213943,0.12721361,0.010264367,-0.00032946747,0.003624786,85.060104
25778.549,-0.24103925,0.03164862,0.7280065,0.19826946,-0.22279482,0.08790095,-0.12010992,0.063029036,0.20506947,-0.08146784,0.42608923,-0.45846832,0.24989724,0.23403442,0.09347957,-0.018293433,0.15531579,-0.09530451,-0.040462326,0.046489332,-0.031185174,-0.116057456,-0.044023752,0.00153897,0.12621655,0.010326517,-0.0017301459,0.0045919428,84.35575
25775.248,-0.23700263,0.029629203,0.73330635,0.20038319,-0.2203442,0.08972313,-0.1176983,0.060186837,0.20989725,-0.08060566,0.4236715,-0.45778763,0.24979648,0.23620526,0.09266425,-0.017752329,0.15766762,-0.09452174,-0.04031523,0.046406332,-0.033892494,-0.11608179,-0.045697723,0.00064312393,0.12635957,0.009903648,-0.001831675,0.0039421045,84.37299
25747.184,-0.23718861,0.027508186,0.7270636,0.20210224,-0.2266113,0.089673005,-0.11658722,0.060788073,0.21070588,-0.081636794,0.42461994,-0.45772344,0.24921277,0.23726878,0.090927616,-0.016584838,0.15541631,-0.09332164,-0.039782114,0.046336066,-0.03318099,-0.115904234,-0.04494223,0.0028432216,0.12792964,0.011052774,0.00030054664,0.0039003121,85.86849
25771.854,-0.24005947,0.02993288,0.7298065,0.19971031,-0.22296105,0.09190304,-0.11927426,0.060177248,0.20802787,-0.0789699,0.42618465,-0.45566913,0.24842219,0.23396029,0.09321659,-0.016881665,0.15405688,-0.09433099,-0.03915003,0.047680847,-0.030833438,-0.11614266,-0.043082528,0.0030213054,0.12752537,0.009940849,-0.00079896953,0.004369365,85.06035
25761.293,-0.24340315,0.025833376,0.7295034,0.20335151,-0.2212263,0.08607071,-0.116912104,0.06256462,0.21012254,-0.08371235,0.42719525,-0.45846218,0.25082532,0.23798746,0.09156856,-0.01834454,0.15712377,-0.09530722,-0.04128754,0.04710724,-0.034044836,-0.11736866,-0.04572273,0.00066209404,0.12577288,0.008713194,-0.002262842,0.003327756,84.359116
25765.188,-0.24509722,0.02721551,0.7338144,0.20030297,-0.2199125,0.08609511,-0.11697062,0.061358333,0.21137966,-0.08135862,0.4266676,-0.45777777,0.25041714,0.23863405,0.090575695,-0.018384954,0.157857,-0.0947463,-0.0409704,0.047278672,-0.032066382,-0.11687272,-0.045154292,0.0018549911,0.12510023,0.008379612,-0.0026212037,0.004207966,83.99673
25748.494,-0.23771873,0.031051226,0.7263671,0.20125185,-0.22502567,0.08529101,-0.119376056,0.063131906,0.21000478,-0.081756204,0.42586708,-0.45750776,0.250343,0.23628576,0.09197141,-0.018505495,0.15570086,-0.09437736,-0.041436914,0.046674702,-0.031310633,-0.11655102,-0.04535778,0.0010543992,0.1276747,0.00924943,-0.00091878977,0.0038284252,84.67546
25740.207,-0.2367657,0.031563394,0.7300061,0.20307752,-0.22454573,0.08772766,-0.1170133,0.057708845,0.21158904,-0.08233651,0.42562476,-0.45939568,0.24950035,0.23748818,0.090643704,-0.017075565,0.15735464,-0.09560246,-0.039412886,0.046660505,-0.0337542,-0.115162276,-0.045544896,0.0016165529,0.12794968,0.011662825,-0.00040461496,0.003442737,85.4132
25755.578,-0.2424494,0.03317239,0.7323433,0.20091662,-0.22079043,0.08740636,-0.119316675,0.06044384,0.2098105,-0.08012271,0.42775303,-0.45913488,0.24937952,0.23635593,0.0929037,-0.018854402,0.15572786,-0.09582025,-0.040347837,0.047342595,-0.03249672,-0.11621026,-0.045069173,0.0011497638,0.12659779,0.0096647395,-0.0022240505,0.0039581056,83.77149
25705.486,-0.23985773,0.03565371,0.7283679,0.20024836,-0.22196123,0.08979345,-0.1174929,0.05751828,0.2097212,-0.0798007,0.42906627,-0.45845458,0.25165454,0.2379766,0.09360596,-0.015267399,0.15606278,-0.09306984,-0.041126844,0.04655404,-0.030552145,-0.11769668,-0.042547435,0.003531046,0.12775023,0.011032789,-0.0011203215,0.003720036,84.90879
25785.105,-0.24477014,0.03265176,0.72833973,0.20065854,-0.22278638,0.086653575,-0.120536745,0.062316425,0.21118398,-0.080475055,0.42813578,-0.45872134,0.24872713,0.23507695,0.092611365,-0.017496547,0.15508631,-0.09659226,-0.03897125,0.04854135,-0.033420235,-0.11660393,-0.04453234,0.0014921492,0.12651461,0.009281623,-0.0010475423,0.0042029344,84.18776
25740.379,-0.23962817,0.03614973,0.73049957,0.20032716,-0.22104992,0.09000262,-0.11654872,0.05695074,0.20934126,-0.07837838,0.426294,-0.45988268,0.24803716,0.23726791,0.09271631,-0.016417932,0.15718462,-0.09510728,-0.037552707,0.047499243,-0.032982405,-0.11589223,-0.044349033,0.0020894585,0.12677768,0.012686932,-0.0013671983,0.0045730625,84.6691
25728.33,-0.23813276,0.035728518,0.7229987,0.20053878,-0.22436026,0.08848192,-0.12131096,0.059258386,0.21086442,-0.08056896,0.4285798,-0.46133476,0.25086084,0.23683552,0.095018536,-0.018512927,0.15307507,-0.0956571,-0.03878425,0.047588456,-0.032096453,-0.11619868,-0.043829594,0.0031606844,0.1277795,0.012666567,0.00040697074,0.003753253,85.08333
25777.89,-0.23939468,0.037030786,0.72203106,0.1979481,-0.22451237,0.09077108,-0.123323,0.06394024,0.20589678,-0.07790607,0.4272596,-0.45741746,0.24731891,0.23278059,0.09437312,-0.014874249,0.15217814,-0.094900064,-0.038678456,0.04662933,-0.032527953,-0.11625732,-0.0422143,0.0032773768,0.12804674,0.011651955,2.7298922e-05,0.0053136214,84.108635
25759.357,-0.23863457,0.030803919,0.7256252,0.20055741,-0.22501509,0.08655339,-0.12154635,0.060935862,0.20827466,-0.079770595,0.42646196,-0.45626077,0.24670067,0.23413591,0.09121199,-0.018957732,0.15383123,-0.09523748,-0.039481953,0.046738848,-0.031734772,-0.11485368,-0.045041133,0.0025981045,0.12841636,0.0111687975,0.00026374357,0.0048774993,84.65725
25768.123,-0.23791507,0.03540798,0.7233219,0.19996183,-0.22365315,0.08679114,-0.121431634,0.06093757,0.20912603,-0.07838653,0.425246,-0.45507023,0.24506898,0.23442261,0.09291618,-0.016184457,0.15528034,-0.09353908,-0.038405824,0.046026237,-0.0319074,-0.11601651,-0.043508336,0.0020434945,0.12903306,0.011401308,0.00069541764,0.0049499813,84.40935
25737.24,-0.23783232,0.03853064,0.72498566,0.1973335,-0.22542842,0.08807149,-0.11900846,0.06030068,0.20681103,-0.078303695,0.42767838,-0.45809442,0.25064933,0.23502536,0.093632035,-0.014991152,0.15347326,-0.09260815,-0.039812796,0.045987893,-0.031911302,-0.11707573,-0.042274397,0.0043372414,0.12843697,0.01237705,0.001077842,0.004011203,84.928795
25734.846,-0.2338075,0.034032095,0.72747546,0.19645797,-0.22278312,0.0902411,-0.119571626,0.0565946,0.20911212,-0.07811071,0.42456415,-0.4600406,0.2490946,0.23590492,0.094043136,-0.016081754,0.15577191,-0.0943449,-0.038905956,0.046824,-0.03116892,-0.11616877,-0.042022962,0.0035569188,0.12772903,0.013019201,1.7455774e-05,0.004524292,85.11319
25751.95,-0.23927875,0.035344627,0.7278407,0.19953144,-0.22326928,0.08525226,-0.118947156,0.061085828,0.20529713,-0.07994569,0.4269719,-0.4570266,0.24733254,0.23471338,0.09357157,-0.017472869,0.15487991,-0.093976766,-0.03858046,0.046476033,-0.031033127,-0.11576868,-0.043449808,0.0013878844,0.12842318,0.011404324,-0.00080719683,0.0044797296,84.79241
25723.03,-0.23826793,0.033952262,0.7296192,0.19906667,-0.22236668,0.08854902,-0.118532486,0.059761852,0.20834368,-0.07942851,0.42494595,-0.45952326,0.24979998,0.23841803,0.093287766,-0.017698044,0.1561858,-0.09432256,-0.03779952,0.04631682,-0.03173185,-0.115448676,-0.043902732,0.0027419091,0.12778214,0.0114543745,-0.00073658116,0.0047828257,84.73287
25739.938,-0.23869996,0.031033637,0.7302905,0.2005712,-0.22480114,0.087767124,-0.116487905,0.061167892,0.20825729,-0.0808719,0.42610094,-0.45874822,0.24998944,0.23757629,0.093335435,-0.016907614,0.1554087,-0.095610015,-0.03850868,0.047858,-0.03163354,-0.11621978,-0.044897433,0.0023967423,0.12764692,0.010175105,-0.0015065437,0.0036204294,85.189064
25764.31,-0.23586842,0.032867882,0.72965056,0.19651875,-0.22250673,0.08976423,-0.117776774,0.05606086,0.2079613,-0.076220535,0.4243796,-0.4561259,0.24623117,0.23307997,0.094158985,-0.016885206,0.15332709,-0.096322656,-0.038182918,0.04788567,-0.03164902,-0.11590072,-0.0431916,0.0030534468,0.12887596,0.012442601,0.00025285687,0.004635304,85.15545
25768.068,-0.2365155,0.029049233,0.7318179,0.20003161,-0.22279832,0.086642034,-0.11510658,0.05701146,0.20877999,-0.07960161,0.42529133,-0.4571899,0.2464052,0.2350341,0.09199819,-0.016447896,0.15716629,-0.09528953,-0.038659133,0.047793455,-0.030826297,-0.11611782,-0.04436654,0.0014286423,0.12785287,0.010587582,-0.0012738053,0.0033119079,84.88146
25766.467,-0.23575778,0.030260554,0.72694165,0.20054483,-0.22319621,0.09189678,-0.11777399,0.056717176,0.21015662,-0.07934697,0.4239455,-0.45683667,0.24719866,0.23613653,0.09259928,-0.016930882,0.15495168,-0.09425383,-0.038929928,0.04690256,-0.031433083,-0.11544262,-0.043709435,0.0033039432,0.12737317,0.012601646,0.00022329949,0.0037586065,85.852585
25779.473,-0.23344117,0.03327584,0.7269819,0.19742434,-0.22418971,0.087787695,-0.11858915,0.060765576,0.2071294,-0.07943374,0.42373943,-0.45625335,0.24866426,0.23358797,0.094136365,-0.016510623,0.1561902,-0.09467109,-0.04051415,0.046098642,-0.031225322,-0.11618232,-0.04444271,0.000775083,0.12825178,0.010583249,-0.0006138785,0.0040125204,84.73701
25776.92,-0.23340276,0.037534203,0.7262389,0.19741587,-0.22989544,0.0893428,-0.11828235,0.059883475,0.21073687,-0.07815161,0.42371833,-0.45822105,0.24628294,0.23356281,0.093131475,-0.015682831,0.15319146,-0.093953796,-0.0382389,0.046963483,-0.032379344,-0.11524759,-0.044314202,0.0022240686,0.12936701,0.013080655,0.001667507,0.0042434693,85.23448
25769.0,-0.24352324,0.030591369,0.727051,0.19744025,-0.22188666,0.08684387,-0.11953181,0.061650433,0.20628348,-0.077394046,0.4262859,-0.45627016,0.24878807,0.2342021,0.09295879,-0.018635403,0.15240735,-0.096069776,-0.040275257,0.048707914,-0.031034494,-0.11757219,-0.042901833,0.00361664,0.12644733,0.010773385,-0.00077048317,0.005076828,84.83035
25772.197,-0.24023615,0.032048646,0.72720623,0.20077468,-0.21980171,0.086743616,-0.122849606,0.06603815,0.20820865,-0.079785846,0.42408982,-0.4571216,0.25158936,0.23607476,0.09426103,-0.018790461,0.15595241,-0.09527324,-0.040575583,0.04664839,-0.03366185,-0.11745396,-0.04470418,0.0019416627,0.12603351,0.009246823,-0.0014184061,0.0047175777,83.544586
25705.76,-0.23608555,0.03371937,0.72608566,0.19956997,-0.2244097,0.08478951,-0.1182936,0.05843502,0.20749918,-0.08080334,0.42972437,-0.45976266,0.24917445,0.23444597,0.092427425,-0.018588144,0.15393005,-0.09454896,-0.038968623,0.047117963,-0.031244714,-0.1160088,-0.042723123,0.0017109453,0.12902486,0.012370778,-0.00046390388,0.003965741,84.749054
25758.63,-0.23610868,0.03021658,0.730925,0.19959767,-0.22462574,0.08975707,-0.11588575,0.057042327,0.21245198,-0.08062083,0.42494616,-0.45848095,0.24989347,0.2383961,0.09284603,-0.015932752,0.1562482,-0.094123065,-0.039858,0.047312424,-0.03170741,-0.116552286,-0.044397417,0.0020271218,0.12777753,0.010702753,-0.00074789394,0.003312188,85.21247
25745.965,-0.23407523,0.04041712,0.7262599,0.19803302,-0.22313307,0.08604059,-0.11892477,0.05690937,0.20527546,-0.07679014,0.4252833,-0.45657337,0.24629818,0.23369095,0.09455604,-0.01672935,0.15576349,-0.09555797,-0.038125794,0.046372194,-0.03098444,-0.11479321,-0.04401461,0.0020990716,0.12930681,0.013257909,0.00074864505,0.0042651785,85.13001
25732.037,-0.23497368,0.030501282,0.72807986,0.19893977,-0.22376604,0.08692051,-0.120097995,0.061557654,0.209452,-0.08160313,0.42509475,-0.46035853,0.25314027,0.23800892,0.092428125,-0.018476952,0.15647656,-0.093485355,-0.040045343,0.04593376,-0.032601576,-0.1166255,-0.04415857,0.0028463695,0.12703085,0.01087152,-0.0009201234,0.0040407022,84.30236
25726.71,-0.23882633,0.03665519,0.7243009,0.2014343,-0.22272493,0.08654061,-0.119605206,0.060114283,0.20723982,-0.079334535,0.42686346,-0.4566494,0.24834758,0.23566781,0.09324375,-0.018303894,0.15485802,-0.09445589,-0.03787097,0.046869587,-0.031592984,-0.11600597,-0.04356873,0.0016147997,0.12889756,0.011754513,-0.00040546525,0.004987631,84.58752
25759.617,-0.2339943,0.030162534,0.7265968,0.19983473,-0.2303561,0.08625834,-0.116151564,0.06076035,0.2096838,-0.081585445,0.4247567,-0.45844766,0.24712017,0.23618603,0.09200163,-0.015451036,0.1552383,-0.09240785,-0.038894422,0.04598951,-0.03128627,-0.115906775,-0.044743747,0.0017245212,0.12920545,0.011652785,0.0006235768,0.0041404427,85.426254
25726.773,-0.2332869,0.031742718,0.7278412,0.20080872,-0.2233713,0.090024725,-0.115819246,0.055506635,0.20831938,-0.08005708,0.42580262,-0.4582109,0.24775703,0.23776934,0.093859285,-0.016130777,0.1558863,-0.09431049,-0.038077652,0.046306156,-0.031771556,-0.115861595,-0.043814138,0.0020159176,0.12874669,0.012586379,-0.0005469341,0.0035387918,85.337166
25785.174,-0.2396803,0.03309326,0.72426915,0.19706857,-0.22395249,0.0857786,-0.12031126,0.060768574,0.20737262,-0.078791454,0.42676562,-0.4558268,0.24821495,0.23167455,0.09244584,-0.018347206,0.15556966,-0.09584203,-0.03960825,0.048264693,-0.03043042,-0.11646912,-0.043501694,0.0013136715,0.12775953,0.01017346,-0.00076051336,0.004415606,84.303986
25796.92,-0.2419648,0.028165188,0.7297523,0.20179245,-0.2239423,0.087815285,-0.11835554,0.06372039,0.20970295,-0.0824998,0.4254124,-0.45637003,0.24836528,0.23578437,0.09113127,-0.016468562,0.15569758,-0.09457548,-0.039649975,0.047437835,-0.03270695,-0.11693468,-0.04450187,0.001050794,0.12672274,0.009055359,-0.0019956296,0.004265436,84.31999
25763.697,-0.23411536,0.028616099,0.7285972,0.1996303,-0.22521351,0.08878849,-0.11586612,0.058390345,0.20684376,-0.078602225,0.4238067,-0.45666462,0.24492715,0.2330829,0.09289085,-0.017523518,0.15382877,-0.09637236,-0.038856205,0.047290128,-0.030911462,-0.11491304,-0.04551,0.0015726467,0.1291497,0.011346867,-0.00015449058,0.0040683695,85.78456
25804.668,-0.23929107,0.029520266,0.72872484,0.20096713,-0.22622019,0.08825601,-0.11688947,0.06000049,0.20859438,-0.081118405,0.42532477,-0.45678124,0.24521033,0.23511392,0.09260203,-0.016265096,0.15528947,-0.09450574,-0.038714137,0.047800362,-0.031051088,-0.116330706,-0.045176793,0.0009190664,0.1273257,0.010540958,-0.0013746507,0.003728331,85.03115
25757.484,-0.2408121,0.0300361,0.7277893,0.20025954,-0.22326104,0.08590113,-0.12057588,0.06534479,0.20759957,-0.081587985,0.4270517,-0.45707005,0.25136542,0.23575029,0.091620475,-0.01903122,0.15626875,-0.094723895,-0.041707385,0.04678963,-0.031451866,-0.11706305,-0.04481061,0.0012937398,0.12636061,0.0085923,-0.0026217178,0.004416664,83.50258
25723.121,-0.23936957,0.03355813,0.7239748,0.20038939,-0.22610424,0.09023818,-0.119591914,0.05819395,0.20896831,-0.078893684,0.42830282,-0.45850238,0.24747364,0.23331964,0.092189945,-0.01776161,0.15141632,-0.09412036,-0.039620973,0.04743496,-0.03113009,-0.11594303,-0.04268894,0.0042213146,0.12847123,0.013531178,0.001371189,0.004759891,85.91657
25716.967,-0.23942895,0.03520816,0.72670555,0.20109977,-0.22554934,0.08562601,-0.1195489,0.060675595,0.2047999,-0.081671074,0.4302707,-0.45951346,0.2497462,0.23644334,0.09361496,-0.015944665,0.15414031,-0.09445086,-0.03960775,0.046284836,-0.031035408,-0.11648715,-0.04313172,0.0031546596,0.12821275,0.012174271,-0.00047406927,0.0040581706,85.08642
25770.83,-0.23796505,0.02898097,0.72958755,0.19653071,-0.22318846,0.08583478,-0.11713144,0.06118019,0.21056277,-0.07883098,0.4240731,-0.45777524,0.24833943,0.23609705,0.09233051,-0.016910067,0.15608855,-0.095016316,-0.04019632,0.04711715,-0.032353573,-0.11680055,-0.044547815,0.0021994398,0.12690796,0.009550781,-0.00065328367,0.003877434,84.72378
25753.318,-0.23507094,0.028629404,0.7300091,0.19980013,-0.22303708,0.088643685,-0.11638328,0.057805352,0.21173836,-0.07949181,0.42287168,-0.45666504,0.24824618,0.23709723,0.09127318,-0.01714555,0.15696266,-0.09526255,-0.038700216,0.04746923,-0.032022014,-0.11602713,-0.045183826,0.0018117768,0.12832735,0.010125026,-0.0005139746,0.0038909698,85.30204
25791.725,-0.24325678,0.026239637,0.7292952,0.19968317,-0.2221366,0.085498735,-0.12082058,0.06642703,0.20669045,-0.08283878,0.4268046,-0.4573023,0.2507194,0.23454909,0.09273769,-0.019160904,0.15644725,-0.09585289,-0.041577496,0.047399797,-0.03230443,-0.11716355,-0.045549396,0.0003400697,0.12568782,0.0074416855,-0.0029274179,0.003990588,83.616234
25779.402,-0.2447523,0.030446501,0.7285742,0.19996028,-0.22146118,0.08642981,-0.12149607,0.063107245,0.20720956,-0.08127955,0.4284967,-0.4573976,0.2483337,0.2337332,0.093262225,-0.018672375,0.15498741,-0.09408322,-0.04063874,0.046886873,-0.03125206,-0.11665392,-0.044133134,0.00085163774,0.12687933,0.009605202,-0.0015558191,0.0050057694,83.70613
25731.508,-0.23986618,0.033368632,0.7281091,0.20041178,-0.2275439,0.0865469,-0.11774642,0.061263148,0.2075778,-0.08254557,0.42905232,-0.45995745,0.25037196,0.23721072,0.09191427,-0.015498887,0.1549756,-0.09350349,-0.040669102,0.045822747,-0.03138528,-0.11675862,-0.044519294,0.0027216533,0.12818377,0.010787682,-0.0007963767,0.0038023666,84.87407
25747.492,-0.24461359,0.029619608,0.73063284,0.20080714,-0.22083062,0.08226291,-0.11837707,0.06330982,0.20948258,-0.08276854,0.42708993,-0.45758972,0.25282556,0.23825236,0.09178601,-0.02014577,0.15649979,-0.0958255,-0.0410444,0.047774445,-0.032629125,-0.11790818,-0.04536475,0.0009611259,0.12642051,0.008511192,-0.0021651099,0.0037615967,84.02419
25752.76,-0.2337232,0.03210851,0.7274237,0.20029789,-0.22865748,0.090564646,-0.116991214,0.058652572,0.21342567,-0.07981919,0.4238744,-0.45791787,0.24905054,0.23596515,0.09092869,-0.016599769,0.1541112,-0.094797544,-0.03810505,0.047865238,-0.032856103,-0.11565063,-0.044122554,0.0029359693,0.1291538,0.011861132,0.0003884323,0.0037339574,85.52609
25747.928,-0.23804991,0.03462169,0.72847766,0.19871183,-0.22391845,0.08646669,-0.119223915,0.05762581,0.20717518,-0.07894904,0.4280214,-0.45898983,0.24713203,0.2336491,0.0930571,-0.017856188,0.15450461,-0.09699734,-0.038582664,0.04807776,-0.03097218,-0.11489508,-0.04401556,0.0019945013,0.12833823,0.012098787,-0.000121363446,0.0039693075,84.84623
25770.06,-0.23961224,0.025732948,0.73066074,0.19779676,-0.22229543,0.086562894,-0.11661764,0.060366116,0.20819093,-0.07988951,0.42558372,-0.45793942,0.24887583,0.23563449,0.092940174,-0.017759977,0.1552309,-0.09521355,-0.040275052,0.047969423,-0.032227084,-0.117337376,-0.043454025,0.0015609171,0.12645309,0.010285304,-0.0016256515,0.004452201,84.69171
25751.7,-0.23453866,0.031869736,0.7286843,0.19936377,-0.22644435,0.08931708,-0.11599699,0.05860634,0.20868647,-0.079060525,0.42550093,-0.45833632,0.24706905,0.23421775,0.09280371,-0.015575652,0.15514214,-0.09372448,-0.040038373,0.046533525,-0.03266604,-0.115843356,-0.044324867,0.0025080307,0.12822087,0.011530815,8.580088e-05,0.0029301166,85.347626
25780.365,-0.24188046,0.02827836,0.72639734,0.19914857,-0.2243946,0.08461505,-0.12139889,0.0632059,0.20897211,-0.081883274,0.42695606,-0.45887282,0.24965662,0.23525007,0.09331327,-0.01997378,0.15513542,-0.09711496,-0.040190034,0.048140746,-0.032606296,-0.11653823,-0.046043914,0.00079358794,0.12683603,0.009327663,-0.000979566,0.0038971957,84.29345
25723.982,-0.23893793,0.033708166,0.72304094,0.20183428,-0.2235557,0.08804889,-0.11794233,0.060056366,0.20883858,-0.08005466,0.4263839,-0.45872283,0.25075153,0.23665296,0.092199944,-0.017705493,0.1551335,-0.09447015,-0.039189413,0.04686392,-0.03462436,-0.11686202,-0.04459,0.0034438006,0.12751228,0.012548499,0.0005381494,0.0037218696,85.4791
25788.527,-0.23634785,0.03168287,0.7280215,0.19710861,-0.22422178,0.08638396,-0.11691108,0.05844938,0.20760198,-0.07731793,0.42412132,-0.45637804,0.2454406,0.23240374,0.09393098,-0.016967244,0.15574278,-0.09641099,-0.038793065,0.04829486,-0.029982572,-0.115662485,-0.04439217,0.0015638331,0.12833315,0.011120761,-0.00029635523,0.0038445261,85.24242
25747.518,-0.2365063,0.029810445,0.7305401,0.1997038,-0.22519289,0.087645955,-0.11622647,0.06053572,0.21005958,-0.07979602,0.4239856,-0.45722416,0.24894758,0.23739243,0.091228664,-0.016638251,0.15635867,-0.09516626,-0.038568854,0.047664996,-0.031602006,-0.115608685,-0.044630285,0.0025309748,0.128015,0.010454063,-0.00097135827,0.0040684603,85.334274
25739.018,-0.24401098,0.037353724,0.72354686,0.20034947,-0.22496521,0.088348545,-0.121844515,0.06310369,0.20591389,-0.08175455,0.42973548,-0.45992586,0.25179386,0.23613796,0.09330657,-0.017088823,0.15342666,-0.09458168,-0.039463945,0.047271054,-0.03128581,-0.11711218,-0.04265159,0.0034059482,0.12694396,0.012036217,-0.0009579491,0.0047249026,84.65076
25726.686,-0.23755407,0.035875298,0.72740245,0.19593254,-0.22266832,0.08825917,-0.1174167,0.058023583,0.20429544,-0.07737706,0.42640802,-0.45763478,0.24939467,0.23459777,0.09308414,-0.016719582,0.15462297,-0.09608177,-0.039230626,0.046877537,-0.03174297,-0.11606969,-0.04288934,0.0031460193,0.12821867,0.012012461,-0.00034404732,0.00468927,84.70762
25769.23,-0.23962621,0.025941838,0.72585475,0.20273353,-0.22361541,0.087212525,-0.118827626,0.0633239,0.20807278,-0.08259397,0.42539376,-0.4569994,0.2480708,0.23496145,0.091930166,-0.019017817,0.15454291,-0.09430753,-0.03844899,0.047191266,-0.032196432,-0.11628658,-0.044340707,0.001265307,0.12756991,0.010751123,-0.0009907307,0.004416859,84.87902
25747.691,-0.23677024,0.03734165,0.7250949,0.19702065,-0.22247922,0.08964767,-0.11915634,0.060582917,0.20652406,-0.07648829,0.42604822,-0.45878074,0.24768418,0.23442787,0.0939999,-0.014104768,0.15554138,-0.09471016,-0.038587987,0.046689678,-0.032617807,-0.11633472,-0.043400154,0.0032279734,0.12782414,0.012325851,0.00017069373,0.0047711697,84.571884
25756.46,-0.2436592,0.032411803,0.7298377,0.20032737,-0.22192186,0.088855326,-0.118542016,0.060844388,0.20777196,-0.080330946,0.42715177,-0.4587346,0.25168648,0.23645364,0.09215945,-0.0167315,0.15561506,-0.094850376,-0.039691724,0.04785255,-0.032358233,-0.11748749,-0.0433497,0.0033014345,0.12602858,0.010150798,-0.0018385611,0.0043469546,84.65123
25763.81,-0.23521216,0.034543682,0.7221302,0.19892375,-0.2279796,0.08548849,-0.12122148,0.062477473,0.21032844,-0.08051251,0.42638636,-0.45713964,0.24795423,0.23405044,0.09244399,-0.016208945,0.15471232,-0.09245756,-0.03913185,0.04585314,-0.033345457,-0.116151765,-0.043243047,0.0021530194,0.12889315,0.011128088,0.0015840605,0.0037306412,84.87465
25749.613,-0.24027473,0.03216536,0.7273641,0.2000859,-0.22244024,0.08555594,-0.120233275,0.06153686,0.21155407,-0.08196059,0.42686653,-0.4604269,0.2510919,0.23827656,0.09266722,-0.018623315,0.15642157,-0.09338352,-0.039193116,0.046664678,-0.03290209,-0.11669696,-0.04433777,0.0015389025,0.12692873,0.010790609,-0.00097421557,0.0040965057,84.0408
25790.232,-0.23741704,0.032234296,0.7267872,0.19885124,-0.22261849,0.08625211,-0.12282008,0.06213467,0.20771392,-0.0793902,0.42495683,-0.4557468,0.2477129,0.23221081,0.09308701,-0.0181724,0.1557992,-0.09597092,-0.039203472,0.04724077,-0.03071054,-0.115770064,-0.043485075,0.0011461265,0.12817757,0.01014771,-0.000810707,0.005074912,83.8455
25766.36,-0.24628888,0.026828319,0.73197055,0.20250483,-0.22031222,0.08570409,-0.11873543,0.06442547,0.21025902,-0.082969606,0.4270995,-0.45732504,0.25272948,0.23744994,0.09148254,-0.020508664,0.1574423,-0.09440523,-0.041702867,0.047633156,-0.032177966,-0.11764034,-0.045516092,0.0010080137,0.12490823,0.0072441557,-0.0033155633,0.0038636872,83.75488
25751.404,-0.24437554,0.033215348,0.7290235,0.20062639,-0.22462946,0.08606044,-0.118903674,0.060745265,0.20691393,-0.081652924,0.43069345,-0.4574436,0.24808776,0.23478734,0.09171188,-0.01648776,0.1545181,-0.0940285,-0.03899144,0.047018718,-0.030854281,-0.11634493,-0.04314724,0.0024135825,0.12795423,0.010376444,-0.0011910005,0.0043372456,84.509125
25757.059,-0.24600247,0.028609727,0.7311911,0.20177759,-0.22236586,0.08612288,-0.11849861,0.06270388,0.20952657,-0.083134115,0.42929584,-0.45841166,0.25060424,0.23664607,0.0906936,-0.018189412,0.15628374,-0.09502547,-0.0398248,0.04751681,-0.03220459,-0.116655454,-0.044816103,0.001766183,0.12622605,0.008454258,-0.0022545857,0.00394759,84.083305
25778.314,-0.24181417,0.028596228,0.7292218,0.20106715,-0.22354867,0.084646486,-0.119976275,0.063343555,0.20782365,-0.08321179,0.4279795,-0.4581797,0.2502183,0.23534837,0.09191753,-0.0175689,0.15634863,-0.093385056,-0.041674376,0.046216164,-0.031241562,-0.11702017,-0.044430558,0.00085628504,0.12681776,0.008307853,-0.001857778,0.003905839,83.9961
25768.236,-0.23763645,0.034655727,0.72332776,0.19979452,-0.2277533,0.0878273,-0.11976991,0.060912743,0.20736286,-0.08082555,0.42703754,-0.45965773,0.2473643,0.23478924,0.09366452,-0.016783344,0.15237546,-0.09439629,-0.03917457,0.047089648,-0.031807456,-0.1159773,-0.044139463,0.0021304656,0.12799285,0.012499512,0.00012059695,0.0039324607,85.32424
25737.033,-0.23546834,0.02940028,0.72970027,0.19675218,-0.2211461,0.08935563,-0.11677487,0.058543585,0.20945184,-0.07746642,0.4241125,-0.45863956,0.24924745,0.23759168,0.093659535,-0.017207477,0.15525791,-0.0951457,-0.039510835,0.047106344,-0.032338403,-0.116276875,-0.043613672,0.0032498129,0.1272322,0.011814057,-0.0006391732,0.0042635617,84.866035
25753.324,-0.23894835,0.03466705,0.7257551,0.2012776,-0.2208176,0.08790125,-0.12174547,0.062436007,0.2082057,-0.07939877,0.42526194,-0.45594838,0.24928226,0.2361709,0.09274815,-0.01864377,0.15603068,-0.093555495,-0.03864374,0.046353977,-0.031734236,-0.11605438,-0.044031214,0.0019512684,0.12751193,0.010299295,-0.001220623,0.0049410174,83.89893
25745.656,-0.23712546,0.040250126,0.72769874,0.19739369,-0.22086206,0.091829985,-0.11767955,0.05761123,0.20726399,-0.07503022,0.42493343,-0.45633158,0.24762493,0.23481421,0.09401838,-0.013540962,0.15497053,-0.09376439,-0.038138703,0.046536908,-0.031908024,-0.116822116,-0.042287704,0.003893869,0.12829201,0.012565898,4.1689716e-05,0.0052146865,84.48594
25773.004,-0.24461377,0.030398615,0.7299006,0.20407514,-0.22360104,0.08552274,-0.11943308,0.06285029,0.20701833,-0.0827767,0.42816165,-0.4565345,0.24939218,0.23495503,0.0909941,-0.019325823,0.1553924,-0.094445914,-0.04129141,0.04747623,-0.031604707,-0.11668808,-0.045356035,0.0011892943,0.12620874,0.008956037,-0.0023284191,0.0038725112,84.43847
25766.756,-0.23904438,0.037738357,0.72514355,0.20069388,-0.224246,0.09161222,-0.120007835,0.06095243,0.2051979,-0.078018464,0.4267641,-0.4556403,0.24516171,0.23263988,0.09306062,-0.013500371,0.15466559,-0.093214974,-0.037830487,0.045944422,-0.032292157,-0.115531854,-0.042464804,0.0025682752,0.1285764,0.011794259,0.00040700752,0.005270208,84.68319
25744.133,-0.23568152,0.03420306,0.7272815,0.20092946,-0.22276233,0.090740316,-0.119448446,0.05944167,0.20660125,-0.07948196,0.42594084,-0.45528662,0.24904928,0.23464742,0.093531966,-0.015961943,0.15566815,-0.09212063,-0.040031914,0.04538251,-0.03039132,-0.11631653,-0.042331666,0.0029551634,0.12831967,0.010952991,-0.0009893468,0.0040591722,84.771835
25730.71,-0.23652083,0.030540338,0.7295865,0.1987467,-0.22514866,0.08815289,-0.11423857,0.058292918,0.2120273,-0.07949266,0.42563203,-0.45992061,0.24904613,0.23838454,0.09316236,-0.01582244,0.15585622,-0.09493752,-0.03986093,0.047302175,-0.033330485,-0.116812296,-0.0449347,0.0023338245,0.12773202,0.010754071,-0.0004606424,0.0029349045,85.26951
25772.99,-0.23601793,0.0319728,0.7261032,0.19990982,-0.22564809,0.08956229,-0.11897856,0.06203973,0.20632362,-0.07957675,0.42361626,-0.4557788,0.24721764,0.23400822,0.09169111,-0.016652016,0.15615158,-0.09342024,-0.038482558,0.046458773,-0.030908741,-0.11618386,-0.04420388,0.0018443745,0.12802437,0.010733313,-0.001421703,0.0050255065,84.29975
25764.662,-0.23694353,0.031180102,0.73102766,0.19875778,-0.22667721,0.08877805,-0.11691447,0.062391937,0.20889008,-0.08097551,0.42482984,-0.4575655,0.24886231,0.23580141,0.09278504,-0.015699482,0.1566211,-0.093449846,-0.040921997,0.04561284,-0.031884667,-0.11604402,-0.045611497,0.0015715486,0.12758696,0.009425374,-0.0009871395,0.0038465562,84.64106
25761.969,-0.23356788,0.031580273,0.72806114,0.20012489,-0.22498317,0.08855397,-0.118808724,0.059831407,0.20919845,-0.08154946,0.42453083,-0.45676482,0.24979499,0.2359004,0.09248888,-0.017968608,0.15705915,-0.0939569,-0.04023463,0.046188626,-0.032252587,-0.11568028,-0.045094587,0.00096857786,0.12777966,0.011497848,-0.0010941932,0.0037833983,84.75553
25758.967,-0.24056028,0.03245983,0.7259334,0.19914773,-0.22053953,0.08371806,-0.11967778,0.06132555,0.21002464,-0.07950508,0.4275174,-0.4580863,0.24962954,0.2350766,0.092954904,-0.018509401,0.15613954,-0.09672184,-0.039718036,0.04800245,-0.034250516,-0.1174241,-0.044194493,0.0006087637,0.12725914,0.010204378,-0.0007038349,0.004115312,83.65172
25752.64,-0.24099775,0.029541396,0.7253559,0.19981806,-0.22183058,0.08361132,-0.12051074,0.06352998,0.20697,-0.08235373,0.42880273,-0.45861545,0.25155196,0.23503721,0.092101015,-0.019236378,0.15691522,-0.09515688,-0.040939897,0.046923596,-0.032347627,-0.11703975,-0.04417473,0.00033414416,0.12681106,0.0085744,-0.0020878427,0.0039784038,83.48346
25780.107,-0.23643179,0.030587498,0.72735155,0.19634427,-0.22576125,0.08955502,-0.11810338,0.059992574,0.20637715,-0.07861623,0.42464146,-0.45784438,0.2463701,0.23327433,0.09318636,-0.01515346,0.15389332,-0.09372924,-0.039035358,0.047103498,-0.031082077,-0.11684076,-0.04272655,0.002369687,0.12785867,0.011544152,-0.0002726214,0.0050033373,84.9897
25754.604,-0.23468255,0.031251978,0.7285553,0.20088501,-0.22603092,0.088375695,-0.118795015,0.0590699,0.20938726,-0.08201303,0.42726973,-0.46038124,0.24887426,0.23635703,0.09301996,-0.016313842,0.15504982,-0.09329229,-0.040504295,0.045989558,-0.03175332,-0.11589414,-0.044589844,0.0020157318,0.1277628,0.011754034,-0.00050739944,0.00334192,85.1615
25750.281,-0.2408535,0.029194009,0.7262412,0.20169862,-0.22722398,0.0834791,-0.11817207,0.061765708,0.20899911,-0.08372768,0.4274937,-0.45823002,0.24957049,0.23524924,0.09028895,-0.020923821,0.15509456,-0.09491395,-0.040177807,0.047670733,-0.031713117,-0.11613574,-0.046011794,0.00046916964,0.12761746,0.009964687,-0.0010677576,0.0037090657,84.88019
25748.006,-0.23342894,0.033277042,0.72467256,0.19802701,-0.22656105,0.08938533,-0.11851473,0.061553054,0.20646597,-0.08113565,0.42651695,-0.45737672,0.25001934,0.23370184,0.093597144,-0.015973743,0.15485531,-0.093430825,-0.041478336,0.045657057,-0.030906234,-0.11624995,-0.04369449,0.0015093046,0.12859905,0.010601861,-0.0007557487,0.003474492,85.01355
25781.666,-0.23721656,0.02712073,0.73100233,0.20165876,-0.22419292,0.08848717,-0.11899205,0.063429356,0.21026935,-0.083269335,0.42328742,-0.45739132,0.25125805,0.23730853,0.09123687,-0.017607924,0.15767218,-0.09353101,-0.040740307,0.046383068,-0.032540828,-0.11628309,-0.044865064,0.0014206781,0.12602481,0.009572903,-0.0020556506,0.0040822392,84.67443
25766.627,-0.24322855,0.027276238,0.7295467,0.2009447,-0.22020398,0.08318372,-0.119699694,0.06164327,0.20974,-0.082149945,0.4273079,-0.45821607,0.24978958,0.23716888,0.0930447,-0.0195706,0.15706547,-0.09504344,-0.04100625,0.047639795,-0.031045,-0.11762823,-0.044760574,0.0005220748,0.12611708,0.00850555,-0.0023832899,0.0039424975,83.91949
25753.791,-0.24414314,0.03143017,0.7283194,0.19952087,-0.22302757,0.086370215,-0.120886564,0.0638311,0.20880075,-0.08218299,0.42807132,-0.4596597,0.25198627,0.23576495,0.09263589,-0.020048948,0.15585503,-0.09565527,-0.041311104,0.048029408,-0.031128284,-0.11680777,-0.04430728,0.001382092,0.12547149,0.009511504,-0.0022213962,0.0043344293,84.11934
25761.021,-0.2432968,0.026798591,0.729828,0.19853126,-0.21860574,0.08806001,-0.11769464,0.059806086,0.20772044,-0.078736305,0.42624503,-0.4562839,0.24870498,0.23569834,0.09123775,-0.017521987,0.15596993,-0.09657948,-0.03923992,0.04793129,-0.032480802,-0.11639641,-0.043618813,0.0027444698,0.12672165,0.009634787,-0.0014707241,0.0048457882,84.508606
25743.771,-0.23548119,0.034855206,0.7273344,0.19650699,-0.22364998,0.08863416,-0.118926466,0.056933552,0.2085556,-0.07640664,0.4242634,-0.45797125,0.24670075,0.23646763,0.09334632,-0.015509466,0.15544192,-0.095081195,-0.03813591,0.04686261,-0.029982602,-0.115457505,-0.04336872,0.004250477,0.12857816,0.012144195,0.00049136765,0.0045671263,85.07335
25732.744,-0.22991896,0.04132819,0.72725636,0.19773385,-0.22821832,0.09378142,-0.11504732,0.055111382,0.20886752,-0.07537706,0.42347723,-0.45656753,0.24495895,0.23310325,0.09257698,-0.013169242,0.15437067,-0.093914606,-0.03702041,0.046317514,-0.03075285,-0.114205375,-0.04296341,0.003480246,0.13118279,0.014486515,0.0014352743,0.004449141,85.68041
25756.758,-0.23637013,0.026508493,0.7284796,0.2008601,-0.22564799,0.086252205,-0.115241244,0.059675664,0.21086451,-0.08171899,0.42552167,-0.45997307,0.24928656,0.23645245,0.09116044,-0.01827159,0.15567893,-0.09576824,-0.039242756,0.047595184,-0.033413813,-0.11628404,-0.046031278,0.001370417,0.12761202,0.010475449,-0.0009376826,0.0031048777,85.01704
25752.76,-0.2349029,0.032149043,0.7307951,0.20173834,-0.22389951,0.08855995,-0.11822576,0.059704002,0.20962138,-0.081534244,0.4254908,-0.45816243,0.2485859,0.23699191,0.0921036,-0.01449347,0.15571,-0.0924351,-0.040520184,0.045028463,-0.03333379,-0.11632046,-0.04370047,0.0025396827,0.12767215,0.011847144,2.0935195e-05,0.00384705,85.08195
25738.297,-0.239382,0.034197893,0.727416,0.20062684,-0.22315328,0.086327404,-0.11923956,0.06007148,0.20841603,-0.08055115,0.42934775,-0.4577141,0.2494231,0.2344229,0.09175867,-0.017774148,0.15617837,-0.09447986,-0.041306674,0.046538632,-0.03191178,-0.11586232,-0.04379007,0.000992591,0.12775004,0.009911057,-0.0014255466,0.003856246,83.9371
25766.63,-0.2377762,0.03536773,0.72071964,0.19805403,-0.22518075,0.08651292,-0.12374962,0.06540674,0.20667963,-0.08011533,0.42602515,-0.4573523,0.24948692,0.23351595,0.095067896,-0.01759463,0.15431683,-0.09447346,-0.03907921,0.046584822,-0.031778608,-0.116837285,-0.04342762,0.0018355777,0.12831727,0.010539893,4.4813372e-05,0.004581137,84.10118
25741.799,-0.24186744,0.031997446,0.72990483,0.19904712,-0.22257,0.08905954,-0.11524881,0.055895306,0.21040522,-0.07738927,0.42647058,-0.45853657,0.24610487,0.23627394,0.09261397,-0.016061483,0.15538831,-0.09460483,-0.038874354,0.048105434,-0.03060674,-0.11647343,-0.04359753,0.0029660375,0.12757456,0.011779832,-0.00021682493,0.0046727313,85.36067
25737.57,-0.23683475,0.036796294,0.72771186,0.19960861,-0.22489904,0.08663156,-0.11843821,0.060008213,0.21085915,-0.08113366,0.4267797,-0.46008477,0.25045207,0.23795988,0.0934704,-0.016410625,0.15627109,-0.094873674,-0.040199857,0.045936953,-0.03444663,-0.11684934,-0.044954337,0.00122558,0.12783556,0.011403804,-0.00033312943,0.0033992582,84.23396
25749.787,-0.23406087,0.030684384,0.7228238,0.19936807,-0.22601373,0.087161094,-0.11849041,0.060781248,0.20716314,-0.079463504,0.42583779,-0.45756724,0.24836823,0.23368248,0.09420495,-0.016637124,0.1529017,-0.094757594,-0.039006148,0.047499966,-0.032097094,-0.11665098,-0.04371484,0.00250448,0.12912782,0.011597238,0.0008224384,0.0038129534,85.74471
25737.182,-0.2367279,0.036950987,0.7255537,0.19928144,-0.22557485,0.088779755,-0.12082798,0.060697265,0.20684715,-0.07843404,0.4256251,-0.45654073,0.24785174,0.2356067,0.09313405,-0.016419448,0.15417197,-0.09316495,-0.03925119,0.045550756,-0.030676724,-0.11572339,-0.043410026,0.003866153,0.12874937,0.013072903,0.00035760598,0.005238923,84.904594
25768.066,-0.23776132,0.034141377,0.7250014,0.19639,-0.22662075,0.087621294,-0.120725974,0.06131303,0.20500207,-0.08036361,0.42770666,-0.45700765,0.24670042,0.23263618,0.093215495,-0.017132709,0.1524009,-0.093391106,-0.038727578,0.046201266,-0.030265106,-0.115033865,-0.042114735,0.0021480457,0.12864865,0.012369421,0.00021975674,0.004815298,85.08244
25755.518,-0.23737869,0.028425822,0.7295671,0.2002961,-0.22332042,0.089518756,-0.11626287,0.060557354,0.20688036,-0.08025403,0.42438552,-0.45743248,0.24734387,0.23570944,0.092867784,-0.017177468,0.15532924,-0.09382456,-0.038316965,0.04651496,-0.030789144,-0.11587038,-0.044413585,0.0016994136,0.1279562,0.011305127,-0.0013417145,0.0050835875,84.91218
25764.627,-0.24337952,0.031294726,0.72728413,0.1998384,-0.22110806,0.088657945,-0.11952183,0.061242238,0.20399445,-0.081157394,0.4286724,-0.45752412,0.24930252,0.2332145,0.09167512,-0.017326178,0.15558808,-0.0945051,-0.03982381,0.046769287,-0.032505866,-0.11653153,-0.042731695,0.001516731,0.1265715,0.010773113,-0.001818968,0.0048164926,84.09741
25787.082,-0.23796414,0.03336497,0.7299836,0.19969022,-0.22259508,0.09101302,-0.11942226,0.059827857,0.20597748,-0.0780534,0.42390665,-0.454851,0.24573329,0.23368081,0.09457124,-0.015836371,0.15404291,-0.09465395,-0.0375745,0.04666837,-0.030901192,-0.115603454,-0.04362962,0.0030041123,0.12860683,0.012149231,-0.00035404414,0.004779254,84.94367
25753.775,-0.23596984,0.03140063,0.729325,0.19913754,-0.22335725,0.08567316,-0.11839426,0.060840268,0.20890503,-0.08109377,0.42610312,-0.45850992,0.24814777,0.236596,0.09311892,-0.017712371,0.1550613,-0.0940099,-0.040131923,0.04578539,-0.032974906,-0.11583888,-0.044885173,0.001321502,0.12740695,0.01076564,-0.00046263542,0.0033722788,84.577515
25778.207,-0.23681878,0.02979964,0.72785115,0.19889033,-0.22774634,0.08949412,-0.11759355,0.059891336,0.21041232,-0.08110628,0.4256428,-0.4580165,0.24853182,0.2337128,0.09144023,-0.017323941,0.1533549,-0.093772806,-0.03990677,0.04728515,-0.032974485,-0.1161613,-0.044073503,0.0013493793,0.12844974,0.011345678,-1.5352858e-05,0.0039368966,85.151955
25771.633,-0.24032936,0.035270147,0.7294226,0.19977053,-0.22293495,0.08762353,-0.12013809,0.061812785,0.20628795,-0.0808059,0.4281255,-0.457181,0.24785875,0.23297325,0.09314504,-0.017433837,0.15525916,-0.09474761,-0.04073082,0.046399396,-0.031573966,-0.11599009,-0.044485286,3.3517892e-05,0.12780228,0.010242429,-0.0017656349,0.004379461,83.83496
25797.273,-0.23980637,0.027876155,0.72950315,0.20090155,-0.22185723,0.087025516,-0.12105917,0.06258275,0.21063888,-0.080290966,0.4240808,-0.45521647,0.24805677,0.2350223,0.09111048,-0.018360578,0.15763307,-0.09506063,-0.039060634,0.047019895,-0.033935316,-0.11578297,-0.045746036,0.0010947254,0.12712386,0.008185286,-0.00078484137,0.0039417576,83.859634
25771.865,-0.24403782,0.0323802,0.7282687,0.20217365,-0.22214647,0.08613639,-0.12010391,0.061772496,0.20883735,-0.08027806,0.4277927,-0.45567793,0.2492642,0.23429471,0.09142987,-0.017427705,0.1561804,-0.09405486,-0.04091333,0.047350656,-0.031478528,-0.11697962,-0.04403391,0.002632197,0.12663041,0.009153094,-0.0009939587,0.0038019454,84.389915
25767.71,-0.2424092,0.03403764,0.7249752,0.20099817,-0.224554,0.08240277,-0.12205041,0.06632646,0.20896149,-0.08327532,0.4287171,-0.4568233,0.2510098,0.23487861,0.09205436,-0.01851594,0.15623282,-0.09370844,-0.04171537,0.04579544,-0.033459086,-0.11703136,-0.044727176,0.0003937977,0.1271856,0.008869901,-0.00061237905,0.0036456017,83.52499
25748.766,-0.23341021,0.031678732,0.7268238,0.20086578,-0.22842494,0.08918947,-0.11564643,0.058418695,0.20954223,-0.079413064,0.42595205,-0.45845398,0.24659383,0.2349047,0.09164817,-0.013575683,0.15397191,-0.094104946,-0.03925665,0.04640027,-0.033077803,-0.11571532,-0.044695728,0.0032253372,0.12951782,0.011756276,0.0009416798,0.0034131454,85.71849
25735.91,-0.23743002,0.03451599,0.7259187,0.20126568,-0.2232799,0.09002141,-0.120781,0.06214435,0.2100919,-0.08042525,0.4259479,-0.45823747,0.25109273,0.23585457,0.09179169,-0.017758247,0.15511058,-0.09397562,-0.03987801,0.046975736,-0.03236242,-0.11680477,-0.042835105,0.0020855,0.1272315,0.011626748,-0.0015561637,0.0051370803,84.154854
25717.965,-0.23759806,0.037651047,0.7298075,0.19926149,-0.22326854,0.090678945,-0.116702355,0.05510224,0.21270126,-0.077481456,0.42684135,-0.45730114,0.24910715,0.23831922,0.093263134,-0.014952582,0.15519294,-0.09355937,-0.038023595,0.046732202,-0.031303473,-0.115924805,-0.0430757,0.0042319032,0.12931862,0.011960747,0.0010214769,0.0037791615,85.08244
25770.121,-0.24840857,0.02847547,0.72996026,0.20313941,-0.22171034,0.08698088,-0.12045526,0.06369603,0.20819165,-0.08379138,0.4292467,-0.4581358,0.25038004,0.23687254,0.09267825,-0.019458354,0.15479894,-0.093725875,-0.039568596,0.047651965,-0.03230325,-0.11723556,-0.044167735,0.0013318118,0.1257302,0.00895117,-0.002285881,0.0042158547,84.320496
25754.975,-0.23873335,0.032478087,0.73068994,0.19971296,-0.22210236,0.089102544,-0.11717038,0.0571407,0.20801337,-0.07937175,0.4263129,-0.4594672,0.24803212,0.23482502,0.0936798,-0.017487537,0.15544054,-0.09505201,-0.039626427,0.047536466,-0.030573154,-0.116364546,-0.04417612,0.0018916512,0.12700059,0.011867828,-0.0013389662,0.0043220394,85.146965
25762.023,-0.23743431,0.033915404,0.7232049,0.20087533,-0.22922866,0.08995495,-0.117713004,0.058082562,0.20816009,-0.08018621,0.42728916,-0.4594495,0.2449134,0.23470207,0.09387923,-0.017123781,0.15222137,-0.094229564,-0.03754637,0.04774055,-0.031544127,-0.115821704,-0.04476269,0.002059584,0.1283937,0.013514198,0.0002042586,0.0039561745,85.89681
25726.1,-0.23737754,0.03789209,0.7289562,0.19686165,-0.22340702,0.08861006,-0.12017795,0.057752125,0.20791532,-0.077655956,0.42831564,-0.4594916,0.24844228,0.23637608,0.09646511,-0.014915684,0.15315026,-0.0931459,-0.04010031,0.04607359,-0.030628467,-0.11665474,-0.041662794,0.0038731429,0.12816004,0.012655679,0.00083929906,0.004353836,85.0217
25761.197,-0.24234648,0.02735632,0.73067576,0.19948512,-0.21978743,0.08676694,-0.11915379,0.061800662,0.2072587,-0.08163386,0.42734176,-0.4580946,0.24973035,0.23544784,0.09272403,-0.018349634,0.15617763,-0.095615074,-0.040070035,0.047090534,-0.032749273,-0.116615355,-0.0434661,0.0011414229,0.12612526,0.009589013,-0.0018134499,0.004542093,84.00558
25770.055,-0.24008639,0.028923238,0.7303474,0.20057276,-0.22134723,0.08566313,-0.11944699,0.059334796,0.20940289,-0.08224731,0.42747623,-0.4583941,0.2489714,0.23649517,0.09248018,-0.01868448,0.15691914,-0.09492247,-0.041155405,0.046711683,-0.0316961,-0.11624113,-0.044877924,0.0006296924,0.12659161,0.009788043,-0.0018137554,0.003487032,84.26997
25752.426,-0.24182379,0.028032033,0.7296525,0.20336106,-0.22421202,0.087737866,-0.11774469,0.06249109,0.21067373,-0.084357515,0.42768973,-0.4592125,0.251777,0.23861977,0.09165766,-0.017779578,0.15719451,-0.09416872,-0.040740296,0.04691327,-0.0327065,-0.11696582,-0.04600823,0.0013740859,0.12633798,0.008865367,-0.0025177635,0.0031383554,84.40919
25756.07,-0.23649596,0.031857666,0.7286064,0.20157804,-0.22552517,0.08614834,-0.11817892,0.05953105,0.21113038,-0.082378745,0.4264704,-0.45799136,0.24935691,0.23655605,0.09128419,-0.01797449,0.15784177,-0.09304274,-0.041016567,0.045804456,-0.032083638,-0.115924455,-0.04544789,0.00069565565,0.12769803,0.010045544,-0.0011533806,0.0030082604,84.55113
25750.803,-0.23506612,0.033163697,0.7271677,0.19836313,-0.2286391,0.0862754,-0.116216704,0.060464274,0.21002148,-0.079734735,0.42500275,-0.45823464,0.24873717,0.23599,0.09171723,-0.016004782,0.1565001,-0.0944099,-0.039458465,0.046695225,-0.03223923,-0.11568883,-0.04548279,0.0023422102,0.12870245,0.010801349,0.00030407077,0.0032827074,84.81455
25703.91,-0.23621103,0.033836715,0.727985,0.19980672,-0.2246465,0.08728312,-0.1167881,0.058180325,0.21109317,-0.07904404,0.42466986,-0.45843232,0.24973188,0.23963845,0.09219831,-0.016109068,0.15525427,-0.09456271,-0.03805577,0.046426352,-0.03240846,-0.11592835,-0.04368267,0.004694985,0.1286689,0.013100095,0.0014580148,0.004264213,85.83573
25763.037,-0.2389299,0.031594478,0.7298451,0.20079844,-0.22335406,0.09049754,-0.12109197,0.058848586,0.20766363,-0.081594974,0.4272899,-0.45759308,0.2485025,0.23539315,0.09220277,-0.018030869,0.15478472,-0.09470972,-0.03911584,0.046536706,-0.032503314,-0.114619784,-0.043718565,0.0016862112,0.12748103,0.011115721,-0.00085133314,0.0043054684,84.814415
25767.002,-0.23824279,0.029637199,0.732358,0.2006405,-0.22105898,0.091216676,-0.11656719,0.05802843,0.21236223,-0.0788009,0.42333344,-0.4578903,0.24811019,0.23827724,0.09331423,-0.017272035,0.1562632,-0.09454984,-0.038919736,0.04783356,-0.032165606,-0.11692657,-0.044419333,0.0018266812,0.12650576,0.0112356,-0.0019561658,0.004468702,84.5954
25768.412,-0.23905687,0.031328164,0.7301416,0.20070049,-0.22118646,0.08752307,-0.11786009,0.061904784,0.20870072,-0.08090146,0.42531958,-0.45704415,0.24944368,0.23643792,0.09204565,-0.017013233,0.15668735,-0.09376692,-0.04036089,0.046345454,-0.03353755,-0.117467664,-0.044414606,0.00064399844,0.12663572,0.010056712,-0.0023855576,0.004423061,83.62804
25757.201,-0.24233496,0.032072414,0.72678757,0.19936453,-0.22359134,0.0862756,-0.1203131,0.063325144,0.20450388,-0.08078888,0.42783126,-0.45764047,0.24846043,0.23484346,0.093090855,-0.017793067,0.15452437,-0.09531272,-0.038992196,0.04726604,-0.03160016,-0.11656645,-0.04341146,0.0011744411,0.12752259,0.010768472,-0.0016784221,0.0053797006,84.2144
25740.664,-0.23793311,0.030719096,0.7303915,0.19949992,-0.22413394,0.08902663,-0.11819668,0.05720684,0.21252996,-0.07954228,0.4265067,-0.4604335,0.24874772,0.23708208,0.09262288,-0.018407194,0.1553299,-0.095162004,-0.039342444,0.04789539,-0.03162097,-0.11570635,-0.044672124,0.002836606,0.12708436,0.011901038,-0.0006886218,0.0039407862,85.14131
25777.494,-0.23391034,0.026676795,0.7313069,0.20012021,-0.22360015,0.09075305,-0.11652805,0.0584325,0.20968919,-0.0801356,0.4217819,-0.45605233,0.24827851,0.23665562,0.09193236,-0.01760481,0.15632589,-0.095141284,-0.039289705,0.04674086,-0.032746635,-0.11581605,-0.04555154,0.0015330194,0.1278041,0.010499617,-0.0013738088,0.003958965,84.70643
25734.865,-0.23845457,0.039155457,0.7266582,0.20018284,-0.22556801,0.08975031,-0.11891256,0.059390515,0.20764926,-0.08070049,0.42789942,-0.45869905,0.24762344,0.23685852,0.0932693,-0.014461547,0.15437451,-0.09263274,-0.038823847,0.045570426,-0.03217012,-0.11578129,-0.043149862,0.002692333,0.12825316,0.013128938,0.0005678353,0.004219687,85.29611
25744.73,-0.23805988,0.033876926,0.7292478,0.20094812,-0.2259319,0.08669655,-0.11747601,0.06132359,0.20898299,-0.08139792,0.42714223,-0.4580371,0.25077862,0.23593748,0.09243655,-0.016515825,0.15412256,-0.09292087,-0.041836925,0.04602111,-0.03223262,-0.11696084,-0.04424703,0.0023970557,0.1280516,0.010796564,-0.00040820986,0.003328679,85.09508
25763.596,-0.24321854,0.030396815,0.72739244,0.20168951,-0.22263153,0.08627384,-0.1214471,0.06276913,0.2077342,-0.081309,0.427861,-0.45798075,0.24968924,0.23388655,0.091694824,-0.019538593,0.15438074,-0.093789786,-0.040424395,0.047466926,-0.032647736,-0.11730745,-0.04382297,0.001990648,0.12652838,0.010343729,-0.0011489587,0.0043043704,84.08874
25763.25,-0.2439339,0.028470887,0.729639,0.20068298,-0.21948983,0.09207641,-0.11786619,0.059120003,0.20921473,-0.07936803,0.42616352,-0.45828068,0.24814205,0.23783153,0.09307937,-0.016160285,0.15412082,-0.094027534,-0.03930604,0.04732474,-0.032927632,-0.11719759,-0.04339053,0.0032360696,0.12609635,0.011125939,-0.001176809,0.0048785857,85.2518
25734.146,-0.24300653,0.030082589,0.72745854,0.20201664,-0.22236843,0.08433293,-0.12024778,0.06421572,0.20965527,-0.08351382,0.42960525,-0.46019855,0.25334784,0.23754877,0.09144247,-0.019670095,0.1565741,-0.09477815,-0.041399915,0.04741482,-0.03309913,-0.11800476,-0.044975597,0.0009874413,0.12583457,0.009002275,-0.002792418,0.003921603,83.480225
25764.879,-0.23647149,0.033004493,0.7224521,0.19838144,-0.22694206,0.08798379,-0.11845768,0.059869956,0.20782165,-0.07989121,0.42670536,-0.4578181,0.24624053,0.23486997,0.09453197,-0.015520285,0.15273656,-0.09228414,-0.03925731,0.045776147,-0.032760732,-0.11700438,-0.04356123,0.0018458529,0.12910986,0.012201905,0.0010776864,0.004076534,85.11795
25772.281,-0.23827374,0.025971094,0.7257155,0.1997579,-0.2275378,0.08428649,-0.11987636,0.06494754,0.20828617,-0.08370646,0.42636353,-0.45841166,0.24989504,0.2349765,0.09250376,-0.020031046,0.15498888,-0.09458884,-0.041915353,0.046840128,-0.031416584,-0.11662207,-0.04590412,0.00044383114,0.12690163,0.009009911,-0.0013797414,0.0034751538,84.62477
25757.592,-0.23631516,0.03639094,0.72760695,0.19772534,-0.22312048,0.08810402,-0.12171739,0.06014959,0.2086874,-0.0774501,0.42488125,-0.45805785,0.24736397,0.2345451,0.09381026,-0.016762462,0.15405445,-0.09493168,-0.03917132,0.046703074,-0.030742524,-0.11520387,-0.042323288,0.0029944647,0.12779124,0.011983836,0.00012331177,0.0052583315,84.921196
25770.914,-0.2352333,0.028844733,0.7258539,0.19916579,-0.22554658,0.0866937,-0.11735713,0.057128746,0.20821635,-0.080345735,0.4248196,-0.45685348,0.24510327,0.2336436,0.09182639,-0.018561652,0.15444885,-0.09514152,-0.037947856,0.047606725,-0.032525215,-0.11512037,-0.044526014,0.0008820915,0.12885222,0.012645361,0.0008438444,0.0037415114,85.690414
25729.82,-0.23916936,0.032696653,0.72723156,0.19993502,-0.22034015,0.08365896,-0.11760926,0.061623372,0.20859446,-0.08033498,0.42626187,-0.45819613,0.25171286,0.23703209,0.092832826,-0.017999738,0.15665334,-0.09486294,-0.039724167,0.046924505,-0.033121187,-0.11807368,-0.043429546,0.0016450342,0.12721953,0.010566601,-0.0011810521,0.0042859158,84.14588
25733.81,-0.23591933,0.036702417,0.73005503,0.20125213,-0.22317964,0.08928836,-0.118516736,0.060858723,0.20991509,-0.08079293,0.42548096,-0.45693845,0.25282875,0.2366325,0.09147797,-0.015466121,0.1579652,-0.09291267,-0.040642742,0.045662727,-0.03158226,-0.116707236,-0.042981103,0.0027558524,0.12782893,0.010369666,-0.0017521027,0.0039676963,84.08903
25734.824,-0.23651242,0.037994508,0.72549474,0.19587703,-0.22236909,0.086831026,-0.11983953,0.060088728,0.20636286,-0.07810605,0.42626077,-0.45775202,0.2495234,0.23480938,0.09511882,-0.016681092,0.15396899,-0.09474851,-0.038631815,0.046982635,-0.031282194,-0.11719978,-0.041874424,0.0021765977,0.12873459,0.012295618,-0.00041505322,0.004855227,84.42942
25721.107,-0.24367055,0.036267575,0.7275707,0.20282868,-0.22014946,0.0862129,-0.11955924,0.060643844,0.21008264,-0.08139397,0.4280761,-0.45797515,0.25215074,0.23863533,0.09160368,-0.018743996,0.15726331,-0.09462235,-0.040311825,0.047140013,-0.033017464,-0.117159545,-0.044421926,0.0020893211,0.12622479,0.010392187,-0.0014522197,0.0040136687,84.36739
25747.477,-0.24647789,0.02886277,0.73175484,0.20299359,-0.21900047,0.084519155,-0.117513485,0.06221564,0.20903149,-0.08094631,0.4287002,-0.45856202,0.2505662,0.2364066,0.091343164,-0.019274479,0.15614578,-0.09586436,-0.040741187,0.048025843,-0.032996457,-0.11747447,-0.045081697,0.0017589717,0.1256331,0.008697655,-0.0025677457,0.004060378,84.037865
25746.771,-0.23623732,0.033496533,0.72937536,0.19927958,-0.22090971,0.08805016,-0.119872965,0.057952695,0.20922688,-0.078996025,0.42535052,-0.45843533,0.24997549,0.2352839,0.09325715,-0.017693413,0.15591858,-0.0958536,-0.039002966,0.047736943,-0.03137375,-0.11615798,-0.043292023,0.002567851,0.12759581,0.011607492,-0.0009535719,0.00424741,85.01199
25767.008,-0.23998012,0.03257388,0.72826445,0.19826709,-0.22182027,0.08861946,-0.11806791,0.059382223,0.20760256,-0.07858807,0.42545363,-0.45682612,0.2477079,0.23516753,0.09332178,-0.015580329,0.15444225,-0.092633665,-0.038294446,0.046988152,-0.03187337,-0.11719722,-0.04229883,0.0032463004,0.1275859,0.011677359,0.00027712388,0.0044418755,85.25929
25775.219,-0.24347974,0.027875306,0.72918826,0.20282817,-0.22018966,0.0865191,-0.11871058,0.06222975,0.2095472,-0.08235342,0.42529345,-0.45582876,0.24963771,0.2375995,0.09225574,-0.01930996,0.15620673,-0.09408839,-0.040259093,0.047070097,-0.033470456,-0.11722555,-0.045540504,0.0010225181,0.12625839,0.0097050425,-0.0016544573,0.0039698747,84.6128
25761.363,-0.24038877,0.033539906,0.7283982,0.20000967,-0.22194317,0.08934012,-0.119284675,0.057493616,0.209596,-0.07799697,0.4277171,-0.45789313,0.24468699,0.2344076,0.09404222,-0.017412778,0.15346088,-0.09564103,-0.038486864,0.048187625,-0.030753827,-0.116002254,-0.04342676,0.0016322099,0.12786755,0.011573741,-0.001040319,0.0046335184,84.636345
25778.404,-0.2425005,0.027932858,0.72642803,0.200797,-0.22244151,0.08501627,-0.12278519,0.063815504,0.20717244,-0.082733385,0.42869678,-0.45867327,0.24918373,0.23349053,0.0920076,-0.018786484,0.15391427,-0.09457348,-0.040740296,0.047012683,-0.032256197,-0.11664169,-0.04298194,0.0018526483,0.12621169,0.010139236,-0.00093480945,0.0043921475,84.5794
25761.994,-0.24215631,0.029074337,0.7263969,0.20018826,-0.22655,0.08799118,-0.115944386,0.060493447,0.20893472,-0.08065321,0.42697707,-0.4572057,0.24721171,0.23520109,0.0916862,-0.016494062,0.15464152,-0.09450899,-0.03820769,0.04823887,-0.031899285,-0.116762504,-0.04393455,0.002014277,0.12805316,0.010749454,-0.0007779468,0.004325174,85.50888
25733.68,-0.23577027,0.03617528,0.7242292,0.20177972,-0.22460052,0.086175404,-0.11894637,0.057817765,0.21146826,-0.079217225,0.4260278,-0.45935953,0.24791932,0.2363576,0.09318011,-0.017668296,0.15657638,-0.09503742,-0.038486123,0.047350563,-0.03399154,-0.11610565,-0.045283455,0.0017925408,0.12839071,0.012977867,0.000886844,0.00348522,85.15673
25788.229,-0.24130316,0.028515441,0.7259752,0.19851749,-0.22568287,0.0904223,-0.11849566,0.057695616,0.20600292,-0.07874134,0.42658457,-0.45604253,0.24460776,0.2330131,0.09285712,-0.01833381,0.1516179,-0.09631158,-0.03864531,0.04826768,-0.031342663,-0.115419716,-0.044302795,0.0026649889,0.12790997,0.011954021,0.00011325254,0.004657005,85.56067
25757.379,-0.24202554,0.031717435,0.72974765,0.19965358,-0.22374333,0.08574812,-0.11733368,0.061759047,0.20577432,-0.08101497,0.4269613,-0.45758986,0.25034833,0.23516272,0.09193568,-0.01863376,0.15501578,-0.09552237,-0.039725732,0.047583744,-0.03215394,-0.116214305,-0.044556357,0.0017187484,0.12720941,0.009975117,-0.0014244765,0.0039196154,84.6655
25768.275,-0.24343565,0.03337944,0.72847944,0.19849579,-0.2256169,0.08678996,-0.12004365,0.06326095,0.2067221,-0.08070988,0.42761326,-0.45803952,0.24962813,0.23504555,0.092892885,-0.018532716,0.15384792,-0.09411236,-0.03972066,0.047680367,-0.030133743,-0.116514206,-0.043621305,0.0024339836,0.12677382,0.010767498,-0.0013519032,0.004794466,84.38025
25751.379,-0.23920017,0.0328713,0.7265724,0.20095469,-0.22727719,0.08996528,-0.116648994,0.059358835,0.20850803,-0.08015902,0.42803413,-0.45759284,0.24665841,0.23433292,0.09204471,-0.014820378,0.15443414,-0.09409751,-0.039438836,0.046684284,-0.031844757,-0.115666255,-0.04358776,0.0027830964,0.12841165,0.011157544,-0.00025162846,0.0038419901,85.482056
25762.29,-0.23920393,0.03340835,0.7260945,0.19927298,-0.22706209,0.08599401,-0.12104578,0.064944774,0.20630132,-0.08181817,0.42806578,-0.45783052,0.2494244,0.23351866,0.0923569,-0.015648931,0.15503672,-0.09416254,-0.041049767,0.046045545,-0.031699274,-0.1168104,-0.043911748,0.0017737262,0.12812705,0.009611714,-0.00070707686,0.004304081,84.23955
25730.496,-0.23493864,0.036485102,0.7215223,0.19893406,-0.22718309,0.08661094,-0.12041086,0.05882652,0.20734408,-0.0796366,0.42678383,-0.45885566,0.24743453,0.23374408,0.0925078,-0.016463699,0.15424637,-0.09376309,-0.038001467,0.046960518,-0.030913984,-0.115651324,-0.042366005,0.0024421955,0.1297318,0.013677786,0.0014463752,0.0048827766,85.612686
25771.305,-0.23911762,0.031817384,0.7262091,0.2024503,-0.22262172,0.09163705,-0.11775075,0.05675395,0.20614263,-0.07791954,0.42632192,-0.45618546,0.24405424,0.23235434,0.09297011,-0.016950391,0.1526899,-0.095408395,-0.03758975,0.048566125,-0.03228357,-0.115942515,-0.043136533,0.0020486722,0.12811072,0.013055384,-0.00053550303,0.0044240123,85.80802
25736.012,-0.24140485,0.034801204,0.7287049,0.19933757,-0.2229994,0.08892465,-0.11999319,0.060736585,0.20779496,-0.080488205,0.42819726,-0.45864648,0.2523936,0.23717563,0.091993585,-0.017692188,0.15643622,-0.093110755,-0.040312164,0.0467418,-0.0309558,-0.116519436,-0.042983327,0.0033277385,0.12623385,0.0105314525,-0.0017683916,0.0043464173,84.23071
25749.637,-0.2371882,0.028453963,0.72878057,0.202735,-0.22577354,0.08958675,-0.1152373,0.057475764,0.21122359,-0.079939686,0.4243666,-0.45719945,0.24723391,0.2358855,0.09087999,-0.019400353,0.15568262,-0.096037656,-0.038951304,0.048706662,-0.032181438,-0.11532268,-0.04628547,0.0013174526,0.12770534,0.010923723,-0.00097109284,0.003546066,85.68616
25736.738,-0.23753938,0.033278793,0.72626215,0.19928208,-0.22620119,0.08181525,-0.11932886,0.06169659,0.20950545,-0.08138549,0.42692345,-0.45928574,0.24889956,0.23504128,0.09226376,-0.019157138,0.15524757,-0.09594514,-0.039199237,0.047195695,-0.03165857,-0.11557319,-0.044765286,0.0008499069,0.12898247,0.010680896,0.00012619793,0.0039971075,84.58065
25745.133,-0.23938027,0.03554485,0.72715706,0.19847468,-0.22123483,0.08804237,-0.11683846,0.06107988,0.2096535,-0.0775862,0.42524925,-0.45718047,0.24913447,0.2362021,0.0944893,-0.0157094,0.1553828,-0.0945767,-0.03887578,0.047398917,-0.033080623,-0.11775229,-0.04299272,0.0024780384,0.12767929,0.011346801,-0.0005202368,0.0041994536,84.617195
25747.688,-0.24447401,0.028677832,0.7304628,0.20218639,-0.21767175,0.08570375,-0.117528945,0.060662422,0.2087608,-0.07866827,0.42655396,-0.45617145,0.24937917,0.236993,0.09171469,-0.017381579,0.15644644,-0.09574871,-0.040449105,0.047687467,-0.03195231,-0.1177198,-0.044453606,0.002802242,0.12663211,0.008908711,-0.0015002498,0.0046393154,84.32343
25779.693,-0.24428234,0.026748864,0.7280394,0.20415345,-0.22155592,0.08612533,-0.120168686,0.06455882,0.20803393,-0.082512535,0.42725733,-0.4565063,0.24954396,0.23467118,0.09048196,-0.020048713,0.15553536,-0.094510294,-0.04146882,0.047324102,-0.033900317,-0.11727024,-0.045712437,0.00086748373,0.12546054,0.00850521,-0.0021654656,0.0038808347,83.94894
25771.943,-0.23761988,0.027469058,0.72857124,0.20244546,-0.22315267,0.08831532,-0.11900639,0.062052727,0.21000065,-0.081398815,0.42381412,-0.45646864,0.24926226,0.23719883,0.09152227,-0.018939018,0.15765072,-0.094558716,-0.03954572,0.046738867,-0.033351038,-0.11627264,-0.0466447,0.0011351425,0.12687206,0.009473827,-0.0017775735,0.0038573379,84.284065
25759.943,-0.2379118,0.035518166,0.723707,0.19678539,-0.22431195,0.090858154,-0.1210482,0.05927653,0.2075642,-0.07734523,0.42636037,-0.4575644,0.24749894,0.23265688,0.093791276,-0.015997637,0.154042,-0.09377148,-0.03846063,0.0473121,-0.031949546,-0.11651262,-0.041788828,0.0030906666,0.1279557,0.012455252,0.00039066328,0.0049911155,84.71502
25774.549,-0.2443545,0.02750079,0.72838324,0.2027204,-0.2236016,0.08663559,-0.11923237,0.0629275,0.20963883,-0.08380862,0.42826807,-0.45761642,0.24924114,0.23679242,0.09227438,-0.017179804,0.15535459,-0.094519325,-0.040190488,0.047408514,-0.033005916,-0.11731401,-0.044394627,0.0013775346,0.12639377,0.00903271,-0.0013875905,0.0035443255,84.791046
25773.178,-0.23918892,0.03263652,0.73054785,0.20172404,-0.2221543,0.0876937,-0.11716906,0.058921535,0.20920946,-0.080971465,0.42700854,-0.45568308,0.24802947,0.23515092,0.09177509,-0.016342904,0.15718701,-0.094813935,-0.040839314,0.0465949,-0.032785818,-0.11651267,-0.04501282,0.00038265117,0.1277374,0.009363012,-0.001986064,0.003176095,84.12027
25778.79,-0.23868199,0.028613046,0.7290345,0.19975774,-0.2246679,0.086761795,-0.119201906,0.06249707,0.21087928,-0.08185314,0.4255084,-0.456111,0.25046283,0.23450291,0.090201795,-0.017741293,0.15687802,-0.09375367,-0.040707726,0.04656738,-0.033352517,-0.1162047,-0.04449722,0.0011471249,0.12759343,0.008082664,-0.0008984292,0.0033963148,83.98447
25725.535,-0.23578325,0.034535713,0.72409075,0.20045836,-0.22653235,0.08525279,-0.11741176,0.060343236,0.20973177,-0.08042843,0.42760018,-0.45907226,0.2506084,0.23718749,0.09305926,-0.016749544,0.15487564,-0.09303204,-0.039520636,0.046540286,-0.03226536,-0.11702152,-0.043691512,0.0026344098,0.12853359,0.0115097035,0.000105769366,0.003353086,84.92566
25771.32,-0.24136953,0.033267528,0.7265693,0.19789065,-0.22327888,0.09122641,-0.11882747,0.06043094,0.20676854,-0.07766824,0.4269313,-0.45502928,0.24748026,0.23340929,0.093002066,-0.01526144,0.15403157,-0.09379341,-0.039330736,0.04672202,-0.031003365,-0.11622284,-0.042642668,0.003217239,0.12813039,0.01018375,-0.0004254924,0.005032909,84.70766
25741.268,-0.24070464,0.032759637,0.7252248,0.20331143,-0.22401272,0.088761225,-0.1210527,0.06186068,0.20949674,-0.082196064,0.428524,-0.458596,0.24988952,0.23654011,0.092873715,-0.019203916,0.15502706,-0.0955818,-0.039625026,0.04741715,-0.032176685,-0.11619009,-0.045175858,0.0014269464,0.1271172,0.010824501,-0.0015691295,0.004199055,84.37618
25768.133,-0.23751248,0.03578028,0.7269342,0.20003058,-0.22354105,0.083453596,-0.12110042,0.06362122,0.20669551,-0.08074074,0.42677552,-0.456662,0.24892655,0.23387992,0.09326297,-0.017640155,0.15595913,-0.09424296,-0.041491475,0.045500956,-0.033328034,-0.11669842,-0.044997394,0.00020270242,0.12790303,0.010145441,-0.0009873305,0.004044359,83.51312
25779.836,-0.24427584,0.035047933,0.7270136,0.19925268,-0.22478007,0.08864363,-0.12153888,0.06218852,0.2055161,-0.08024396,0.42866138,-0.4578576,0.24677666,0.23200037,0.09274405,-0.016958544,0.15281396,-0.09606305,-0.039242785,0.048199173,-0.0303444,-0.115690686,-0.042756945,0.0021322863,0.12727015,0.011229191,-0.0011368431,0.005161159,84.80597
25760.514,-0.2437374,0.028455768,0.73208797,0.20123115,-0.22251703,0.085231654,-0.1160752,0.061254885,0.20848225,-0.081094295,0.42792878,-0.45747048,0.24823931,0.23537757,0.09070489,-0.017486593,0.1564877,-0.0957649,-0.039524116,0.047708306,-0.03153202,-0.11625539,-0.045151584,0.0016921936,0.12710966,0.009180097,-0.0021327417,0.00419577,84.30604
25735.824,-0.23927686,0.033264764,0.7334122,0.20004839,-0.2240953,0.088414125,-0.11621094,0.05922865,0.21265753,-0.0805036,0.42548198,-0.4585509,0.25183907,0.23821197,0.09156332,-0.01670831,0.15812518,-0.09416495,-0.03954274,0.04715883,-0.031752586,-0.1166168,-0.044921145,0.0022851625,0.12750706,0.009469554,-0.001272304,0.0038444218,84.56958
25728.803,-0.2351048,0.032252803,0.7298666,0.19914433,-0.22275512,0.0917926,-0.11597245,0.05551272,0.21170995,-0.07805068,0.4248931,-0.45878616,0.2503404,0.23697056,0.09172005,-0.017063122,0.15513878,-0.09506323,-0.039963342,0.048078578,-0.03156178,-0.11658429,-0.04354181,0.003139874,0.12757899,0.012122885,-0.00082984474,0.0039935117,85.16484
25785.31,-0.24278504,0.03328548,0.72916496,0.201813,-0.2212298,0.08947953,-0.12069433,0.06408446,0.2093385,-0.08065336,0.42516053,-0.45641887,0.2501453,0.2356357,0.09279382,-0.017537741,0.15605028,-0.09541503,-0.039357565,0.04717966,-0.033117514,-0.11657355,-0.04477594,0.0015744413,0.12679857,0.009157842,-0.0017776843,0.0042417347,83.878586
25787.096,-0.24113773,0.02798921,0.7243714,0.20059681,-0.22841328,0.085348666,-0.12076088,0.0650107,0.2060982,-0.083877325,0.42794734,-0.4579912,0.24707548,0.23344128,0.09296892,-0.018477935,0.15235922,-0.09465661,-0.04004194,0.046417262,-0.032209262,-0.11579262,-0.045017008,0.0012579649,0.1275328,0.010090147,4.405155e-05,0.0037900151,85.231255
25714.377,-0.23743032,0.033822935,0.7262761,0.19896746,-0.22188228,0.08775576,-0.118085794,0.058211267,0.21223949,-0.07792968,0.42676285,-0.45890936,0.25096893,0.23677453,0.09251699,-0.016173182,0.1544984,-0.09586952,-0.038535792,0.04840395,-0.032693505,-0.11701669,-0.04197966,0.004239145,0.12808959,0.011840607,0.00064797373,0.0039882385,85.15664
25740.305,-0.24241492,0.030636143,0.7298883,0.20055956,-0.22149539,0.08784122,-0.11867198,0.060178176,0.20975141,-0.080359556,0.4265012,-0.457373,0.2521719,0.23668431,0.091586225,-0.018834038,0.15569478,-0.0955417,-0.040139895,0.048021834,-0.030993063,-0.117113814,-0.043941174,0.0028236965,0.12700358,0.010360571,-0.0013419557,0.0048531927,84.79446
25763.875,-0.2391657,0.03028995,0.7237853,0.20066315,-0.22470327,0.0855818,-0.12297551,0.066220336,0.20618536,-0.082462534,0.42685443,-0.45602408,0.2502991,0.23285933,0.09115054,-0.019564189,0.15430848,-0.0951886,-0.04090349,0.046369925,-0.033378776,-0.11637161,-0.04436878,0.00093927194,0.12771654,0.009292594,-0.0008163601,0.004384305,83.87811
25727.44,-0.23522246,0.037038043,0.72537374,0.19699374,-0.22243445,0.08533531,-0.12174972,0.059556156,0.20672536,-0.078636736,0.42621243,-0.45820132,0.24963799,0.23420957,0.094126344,-0.016520852,0.1549422,-0.0957382,-0.03794642,0.04672299,-0.03097635,-0.115375936,-0.04166997,0.0034253844,0.12930126,0.012711955,0.0012460975,0.0046615535,85.17367
25788.475,-0.23940843,0.030079357,0.72788125,0.20106661,-0.22300637,0.08885045,-0.11803785,0.062209025,0.20807888,-0.08167565,0.42570043,-0.45649773,0.2481909,0.23433892,0.093135454,-0.016830597,0.1567594,-0.093850985,-0.039698876,0.04682071,-0.031928293,-0.116983816,-0.04504864,4.7929643e-05,0.12736252,0.009346485,-0.0020307899,0.003872023,84.394066
25743.375,-0.23857406,0.031340577,0.7255976,0.20127033,-0.22534792,0.08678307,-0.12107474,0.061068874,0.20841359,-0.083598316,0.4280962,-0.45926434,0.2501819,0.23633666,0.09246939,-0.01763889,0.15556681,-0.09259372,-0.039707717,0.045779746,-0.032034367,-0.116246164,-0.04314112,0.0019762474,0.12777425,0.011044168,-0.0004044054,0.0036817084,84.98493
25757.271,-0.23644166,0.028871039,0.7259986,0.20033792,-0.22481832,0.086633876,-0.11853332,0.060253438,0.20775124,-0.080899626,0.4250831,-0.45677,0.24940167,0.23532046,0.09238812,-0.01898323,0.15543644,-0.09550445,-0.03859661,0.047736,-0.033213735,-0.11614243,-0.04500296,0.0015050732,0.12827332,0.011060519,-0.00032480434,0.0037445242,85.31338
25767.787,-0.2427929,0.02877052,0.7310979,0.20041887,-0.22026904,0.08755103,-0.11621094,0.059233524,0.20902796,-0.08027089,0.42583966,-0.45594746,0.24941693,0.23593044,0.09247678,-0.018610753,0.15511262,-0.095939,-0.039854884,0.047922935,-0.03231978,-0.11700656,-0.045168236,0.0016939049,0.12713867,0.00990261,-0.0012162216,0.004021871,84.96222
25749.781,-0.24211629,0.032022566,0.72961545,0.20117097,-0.22275615,0.08643779,-0.11929145,0.06129634,0.20992023,-0.08221567,0.42758206,-0.45903835,0.25189158,0.2370807,0.090984225,-0.019228255,0.15707898,-0.09486648,-0.040369447,0.047384996,-0.032203536,-0.11630716,-0.045102194,0.0013186191,0.12640938,0.009286985,-0.0021305913,0.0038975803,83.78928
25742.977,-0.23729122,0.03082084,0.7272755,0.20087083,-0.22267094,0.08936061,-0.118672386,0.059728555,0.20928554,-0.07927382,0.42591023,-0.45703408,0.24711728,0.23710309,0.092806235,-0.017287372,0.1549132,-0.09325626,-0.039200775,0.04583661,-0.033834603,-0.11621626,-0.04476644,0.0026179892,0.12749453,0.011231073,-0.0001841411,0.0040198895,84.592896
25721.984,-0.23587798,0.03849099,0.72502804,0.19566947,-0.22474936,0.088369116,-0.121086664,0.05973245,0.20626701,-0.078942984,0.42858836,-0.45958447,0.25017023,0.23381811,0.0937764,-0.015939644,0.15337002,-0.094227195,-0.039773334,0.045384552,-0.033003453,-0.11581558,-0.042370453,0.0028135953,0.12908016,0.012207965,0.0010176981,0.0045414143,84.34994
25732.803,-0.24331947,0.033148352,0.7273609,0.20131586,-0.22111517,0.08660599,-0.118093304,0.06378365,0.20683156,-0.08109327,0.42807207,-0.45840445,0.25166085,0.23646411,0.093196586,-0.017287819,0.15583433,-0.09536486,-0.040429953,0.04671463,-0.032827597,-0.11736063,-0.04469907,0.0021943026,0.12673889,0.009765942,-0.001373441,0.0041748565,84.523415
25752.791,-0.23576346,0.03361214,0.728973,0.20001222,-0.22606076,0.093205914,-0.11787904,0.057207186,0.21286803,-0.0805786,0.42531663,-0.45962787,0.24840926,0.23627064,0.09268541,-0.01587918,0.15411675,-0.092632875,-0.038288426,0.04651598,-0.033719447,-0.115227215,-0.043227658,0.0025261156,0.12830918,0.012825489,0.0009451555,0.0036795465,85.82477
25778.945,-0.23457053,0.033741992,0.7271319,0.19444503,-0.22298941,0.09222205,-0.11838594,0.058106866,0.20648803,-0.075430386,0.42206538,-0.45637682,0.24625236,0.23386665,0.094712295,-0.014680358,0.15359017,-0.0946473,-0.038302112,0.046877805,-0.030756958,-0.115798146,-0.041526534,0.0042824307,0.12779531,0.013082724,0.000557465,0.005167964,85.692696
25768.17,-0.23604172,0.039774522,0.727073,0.19929399,-0.22426975,0.091277085,-0.11661275,0.057516944,0.20920438,-0.07667009,0.4253083,-0.45623863,0.24516226,0.232906,0.093452305,-0.01337134,0.15429768,-0.09446774,-0.039847475,0.046841606,-0.032099966,-0.11641726,-0.0433696,0.00230111,0.12865327,0.012929308,0.0003666575,0.004003599,85.34116
25752.84,-0.24113561,0.033769112,0.7296225,0.19867663,-0.22105339,0.08929758,-0.119604185,0.056557972,0.21058899,-0.078517154,0.42774293,-0.4571557,0.24777293,0.23527902,0.092954785,-0.016806016,0.15461013,-0.09391059,-0.039346255,0.047203664,-0.030834707,-0.11627632,-0.042069387,0.0024241274,0.1283663,0.011629854,-7.111585e-06,0.0046828096,84.45701
25721.576,-0.2364653,0.030490428,0.72725415,0.19923587,-0.22242106,0.089805506,-0.116034,0.056750298,0.21222958,-0.07599957,0.42431355,-0.4575884,0.24825244,0.23780806,0.09305381,-0.01592396,0.15439801,-0.09514241,-0.03742264,0.04830264,-0.032478873,-0.11691096,-0.043154355,0.0049494705,0.12838368,0.011785895,0.0008657556,0.004051939,85.58962
25741.379,-0.2441004,0.035074502,0.72866404,0.20103057,-0.22196938,0.08784273,-0.11855795,0.061555848,0.20964774,-0.081039876,0.42802882,-0.45812795,0.2510738,0.23740055,0.0918434,-0.017129384,0.15642746,-0.09316207,-0.039035227,0.04668778,-0.03282581,-0.11653662,-0.04292709,0.0023340168,0.12689835,0.010624585,-0.0011559073,0.004488418,84.42033
25752.656,-0.24248117,0.033822987,0.73132175,0.19809617,-0.219072,0.08776892,-0.11882067,0.05989764,0.2113178,-0.07822503,0.4273388,-0.4573155,0.2507982,0.23658168,0.092937075,-0.016723467,0.15625176,-0.09381957,-0.040071394,0.046966072,-0.033035975,-0.1172446,-0.042662676,0.0028311908,0.12665106,0.008964061,-0.0009433776,0.0038426428,83.613396
25800.525,-0.2405797,0.02664094,0.72839004,0.20139737,-0.22388884,0.086745426,-0.11811396,0.061887607,0.21092464,-0.08239629,0.42395234,-0.45599902,0.2477875,0.23501782,0.091608465,-0.019357832,0.15540884,-0.09554231,-0.039404336,0.047817647,-0.03378895,-0.11663576,-0.0458376,-9.872852e-05,0.1273897,0.009963221,-0.0010153037,0.003945066,84.61341
25793.47,-0.23746584,0.030233992,0.72699386,0.20017752,-0.2215546,0.09069711,-0.121128365,0.06089525,0.20602177,-0.07954596,0.42338002,-0.45416415,0.2455621,0.23189129,0.09267754,-0.01684719,0.15428475,-0.09400987,-0.038119957,0.04632098,-0.03126411,-0.11516282,-0.042467885,0.0022340356,0.12825158,0.011863103,-0.0002575349,0.0053440016,85.19257
25724.426,-0.24167632,0.03557677,0.72904956,0.20124273,-0.22322857,0.08672603,-0.11807434,0.061155416,0.21005848,-0.08209774,0.42819393,-0.4578025,0.2535095,0.23820306,0.09173184,-0.01701012,0.15774871,-0.09313823,-0.040658407,0.04630694,-0.03212924,-0.11741295,-0.043843012,0.0021810522,0.12729648,0.009709823,-0.0017860224,0.003773644,84.14887
25810.719,-0.24271508,0.029543476,0.7251415,0.20280543,-0.22767244,0.0845416,-0.12175005,0.064615734,0.2100908,-0.08409278,0.4273014,-0.45670223,0.24699877,0.23392755,0.091588825,-0.018567009,0.1543116,-0.09414067,-0.03923943,0.04689448,-0.034249462,-0.11610561,-0.045632523,2.1631888e-05,0.12785716,0.009796402,0.00031952234,0.0037610957,84.38769
25752.197,-0.23489286,0.03508414,0.730358,0.19873288,-0.22339429,0.08909495,-0.11821111,0.059454717,0.20890824,-0.07940913,0.42336425,-0.45821148,0.25043806,0.23630026,0.092593834,-0.015709812,0.15802673,-0.09490049,-0.038147707,0.04624049,-0.033728834,-0.11539996,-0.04425864,0.002774272,0.12794827,0.011357707,0.00025076978,0.0035191695,84.82603
25744.537,-0.23179072,0.032885544,0.7296395,0.19865662,-0.22686441,0.08802213,-0.11620817,0.056386653,0.2093435,-0.07903708,0.42474595,-0.4577493,0.24631774,0.2346491,0.091978885,-0.016583163,0.15461656,-0.09284535,-0.039813504,0.046084985,-0.030855559,-0.115527265,-0.043509826,0.0023905318,0.12865481,0.012570939,0.00022140332,0.0037675677,85.20881
25760.031,-0.24119051,0.03617968,0.7259248,0.20176323,-0.22476731,0.0876026,-0.1197189,0.05869883,0.21106617,-0.08031124,0.4278018,-0.45822716,0.24627465,0.23696223,0.09289805,-0.014849718,0.15529527,-0.093893245,-0.038946625,0.046486463,-0.032832243,-0.1164228,-0.044254873,0.002187258,0.12827724,0.012046767,0.0008244426,0.0042763166,85.15724
25747.178,-0.23671973,0.028156402,0.7295895,0.20102212,-0.22426572,0.08856594,-0.11677328,0.059721004,0.2090994,-0.08091564,0.42556313,-0.45920855,0.24778996,0.23695229,0.092195824,-0.016928857,0.1556361,-0.09411669,-0.038883697,0.04605361,-0.034190413,-0.11550921,-0.045460023,0.0024708216,0.12722419,0.011549968,-0.0001521837,0.0037698036,85.19764
25725.328,-0.23472567,0.032526705,0.7303878,0.20070992,-0.22320552,0.09219052,-0.11426969,0.056081027,0.20951752,-0.07834489,0.42457905,-0.45741862,0.24856941,0.2367318,0.09218986,-0.015973454,0.15622641,-0.09517126,-0.038518563,0.047274414,-0.031234525,-0.11561877,-0.044297736,0.0025604311,0.12837332,0.012058119,-0.0011179345,0.004397559,85.541985
25760.78,-0.23844948,0.025106236,0.73018974,0.19993494,-0.22538327,0.08295812,-0.11606521,0.0625894,0.20978698,-0.08293369,0.42483574,-0.45787218,0.25056747,0.23614247,0.09017725,-0.01941251,0.15766601,-0.09450453,-0.04048656,0.047104023,-0.03194199,-0.11671253,-0.045446586,0.00037392514,0.1271878,0.008820596,-0.0017533647,0.003908644,84.436615
25777.623,-0.24117336,0.03126536,0.72568506,0.19699594,-0.224473,0.08673572,-0.11959378,0.06087822,0.20837402,-0.078752995,0.42651913,-0.4565079,0.2476731,0.23474474,0.09349141,-0.01656449,0.15326516,-0.094500974,-0.038485,0.04810001,-0.029648354,-0.116982445,-0.04217626,0.0032919429,0.12795766,0.010918226,-0.00014166255,0.0049600727,84.87706
25728.285,-0.24252754,0.036252607,0.72720504,0.20296839,-0.22101113,0.08880922,-0.11972269,0.06110349,0.20766751,-0.08055353,0.4265452,-0.45694783,0.2510366,0.23790605,0.09202663,-0.017391203,0.15695193,-0.09271363,-0.039528828,0.046181295,-0.032178227,-0.11715019,-0.04419451,0.0026835995,0.12698919,0.011494368,-0.0011458388,0.00504449,84.5819
25729.291,-0.24224305,0.029015517,0.7290206,0.20228155,-0.22413427,0.085800305,-0.11959624,0.06372126,0.21174686,-0.08488127,0.42903143,-0.46021312,0.2542609,0.23785575,0.09033654,-0.018479241,0.15667593,-0.093610905,-0.041652113,0.04689133,-0.032066103,-0.117394455,-0.04408557,0.0019144481,0.12631465,0.009263005,-0.0016203709,0.0037871432,84.27267
25747.635,-0.23510492,0.033095047,0.7311496,0.19784781,-0.22684568,0.085951425,-0.11753068,0.05812554,0.20933668,-0.08043318,0.42536005,-0.4585473,0.24700868,0.237096,0.09289873,-0.01656396,0.1556139,-0.093676165,-0.03998756,0.04601646,-0.030260123,-0.1152515,-0.044034712,0.0017901389,0.12825505,0.011389277,-0.00029842276,0.004001618,85.30394
25749.346,-0.23739095,0.036750633,0.7294044,0.19581044,-0.22190793,0.09065972,-0.12012612,0.05813253,0.20566136,-0.07613771,0.4269437,-0.45695123,0.24682224,0.23368657,0.09406991,-0.014504933,0.15437302,-0.094264664,-0.03935807,0.046070214,-0.029980542,-0.115508065,-0.042049017,0.0039075008,0.12850587,0.0114971595,0.00011098757,0.004854233,84.12761
25746.49,-0.2432193,0.034566797,0.7322982,0.20024127,-0.2178161,0.087119065,-0.119074106,0.05657739,0.21138935,-0.07899585,0.42723697,-0.45792457,0.25007433,0.2381253,0.0927175,-0.01810403,0.15698026,-0.0958865,-0.039406218,0.04759613,-0.032242533,-0.116170235,-0.044046685,0.0024185884,0.12686582,0.010300311,-0.0011305213,0.003990297,84.31705
25788.008,-0.23635086,0.02944438,0.7275185,0.19841616,-0.22521211,0.08759395,-0.119844325,0.06160277,0.2051497,-0.07935257,0.42310935,-0.4563276,0.24600361,0.23380774,0.09367249,-0.017240152,0.1543024,-0.09486026,-0.039689675,0.046761848,-0.030171415,-0.11622336,-0.04377017,0.0021057166,0.12756284,0.011122098,-0.0007006647,0.0049272194,84.98024
25739.686,-0.24055813,0.032771565,0.7279752,0.20223123,-0.22173685,0.08489202,-0.1177697,0.061586186,0.2115071,-0.081226364,0.42730552,-0.45778844,0.2520494,0.23619476,0.09153665,-0.018697489,0.15668511,-0.09466074,-0.039840035,0.047519814,-0.034366913,-0.117524676,-0.04417151,0.001350963,0.12722413,0.010149244,-0.0008154521,0.0033113468,84.30587
25739.402,-0.2302731,0.029313771,0.7258627,0.19914028,-0.22688662,0.08891614,-0.11797879,0.05785466,0.21105702,-0.08042889,0.42351025,-0.45775875,0.24902005,0.23497264,0.09076204,-0.018340949,0.15490068,-0.09474349,-0.038025666,0.04690064,-0.03219597,-0.114444025,-0.043615654,0.0025214306,0.12954307,0.012606659,0.0010832436,0.0037490414,85.671844
25749.762,-0.24116336,0.03365167,0.726176,0.19893155,-0.22462064,0.0891174,-0.118786335,0.059984203,0.20638038,-0.07965515,0.42765254,-0.4561836,0.2480634,0.23413076,0.09139757,-0.016321328,0.15359959,-0.093302205,-0.03920999,0.04619397,-0.03222297,-0.11637625,-0.042550478,0.0030594459,0.12839445,0.011300162,0.0004364103,0.0048182467,84.723946
25766.328,-0.24420603,0.029748293,0.73284876,0.20141459,-0.21958691,0.08482075,-0.118277855,0.059714817,0.2096326,-0.08201033,0.42786205,-0.45671088,0.2506816,0.2366641,0.09185158,-0.018888447,0.15669322,-0.094575,-0.04054752,0.04706968,-0.032599986,-0.11724193,-0.04432652,0.0012698807,0.1268548,0.009179383,-0.0017014891,0.0034121922,83.9294
25787.95,-0.24085452,0.03065932,0.724514,0.20280729,-0.22480334,0.08837045,-0.12259413,0.06340543,0.20758979,-0.08246418,0.42601615,-0.45576367,0.24736047,0.23413116,0.092818156,-0.0180878,0.153392,-0.09388771,-0.038808204,0.046712726,-0.03294378,-0.115953036,-0.043712128,0.0012174221,0.12787947,0.011161759,-9.980612e-05,0.004881062,84.84013
25747.307,-0.24112399,0.033160083,0.7267976,0.19999999,-0.22374547,0.08439179,-0.1212898,0.063034065,0.21057571,-0.08007774,0.42672992,-0.4586845,0.24894285,0.23715031,0.09263706,-0.019421188,0.15522121,-0.09506956,-0.039639484,0.046719734,-0.03385823,-0.11601313,-0.045970716,0.0017256383,0.12732679,0.010076176,-2.317038e-05,0.004305137,84.05489
25750.34,-0.2361717,0.02961518,0.7266579,0.20024227,-0.22280093,0.08845514,-0.117808916,0.059303004,0.20733014,-0.07873705,0.42577103,-0.4584907,0.24838354,0.23377383,0.09255548,-0.017082494,0.154612,-0.09557729,-0.040227875,0.047769975,-0.031899817,-0.11656057,-0.044298768,0.002645203,0.12748915,0.011739511,-0.0005828906,0.0042167827,85.127815
25724.87,-0.2432815,0.032180242,0.72730815,0.20325792,-0.22534825,0.086853705,-0.11837413,0.061574824,0.21248335,-0.083422445,0.42838937,-0.4590703,0.2529602,0.23786826,0.0900678,-0.019191375,0.15512592,-0.09466919,-0.040803842,0.04729315,-0.032953445,-0.11655337,-0.044885006,0.0025399784,0.12705465,0.009903721,-0.0008242419,0.003582089,84.98806
25737.39,-0.234787,0.034621917,0.7244364,0.19753416,-0.22821102,0.08742869,-0.11928265,0.059457924,0.20790161,-0.08008802,0.4271905,-0.45747852,0.247991,0.23397614,0.09175985,-0.017175531,0.15509933,-0.09271412,-0.038896646,0.04612839,-0.030610025,-0.115186445,-0.04333313,0.0027444037,0.12891968,0.012038434,0.000634538,0.004002445,85.00551
25766.457,-0.24239525,0.02783678,0.72936535,0.20116064,-0.2243045,0.08505201,-0.11828769,0.062013593,0.21065293,-0.08178025,0.42584425,-0.45675978,0.25003514,0.23682033,0.0918186,-0.018493779,0.15528685,-0.094018035,-0.040634837,0.04756373,-0.03160313,-0.11763103,-0.044146553,0.0023288406,0.12697643,0.009664447,-0.0009568101,0.00403581,84.84971
25738.207,-0.23635404,0.034215137,0.728299,0.19977109,-0.2215035,0.08980705,-0.11701737,0.05653194,0.21065632,-0.07852052,0.42520264,-0.45861238,0.2499597,0.23508386,0.09192825,-0.017886786,0.15533319,-0.095110886,-0.03846487,0.04766667,-0.032908175,-0.11543204,-0.042935215,0.0030575353,0.12749548,0.012413786,0.00028922828,0.0035288932,85.608894
25775.482,-0.23949078,0.030825183,0.73229617,0.2010024,-0.22311501,0.08577942,-0.11757727,0.061871976,0.21054761,-0.08131024,0.4261403,-0.45737845,0.24887715,0.23474453,0.09168767,-0.016777137,0.157681,-0.09545087,-0.040277466,0.04722398,-0.032550897,-0.11613,-0.044769805,0.00067623524,0.12724933,0.0089947805,-0.0014700694,0.0031963524,84.28253
25728.545,-0.23976082,0.03052335,0.73084587,0.20267634,-0.2216136,0.08840234,-0.116155244,0.057805393,0.2115973,-0.080859594,0.42679834,-0.46035153,0.25052616,0.2385048,0.09182442,-0.01784657,0.15769437,-0.09391029,-0.04085915,0.047387145,-0.03275695,-0.11666927,-0.044855434,0.0021639196,0.12594159,0.011052382,-0.0017671101,0.0031995922,85.12122
25789.416,-0.24178915,0.026993908,0.7305667,0.2041417,-0.22448418,0.08504362,-0.118003815,0.06389319,0.20945665,-0.084475525,0.42644575,-0.4580658,0.24961165,0.23640695,0.09104854,-0.01806509,0.15748619,-0.09566597,-0.040528808,0.04724106,-0.0339113,-0.116571106,-0.046423208,-0.0003005056,0.12616146,0.008680685,-0.002216178,0.0035436365,84.37404
25737.223,-0.23896962,0.027755162,0.7312169,0.20168552,-0.22210039,0.086574346,-0.1158496,0.059848852,0.20907831,-0.08232993,0.42679128,-0.459672,0.25060546,0.23782812,0.09089491,-0.016700014,0.1576222,-0.09396988,-0.04056004,0.046182904,-0.031534027,-0.11635096,-0.044909023,0.002230857,0.12694623,0.010115838,-0.0016908003,0.0036895778,84.939835
25722.95,-0.2398823,0.03512501,0.7239713,0.20087351,-0.22695234,0.083858095,-0.12143967,0.06278793,0.2087229,-0.08288518,0.42928663,-0.4599132,0.25046912,0.23683755,0.0920259,-0.017968185,0.15496553,-0.09472205,-0.040342644,0.046118144,-0.03212748,-0.1162091,-0.04485388,0.0024855589,0.12812497,0.01190089,0.00010308809,0.004131592,84.721855
25754.412,-0.23656854,0.03648287,0.72678024,0.19924025,-0.22630177,0.086066976,-0.119619936,0.060856033,0.20685476,-0.080874,0.4273007,-0.45807302,0.24792668,0.23296799,0.09277629,-0.01709495,0.15538855,-0.09388839,-0.0399358,0.045812994,-0.03127977,-0.115751825,-0.044230934,0.0011485694,0.12870407,0.011244854,0.00013060588,0.0037572174,84.53609
25797.5,-0.24082682,0.030371306,0.73006207,0.19894202,-0.22432312,0.086330466,-0.119260654,0.06310991,0.20674518,-0.0807653,0.42611986,-0.45789436,0.24704815,0.23367842,0.09322117,-0.016930344,0.15432088,-0.093885936,-0.040778037,0.04672372,-0.030783828,-0.11672785,-0.043531682,0.0011437605,0.12657027,0.010229801,-0.001814737,0.0046821064,84.48001
25735.02,-0.23683125,0.03605256,0.7248896,0.1984772,-0.22487496,0.0868491,-0.118789434,0.057991285,0.2074818,-0.080417104,0.42792222,-0.4603822,0.24875078,0.23673445,0.094089076,-0.016529692,0.15545107,-0.095730424,-0.03898044,0.047186453,-0.031759463,-0.11591725,-0.04347419,0.0018554605,0.1278706,0.01266794,-3.0945062e-05,0.0036066703,85.34667
25791.285,-0.24406649,0.026747318,0.727397,0.20422456,-0.22310558,0.08706051,-0.12055426,0.064683475,0.20887503,-0.08245135,0.42566305,-0.45543647,0.24789718,0.23359513,0.08962306,-0.019437421,0.15464312,-0.095298424,-0.04049395,0.047467455,-0.03285617,-0.116470546,-0.045269344,0.001013461,0.12678052,0.00908632,-0.0017750766,0.0048670457,84.33091
25739.438,-0.23494364,0.03207498,0.7291485,0.19628584,-0.2227463,0.085299835,-0.11787504,0.056666132,0.2087649,-0.07847001,0.42613673,-0.45714363,0.24793373,0.23416819,0.09278891,-0.016591903,0.15588957,-0.09497589,-0.0389057,0.04743752,-0.02996833,-0.115945324,-0.041587897,0.001986296,0.1291188,0.0113786785,-4.491397e-05,0.0043637934,84.81439
25750.834,-0.24114746,0.032302123,0.7282028,0.20000535,-0.2217734,0.08484416,-0.12109717,0.06115835,0.21081232,-0.081341945,0.4281609,-0.45749322,0.24995764,0.23604168,0.09193928,-0.017107828,0.15634654,-0.09321673,-0.041549098,0.045931477,-0.032203354,-0.1167383,-0.043250266,0.0021378398,0.12726639,0.010342234,0.00022543967,0.0041517364,84.269035
25729.193,-0.2362828,0.03537419,0.7306479,0.199711,-0.22197111,0.09176626,-0.114906244,0.05519836,0.2101801,-0.07668602,0.42462856,-0.4560908,0.24696496,0.23559356,0.0911146,-0.014538278,0.1562315,-0.09413256,-0.039174404,0.046675928,-0.031357925,-0.11517341,-0.042956576,0.0036705527,0.12860465,0.012293854,0.00022311974,0.004404761,85.569405
25760.111,-0.23300491,0.03687388,0.7263793,0.19993511,-0.22160675,0.09144347,-0.12115872,0.05812974,0.20738573,-0.07670375,0.42441353,-0.45555145,0.24555074,0.2330891,0.0942178,-0.015703563,0.15629782,-0.095781885,-0.038089592,0.04645159,-0.0322749,-0.11439396,-0.043558337,0.00188903,0.12885433,0.012155288,-4.3849468e-05,0.0047916104,84.62197
25744.572,-0.2329912,0.033944044,0.72913015,0.19623546,-0.2237874,0.089402765,-0.11690864,0.05785511,0.20725223,-0.07715765,0.42312217,-0.4576815,0.24872357,0.23666915,0.094510645,-0.014482665,0.15640312,-0.094344765,-0.03791539,0.04620627,-0.03217674,-0.116061494,-0.043449767,0.0038135445,0.12865692,0.011864013,0.0006175544,0.003779771,84.84432
25779.408,-0.24313301,0.0290332,0.7272926,0.20444779,-0.22280516,0.08746689,-0.119403265,0.06462203,0.20902297,-0.08265373,0.4265585,-0.45480588,0.24913888,0.23494896,0.09016047,-0.01917544,0.15614095,-0.093722135,-0.041510645,0.04688467,-0.032903846,-0.11698062,-0.04544608,3.0299707e-05,0.12639318,0.008412384,-0.0027215732,0.004260636,83.94051
25792.768,-0.23628782,0.029147828,0.7290413,0.20175344,-0.22323062,0.08732396,-0.12075348,0.06284403,0.20982605,-0.08282284,0.42399633,-0.45676833,0.25012517,0.23516063,0.09239917,-0.018283205,0.15714583,-0.09480593,-0.03985106,0.04643712,-0.033634264,-0.11600683,-0.045321863,0.0003573313,0.12714745,0.009718726,-0.0011386173,0.0036751006,84.039986
25727.58,-0.23969065,0.031178758,0.7256237,0.2052449,-0.22546493,0.08965255,-0.11786231,0.060715828,0.21048133,-0.08079727,0.4265449,-0.4592386,0.24820966,0.23740907,0.092738464,-0.016540254,0.15328905,-0.093705885,-0.038883466,0.047377255,-0.033017684,-0.117080644,-0.044492465,0.0032696,0.12801808,0.012195465,0.00014450774,0.0042151646,85.90079
25701.545,-0.23623404,0.03307896,0.72865206,0.20003432,-0.22539376,0.0867321,-0.1176115,0.058631595,0.2117788,-0.079816855,0.42743403,-0.4595837,0.25134343,0.23752874,0.09177376,-0.015759917,0.15646549,-0.093582444,-0.039250616,0.047072414,-0.031011017,-0.11662027,-0.043243937,0.003929062,0.12889454,0.010949776,0.0004020268,0.003658021,84.99747
25790.658,-0.24131945,0.024413781,0.72869,0.20245364,-0.22190113,0.08874241,-0.11647927,0.05931199,0.20812695,-0.07976855,0.42606184,-0.4561798,0.2449273,0.23482172,0.09274973,-0.017516011,0.15334721,-0.09627006,-0.03906906,0.04828584,-0.033887696,-0.11662434,-0.045099456,0.0015983898,0.12683092,0.010460704,-0.0007717116,0.003694831,85.48241
25775.383,-0.24190477,0.025673188,0.7282657,0.20235421,-0.22572447,0.087353796,-0.11885724,0.06484478,0.20930915,-0.08481192,0.4265613,-0.45858186,0.2516444,0.23647264,0.09100105,-0.01783557,0.1558575,-0.093658954,-0.041379146,0.04641602,-0.0334447,-0.11719317,-0.04546578,0.0012864033,0.12646794,0.008588039,-0.0015106723,0.0037096275,84.597496
25751.072,-0.23786108,0.033686016,0.7260587,0.20323658,-0.22480863,0.08695412,-0.12014692,0.059659094,0.210361,-0.08114624,0.42697868,-0.456751,0.24863976,0.23563346,0.09139183,-0.018441457,0.15605353,-0.09482279,-0.040131517,0.046687428,-0.033001624,-0.11588666,-0.045598928,0.00086394564,0.12857267,0.010196777,-0.00075248256,0.0035762524,84.27983
25768.299,-0.24683711,0.031762145,0.72729945,0.20125008,-0.22241065,0.084842905,-0.119583346,0.063325934,0.20707968,-0.08079914,0.42785746,-0.45860383,0.24951535,0.23635222,0.09282613,-0.018192383,0.15515608,-0.095967956,-0.039167438,0.048565023,-0.032093305,-0.1172754,-0.044608135,0.0019923956,0.1261528,0.009826576,-0.0014104312,0.004463331,84.59372
25770.434,-0.2391368,0.031695735,0.7234282,0.20151272,-0.22546163,0.088638,-0.12231677,0.06345679,0.20574896,-0.082387894,0.42624605,-0.4563756,0.24944317,0.23367885,0.092548594,-0.01854617,0.15248947,-0.09399516,-0.03943589,0.046559975,-0.031468343,-0.11605614,-0.042834442,0.0020163837,0.1281184,0.011563342,-0.0005117487,0.005086799,84.93258
25775.225,-0.23512568,0.028506415,0.72816324,0.1972301,-0.2220543,0.09162908,-0.117442966,0.057749763,0.2063973,-0.07652101,0.4212959,-0.45477408,0.24514352,0.2336258,0.09242489,-0.016758453,0.15532112,-0.09551694,-0.03734814,0.047752455,-0.03192753,-0.11538637,-0.043446627,0.0025634794,0.12822458,0.012246066,-0.00025445595,0.005415459,85.300896
25732.732,-0.2405511,0.034329996,0.7247708,0.20250799,-0.22420491,0.0854976,-0.118259504,0.062623635,0.20936689,-0.082730085,0.42775506,-0.45789886,0.25084177,0.23782022,0.09256767,-0.016883768,0.1553294,-0.0926839,-0.04004689,0.045947623,-0.031951774,-0.11786632,-0.044220787,0.0019668904,0.12796684,0.011163817,-0.0005293414,0.004097738,84.62421
25755.19,-0.23770814,0.035520628,0.7264978,0.20036376,-0.2247457,0.087103166,-0.11707712,0.059092604,0.20791359,-0.08093654,0.42655098,-0.45781308,0.24764903,0.23562118,0.09333323,-0.01686642,0.1554693,-0.094504975,-0.039925773,0.04689981,-0.03152049,-0.11670264,-0.04499413,0.00033932744,0.12816127,0.011594363,-0.00081876386,0.003612626,85.03923
25723.635,-0.23864733,0.038135834,0.7251872,0.20044282,-0.22377753,0.08998067,-0.11829488,0.058509994,0.21010925,-0.07835829,0.42651042,-0.4577113,0.24917541,0.23576632,0.09153331,-0.017194575,0.15533942,-0.094290234,-0.03793584,0.04744408,-0.031684674,-0.11559983,-0.042757202,0.0026796018,0.12852293,0.012522078,-0.00029553287,0.004907905,84.600784
25732.877,-0.23569873,0.034748208,0.727598,0.19874427,-0.2248835,0.083318226,-0.11637939,0.059017677,0.21035077,-0.079300866,0.42545378,-0.4576982,0.2491011,0.23631474,0.09300691,-0.01750993,0.15625179,-0.09519225,-0.03935719,0.047139443,-0.03131266,-0.11680681,-0.04411236,0.0017041615,0.12903541,0.011358096,0.00011315289,0.003505239,84.900894
25793.633,-0.24463086,0.031908575,0.7286424,0.19905803,-0.22017439,0.08987404,-0.12072947,0.060468923,0.20700017,-0.07798589,0.42715955,-0.45632365,0.24594422,0.23377751,0.093034394,-0.017249178,0.15343179,-0.09402658,-0.038971562,0.04732731,-0.032802317,-0.11646549,-0.042594716,0.0021766536,0.12644237,0.010308702,-0.00088881515,0.0050391047,83.87186
25797.705,-0.24253826,0.029920967,0.7271887,0.19889773,-0.2192804,0.08887322,-0.122547776,0.06276615,0.20667443,-0.07930941,0.42520115,-0.45766324,0.24860355,0.23398167,0.09354506,-0.018510027,0.15578303,-0.09496305,-0.0399892,0.047364715,-0.033007827,-0.11674801,-0.043942947,0.0017053396,0.12523358,0.010589125,-0.0015600435,0.005290336,83.951385
25775.762,-0.23470916,0.03401197,0.72540176,0.19797748,-0.2272392,0.08808786,-0.12068238,0.06384501,0.2050996,-0.07974055,0.42431623,-0.45554066,0.24708074,0.23241717,0.09270963,-0.01642783,0.15426467,-0.09474149,-0.038882315,0.04599367,-0.031395003,-0.11533693,-0.043621853,0.0015024254,0.12891285,0.010248719,-0.000501981,0.0049499245,84.47782
25791.549,-0.23975495,0.031154161,0.7309602,0.19932733,-0.22032924,0.08933952,-0.11912668,0.061466265,0.20873636,-0.077974,0.42408985,-0.45583427,0.24704714,0.23395206,0.09237347,-0.017843423,0.15551473,-0.096854925,-0.039224003,0.047615305,-0.033539124,-0.11544598,-0.045484457,0.0014612,0.1267932,0.009463015,-0.0014355984,0.004327244,84.33052
25811.213,-0.24152744,0.030005831,0.72585094,0.20172979,-0.22211605,0.08914723,-0.12363529,0.063208096,0.20843528,-0.07968578,0.42598355,-0.45678785,0.24615593,0.23265213,0.09405069,-0.018501053,0.15337996,-0.095508754,-0.03946086,0.048024833,-0.032619648,-0.11646388,-0.04389778,0.0010944624,0.12670918,0.01052085,-0.0011086185,0.0049672183,84.12446
25762.807,-0.24585757,0.026399188,0.73019785,0.20083058,-0.2195004,0.086099915,-0.11973962,0.06296811,0.20921788,-0.081297316,0.4275521,-0.45695415,0.25060627,0.23662587,0.09117182,-0.019224199,0.15650941,-0.09629875,-0.040655334,0.04845365,-0.03187188,-0.11759491,-0.044448923,0.0014149994,0.12572822,0.0077353446,-0.0029548677,0.0046403534,83.70248
25765.166,-0.24508168,0.031191012,0.72921044,0.20250696,-0.22686167,0.08816055,-0.11777146,0.061175108,0.20892683,-0.082195304,0.42936474,-0.45829055,0.24638578,0.23533536,0.091343954,-0.015683813,0.15404831,-0.093765326,-0.039589036,0.047064733,-0.03142442,-0.11625098,-0.044809643,0.002086326,0.12771772,0.01013321,-0.00086512044,0.004365437,85.16912
25761.451,-0.23803625,0.032723024,0.73268145,0.20011213,-0.22031017,0.09233369,-0.117568865,0.056205243,0.21136555,-0.07777257,0.4238108,-0.45717347,0.24787857,0.23720306,0.09256385,-0.017000558,0.1571127,-0.09449432,-0.039327677,0.04716408,-0.030963589,-0.11546756,-0.043843213,0.0030338932,0.12659423,0.011605114,-0.0013526911,0.004308746,84.73128
25753.809,-0.23661245,0.034294825,0.7249712,0.1966409,-0.2236232,0.08685097,-0.12076668,0.06300399,0.20541444,-0.07929913,0.42658997,-0.4584382,0.25008002,0.23437925,0.09483289,-0.016368806,0.15446147,-0.09452497,-0.040452205,0.045818184,-0.032314226,-0.11705687,-0.043845233,0.0023447354,0.12785481,0.011548325,-0.00022835005,0.004792582,84.105545
25780.943,-0.23601943,0.034309383,0.73027086,0.19877501,-0.22165003,0.08806248,-0.118591495,0.057878077,0.20781577,-0.07829045,0.4253226,-0.45483568,0.24644414,0.23379247,0.09282347,-0.014817548,0.1567019,-0.094911635,-0.03900911,0.046336036,-0.03195385,-0.11597668,-0.04344296,0.0016703797,0.12858832,0.010719757,-0.0006498769,0.004111565,84.11636
25745.484,-0.23946172,0.03187964,0.72602797,0.20202726,-0.22456945,0.085567795,-0.11834761,0.061332677,0.20775898,-0.080688715,0.42677835,-0.45876977,0.24978012,0.23579443,0.0921105,-0.016464094,0.15527742,-0.09460281,-0.039543066,0.047422085,-0.030533819,-0.116968565,-0.043849073,0.0033292614,0.12756993,0.0111077,-0.0002785325,0.0042368877,85.30336
25759.834,-0.23335078,0.033363804,0.7331878,0.19995181,-0.22272608,0.09056866,-0.11693923,0.057211522,0.21097426,-0.07994897,0.42379412,-0.45880035,0.24923064,0.23754728,0.092569545,-0.014268164,0.15683325,-0.09358992,-0.039872795,0.045671098,-0.033111252,-0.116038956,-0.0437754,0.0024358951,0.12770197,0.012043755,-0.00052751414,0.0038519336,84.91783
25799.467,-0.24419321,0.026775826,0.7245662,0.203126,-0.22536315,0.08798841,-0.12086496,0.06442426,0.2066768,-0.08506643,0.42854252,-0.45763898,0.24800053,0.23390092,0.09241937,-0.018045535,0.15295608,-0.093529426,-0.04019859,0.04653639,-0.0326021,-0.11647778,-0.04399276,0.0010318533,0.12662408,0.010129641,-0.0010169251,0.0039255945,85.09667
25774.867,-0.24230103,0.03412705,0.72973603,0.19940421,-0.22273903,0.0885887,-0.12080215,0.06255946,0.20440796,-0.07989264,0.42874652,-0.4556834,0.24721535,0.23304662,0.09286927,-0.015992958,0.15466699,-0.093830965,-0.03998823,0.045850724,-0.03140274,-0.11582849,-0.042960938,0.0018685451,0.12767895,0.0091889035,-0.0016587805,0.004449101,83.76387
25737.836,-0.23541461,0.033781454,0.7268874,0.19896792,-0.224714,0.085769914,-0.11749159,0.06000555,0.20881468,-0.08032406,0.42464516,-0.45942014,0.2491827,0.23692335,0.09269494,-0.017108291,0.15653476,-0.09427555,-0.03846114,0.046857048,-0.031457096,-0.11582265,-0.04476494,0.0017091492,0.12840293,0.012124089,5.1765695e-05,0.004137893,85.16362
25769.662,-0.23865099,0.03544446,0.7227136,0.19751981,-0.22347781,0.08804899,-0.12338761,0.06340666,0.20387353,-0.07779498,0.42456472,-0.45546144,0.24837062,0.23306006,0.09467443,-0.018508106,0.15406829,-0.094507694,-0.038856324,0.046679705,-0.03147363,-0.116568044,-0.04348463,0.002422872,0.12806424,0.011647113,-0.00013437681,0.005619351,84.00138
25754.041,-0.24295184,0.02832228,0.7273629,0.20317079,-0.22138062,0.08884388,-0.117584266,0.061589345,0.21041742,-0.0824646,0.42699203,-0.45961234,0.25058788,0.23635526,0.09165237,-0.018476715,0.15487897,-0.0957092,-0.039690353,0.048082106,-0.034420766,-0.11701046,-0.0444849,0.0013237223,0.1263041,0.010643581,-0.0017249603,0.003963773,84.95672
25746.932,-0.23636611,0.030997857,0.72808486,0.19913699,-0.22487079,0.08959408,-0.11892447,0.05974336,0.21056215,-0.07994354,0.42473483,-0.4592091,0.25005525,0.23652643,0.09237926,-0.01741901,0.15673165,-0.094029695,-0.040083785,0.047257893,-0.03244928,-0.11639325,-0.044458356,0.0026203594,0.12662965,0.011231588,-0.0007965602,0.0040384405,85.02931
25759.16,-0.23896866,0.027212499,0.7243981,0.20075132,-0.22609517,0.08712269,-0.12044736,0.06257647,0.20704685,-0.08076133,0.42635465,-0.45634347,0.24910772,0.23364297,0.09106455,-0.01926212,0.15123534,-0.095015116,-0.03905956,0.04773975,-0.03277615,-0.116518855,-0.04376338,0.0034613574,0.12825911,0.011203487,0.0003496767,0.004539095,85.24542
25745.05,-0.23939905,0.033329148,0.7270568,0.19992426,-0.22260757,0.0895225,-0.11869311,0.060055807,0.20740233,-0.079937354,0.42683452,-0.4576814,0.25035766,0.23637678,0.09309114,-0.017403599,0.15398598,-0.093804434,-0.039042458,0.04657034,-0.03303843,-0.11640736,-0.04359736,0.003321329,0.12743802,0.011755389,-0.00064663123,0.0041854945,85.00806
25783.018,-0.23931143,0.034036834,0.72601354,0.20035765,-0.22558369,0.089839846,-0.11904533,0.05954455,0.20838666,-0.08076212,0.42721766,-0.45752203,0.24617709,0.23439142,0.09296518,-0.015003963,0.15331146,-0.093679644,-0.03886945,0.045956388,-0.03455421,-0.116360106,-0.04331305,0.0017820736,0.12812732,0.012284154,0.00054527214,0.004076989,84.88284
25763.0,-0.24045141,0.031185314,0.72907007,0.20197928,-0.2225668,0.086050294,-0.11802611,0.059003025,0.21054964,-0.081712514,0.42695653,-0.45728096,0.24923094,0.23628482,0.0915941,-0.017870469,0.15663198,-0.094916366,-0.04049141,0.04739968,-0.03309858,-0.116790384,-0.04541764,0.0007402311,0.12726834,0.009933645,-0.00059010927,0.0032287254,84.65971
25768.08,-0.23914523,0.025274111,0.7294427,0.20271674,-0.22495207,0.08463105,-0.11795385,0.06454991,0.21106242,-0.08375668,0.42531544,-0.45822302,0.2513894,0.23659185,0.08976061,-0.019793263,0.15652484,-0.09467802,-0.041275203,0.04714832,-0.034272227,-0.1171707,-0.046793934,0.00048868364,0.12645252,0.008348078,-0.0021333229,0.0034053863,83.99363
25757.574,-0.23460324,0.028808812,0.7294423,0.19736306,-0.22622946,0.0850144,-0.11975279,0.0634165,0.2089828,-0.082253344,0.42421642,-0.45927942,0.25126022,0.2369088,0.092031136,-0.01845471,0.15735598,-0.09388625,-0.040869873,0.04588068,-0.031060537,-0.11597753,-0.04497647,0.0015000496,0.12699075,0.009839679,-0.0013215113,0.004125701,84.23196
25774.768,-0.2449104,0.029324662,0.7273889,0.20289762,-0.22310059,0.08781551,-0.11952986,0.06302471,0.2081808,-0.0814665,0.42833933,-0.4567551,0.2468292,0.234474,0.091427654,-0.018726338,0.15281183,-0.09417537,-0.039346453,0.046979975,-0.03328252,-0.11627672,-0.04483738,0.0018228581,0.12693742,0.01055904,-0.0009564478,0.004645624,84.37819
25742.121,-0.23643558,0.03133071,0.72464305,0.19828494,-0.22571363,0.085153535,-0.11843206,0.062149003,0.20589371,-0.08189724,0.42757672,-0.45827475,0.24936092,0.2359039,0.09431079,-0.017217476,0.15441303,-0.09395564,-0.040974963,0.045845725,-0.03084391,-0.11715068,-0.04462357,0.0014381399,0.12824865,0.011165439,-0.00058994815,0.003859934,84.7406
25756.584,-0.23726766,0.029160868,0.7262216,0.20127417,-0.22821897,0.085053205,-0.11990158,0.062143058,0.21179706,-0.082899824,0.42608818,-0.4595547,0.24978839,0.23701155,0.0922748,-0.018167248,0.15556468,-0.09358955,-0.04000831,0.047202565,-0.030501077,-0.116571896,-0.044416618,0.0019470337,0.12767445,0.010340219,-0.0005790023,0.0037901506,84.97495
25718.84,-0.24033639,0.03651528,0.72288674,0.20321418,-0.22145551,0.08503405,-0.12137565,0.062063526,0.2107803,-0.081528254,0.4285933,-0.459895,0.25099036,0.23784086,0.0933807,-0.01782399,0.15607344,-0.093344465,-0.038749613,0.046473257,-0.03428829,-0.11713945,-0.043519296,0.001904496,0.12739791,0.011517911,0.0001933109,0.0037682394,84.51571
25741.87,-0.24412207,0.02864048,0.7256065,0.20523997,-0.22492035,0.08420414,-0.12012907,0.06426454,0.21076526,-0.08535025,0.42848694,-0.4580722,0.2525776,0.23691261,0.08978744,-0.020041438,0.1549328,-0.09494721,-0.040764406,0.04730711,-0.034086633,-0.11715231,-0.045575544,0.001750425,0.12693407,0.009306059,-0.0006681867,0.0033839315,84.92225
25733.049,-0.23768419,0.031071696,0.7286141,0.19750273,-0.22413005,0.09014135,-0.11748334,0.0572913,0.20893717,-0.078621276,0.42527083,-0.45791328,0.25012147,0.23666783,0.09272862,-0.016395155,0.15505278,-0.09445698,-0.038700882,0.047810715,-0.030360693,-0.116821714,-0.04247732,0.004634114,0.12759596,0.012032062,-0.00013410207,0.0043917843,85.45641
25783.611,-0.24122599,0.02695755,0.7282251,0.20033295,-0.22499882,0.08750253,-0.11877602,0.06337889,0.2087484,-0.08093561,0.42570964,-0.45649496,0.2487896,0.2345442,0.0908099,-0.017949114,0.15446822,-0.09459756,-0.03973701,0.04735532,-0.033496965,-0.11675345,-0.04479665,0.0018944526,0.12732902,0.008892915,-0.0012060041,0.0042531444,84.32025
25761.352,-0.23620653,0.038134526,0.725584,0.19746402,-0.22519355,0.086425744,-0.11957882,0.05713139,0.20512377,-0.07803556,0.427444,-0.45866123,0.24445218,0.23409157,0.09577051,-0.015460459,0.154595,-0.09531551,-0.03831088,0.047194198,-0.02994585,-0.11582578,-0.042875618,0.0011658147,0.12879543,0.013228571,-2.9264023e-05,0.004525234,84.89996
25780.709,-0.2389982,0.02984852,0.7299324,0.20131704,-0.22474395,0.0881463,-0.119207144,0.06241979,0.20577586,-0.081203096,0.42539847,-0.45652393,0.24855426,0.23451577,0.091373146,-0.017767174,0.15502335,-0.09463401,-0.04080398,0.04681488,-0.03105935,-0.115951166,-0.044829827,0.0018033148,0.12703946,0.009871478,-0.0021078736,0.0041707633,84.44099
25740.598,-0.23463057,0.030439576,0.7268159,0.19925457,-0.22647762,0.09082355,-0.117355004,0.059715413,0.21069513,-0.07834682,0.42398188,-0.45891997,0.24746814,0.23669681,0.09276029,-0.015096734,0.15386546,-0.09481617,-0.03749723,0.0473854,-0.03288076,-0.11557901,-0.043524772,0.004453129,0.12826869,0.012440623,0.0010519885,0.004042921,86.15381
25734.156,-0.23764616,0.033118695,0.72815406,0.19779454,-0.22336774,0.08864184,-0.1174425,0.059860002,0.20843948,-0.078996286,0.42555255,-0.45856643,0.24888892,0.23575017,0.09315391,-0.015504239,0.15532589,-0.09454105,-0.038194664,0.046839386,-0.03126251,-0.11648904,-0.042662177,0.0028511058,0.12840986,0.011348466,-7.6288365e-05,0.005003545,84.838776
25747.424,-0.23585403,0.033598844,0.7244635,0.20116022,-0.22515672,0.08881606,-0.117475435,0.0596106,0.20939796,-0.07837215,0.42391703,-0.4553558,0.24699274,0.23487905,0.09067878,-0.016717244,0.1561551,-0.09319709,-0.039078698,0.046509217,-0.03292362,-0.11576334,-0.044816125,0.002041447,0.12879981,0.011745438,0.00062988745,0.0045179543,85.18771
25786.154,-0.2454172,0.032882053,0.72697103,0.20283367,-0.22200994,0.089392774,-0.12193584,0.064330734,0.20630752,-0.08142451,0.4274511,-0.45599517,0.24724671,0.23496325,0.09191734,-0.01700359,0.15508126,-0.093954444,-0.039548203,0.0460639,-0.03292364,-0.11599911,-0.044059742,0.0016293335,0.12617774,0.0101803355,-0.0016338639,0.0055408697,84.188995
25747.422,-0.24206254,0.029665515,0.73079854,0.19995148,-0.22254936,0.086647585,-0.116623715,0.059660107,0.2107733,-0.08080433,0.42738926,-0.45855564,0.24819058,0.23790245,0.09166686,-0.017798547,0.15630567,-0.09431887,-0.039538987,0.04724795,-0.03199095,-0.11608895,-0.044535447,0.0016624923,0.12675269,0.010780181,-0.0013005221,0.004340902,84.52865
25766.281,-0.24238509,0.028927313,0.73209655,0.20070376,-0.22394978,0.08674623,-0.11641238,0.06058537,0.21060635,-0.08225434,0.42763418,-0.45749393,0.24977615,0.23573706,0.09061873,-0.017944798,0.15593871,-0.09423581,-0.040256537,0.04702986,-0.0319547,-0.11627725,-0.045097936,0.0015454171,0.12716816,0.00961823,-0.0011261357,0.0037327923,84.5934
25762.688,-0.24294575,0.037327006,0.7264772,0.20198886,-0.22440623,0.085268214,-0.122510806,0.06391891,0.21012163,-0.08212333,0.42863458,-0.45862406,0.24913277,0.23700742,0.09314223,-0.016579797,0.15654464,-0.09302096,-0.040739916,0.046025407,-0.032213587,-0.11659418,-0.044055656,0.0011781561,0.12683088,0.010298124,-0.00093145575,0.0042065927,84.08014
25776.436,-0.24445677,0.025549637,0.72980255,0.20240805,-0.22333573,0.083382525,-0.11905057,0.06539638,0.209433,-0.08420514,0.42706344,-0.45742992,0.25243023,0.23685007,0.09089157,-0.020116284,0.15669103,-0.09400072,-0.041689977,0.04766833,-0.031350367,-0.11787134,-0.045014303,0.00083826674,0.12548603,0.0072520925,-0.00290934,0.0037224465,84.17502
25772.758,-0.23857234,0.033122152,0.72882056,0.19905907,-0.22129937,0.087370455,-0.120229736,0.061152134,0.20716842,-0.079306036,0.4253024,-0.45602363,0.24847142,0.23532228,0.09321485,-0.015884737,0.15769835,-0.09395518,-0.039404366,0.04589751,-0.031688202,-0.116286114,-0.04406052,0.002276144,0.12747356,0.010477981,-0.0011913851,0.004727264,84.011635
25755.482,-0.23834918,0.03239096,0.72840834,0.20053762,-0.22074574,0.085673906,-0.11972658,0.058081627,0.21008226,-0.08067606,0.4256297,-0.45720935,0.24949205,0.23742884,0.093144685,-0.018051688,0.15645942,-0.09512616,-0.039029066,0.0468777,-0.03256566,-0.11621607,-0.04423738,0.0018406678,0.12755649,0.010989549,6.7371816e-06,0.003698915,84.989525
25799.799,-0.23709956,0.02909493,0.72786105,0.19843781,-0.22228634,0.0869112,-0.117929846,0.059370045,0.21131036,-0.07905449,0.42342448,-0.45615718,0.2466716,0.2342362,0.09368581,-0.018835353,0.1549363,-0.09490143,-0.039353024,0.04803933,-0.032416403,-0.11674723,-0.044381566,0.00013781764,0.12759183,0.010650481,-0.0006972477,0.003930797,84.598114
25747.7,-0.23874722,0.034432434,0.72880834,0.19833604,-0.22242704,0.08728962,-0.116950765,0.058796775,0.20685562,-0.07724337,0.42651385,-0.4581322,0.24849543,0.23343915,0.0934356,-0.016333433,0.15460214,-0.09662741,-0.039294627,0.04824673,-0.03163536,-0.11672916,-0.044037897,0.00305514,0.12810937,0.011835512,-0.00015873555,0.004060086,85.163994
25755.592,-0.23923331,0.036481813,0.72841394,0.19857757,-0.22191894,0.086015135,-0.12150003,0.062089555,0.20671281,-0.080354266,0.426051,-0.45856625,0.250971,0.23676035,0.09403265,-0.018012855,0.1572602,-0.09387241,-0.040317483,0.04551291,-0.03170774,-0.11586807,-0.04453577,0.0019625374,0.12660615,0.010223619,-0.0009582946,0.004156976,83.898346
25742.344,-0.2313322,0.03354693,0.7277191,0.19870138,-0.22804013,0.09000433,-0.11667004,0.060181227,0.21166438,-0.080583185,0.42317733,-0.45907655,0.25132024,0.23719607,0.09359049,-0.015487406,0.15603045,-0.09361717,-0.039333392,0.04616584,-0.031303667,-0.116175026,-0.04468142,0.0030834894,0.12894613,0.01132373,0.00034882594,0.003038218,85.471436
25761.852,-0.24222673,0.028497484,0.72827584,0.20255975,-0.22571985,0.087187044,-0.11788349,0.06327405,0.20864215,-0.08249902,0.4270393,-0.45703706,0.24953556,0.23606767,0.090851374,-0.017649278,0.15421747,-0.09488195,-0.04153392,0.04728727,-0.031717055,-0.11670617,-0.045374688,0.0018044738,0.126956,0.00928376,-0.0013949769,0.0040433346,85.32005
25768.904,-0.24202237,0.03098361,0.7290268,0.20140639,-0.22070427,0.08608216,-0.12022057,0.063118435,0.21096928,-0.081891716,0.426798,-0.45694143,0.25007594,0.2370389,0.091748774,-0.015925072,0.15786187,-0.093660094,-0.040796597,0.045839112,-0.034068327,-0.11700014,-0.04466484,0.0016384362,0.12660982,0.008625661,-0.00046442728,0.0037436145,84.00834
25743.592,-0.2347122,0.034811396,0.7275459,0.19792098,-0.2235333,0.08922923,-0.12059049,0.057806652,0.2117762,-0.077484585,0.42366096,-0.45723128,0.2483285,0.23737442,0.093572594,-0.017470323,0.1547385,-0.09467415,-0.037764456,0.047253672,-0.031902242,-0.115497924,-0.043428186,0.0033050147,0.12877244,0.01238181,0.0010731756,0.0043085474,84.95055
25768.232,-0.24136563,0.027521031,0.73227686,0.20315535,-0.22086564,0.084657766,-0.1162193,0.059411682,0.21060625,-0.08157486,0.42763945,-0.45791635,0.24751754,0.23623538,0.09174416,-0.01798604,0.15662928,-0.09538914,-0.040656425,0.047444675,-0.03410037,-0.1170079,-0.045690782,0.00023484422,0.12663622,0.009462818,-0.001622567,0.002925243,84.340706
25766.436,-0.23498808,0.03145847,0.72556865,0.20050852,-0.22650318,0.09148935,-0.11852246,0.05891248,0.20639364,-0.07973605,0.42552465,-0.4573718,0.24550642,0.2322019,0.092243634,-0.01678412,0.15253468,-0.09487307,-0.037369713,0.04763954,-0.030776039,-0.11473137,-0.042979553,0.0021558153,0.12894139,0.01295487,0.0003319732,0.0047188513,85.74713
25727.195,-0.23707445,0.03480183,0.7257857,0.20321177,-0.22555988,0.08571067,-0.120282054,0.061297007,0.21170862,-0.081452,0.42628983,-0.45941216,0.2511914,0.23750168,0.091902085,-0.0175198,0.15512215,-0.094564304,-0.039970104,0.046615064,-0.033297483,-0.11674806,-0.044890285,0.0030297851,0.12802766,0.0116904555,0.00023121107,0.003948724,84.80856
25787.16,-0.24464925,0.02746202,0.727223,0.2001528,-0.22036827,0.086076744,-0.12091598,0.0637444,0.20612526,-0.08010218,0.4264144,-0.45602816,0.2479636,0.23356295,0.09177311,-0.019066067,0.15511584,-0.096260004,-0.039359204,0.04782449,-0.03236309,-0.11650582,-0.04413812,0.0011750213,0.12664133,0.009544841,-0.0016632564,0.0056840093,83.82465
25716.754,-0.23921311,0.033093333,0.72975713,0.20082512,-0.2238811,0.087743126,-0.11756294,0.060072728,0.21096985,-0.07937619,0.42620453,-0.4579908,0.24949796,0.23823169,0.09186166,-0.017148102,0.1563264,-0.09441514,-0.038615655,0.04690659,-0.03254472,-0.11559512,-0.044668056,0.0033232286,0.12790282,0.010288345,-2.440997e-05,0.0037036212,85.12631
25796.885,-0.24180554,0.027004149,0.72965395,0.19967912,-0.22249542,0.0896409,-0.12001267,0.060407046,0.20903343,-0.08036986,0.4251883,-0.45671073,0.24698807,0.23581997,0.091901444,-0.018074643,0.15504451,-0.09502805,-0.039069545,0.04746572,-0.032826215,-0.11597646,-0.044434052,0.0015202384,0.12674788,0.009979618,-0.0012438586,0.0046677496,84.4246
25702.97,-0.23746268,0.031158885,0.72612494,0.20248273,-0.22603439,0.08827355,-0.11513611,0.059044745,0.21155575,-0.07993539,0.42453498,-0.45800537,0.25170353,0.23752774,0.08943379,-0.017869633,0.15496342,-0.09513293,-0.038820013,0.04827274,-0.0316678,-0.116655745,-0.044446282,0.004333598,0.12850553,0.012161912,0.00039404817,0.004308786,86.1201
25790.365,-0.23539434,0.03042986,0.72928,0.19994117,-0.22606823,0.08697183,-0.11685562,0.06001818,0.20902574,-0.08117232,0.4235961,-0.4555082,0.24817303,0.2334049,0.09118999,-0.018053893,0.15697081,-0.09477398,-0.04005472,0.047390174,-0.0311723,-0.11580094,-0.04525669,0.00027482124,0.12785068,0.010137647,-0.0013412153,0.0036049215,84.916214
25745.535,-0.23708981,0.02721356,0.73012465,0.20031898,-0.22542787,0.08879399,-0.114804894,0.05977617,0.20977813,-0.0817534,0.42651513,-0.45920858,0.25024801,0.23673807,0.09190103,-0.016079158,0.15495436,-0.092737935,-0.040002942,0.04657416,-0.0329279,-0.1168144,-0.04386274,0.002542918,0.12764053,0.011003278,-0.0005118465,0.0032988722,85.369156
25736.746,-0.23498246,0.03283871,0.7209526,0.19864468,-0.2259192,0.088391885,-0.11893762,0.05865578,0.204753,-0.07870102,0.42665893,-0.45819178,0.24722151,0.23360753,0.09435142,-0.016208693,0.15191296,-0.094622865,-0.038378462,0.04707513,-0.032166757,-0.11681047,-0.041977905,0.0037696278,0.12856196,0.013849866,0.0014401278,0.0043619326,86.04428
25745.854,-0.24189974,0.03475542,0.7297593,0.2006333,-0.22293101,0.0872059,-0.120638445,0.061969876,0.21086957,-0.08186497,0.42712578,-0.4586343,0.2533198,0.23756129,0.09197051,-0.017932823,0.15650274,-0.09408149,-0.04029951,0.046903968,-0.032124445,-0.116565175,-0.043108303,0.0022282852,0.1267038,0.009529424,-0.0013952116,0.0043567144,84.09155
25757.146,-0.24073005,0.033991862,0.7299041,0.19869743,-0.21903765,0.08890288,-0.118360326,0.0585598,0.21121386,-0.0784398,0.42587355,-0.45840716,0.24985379,0.23684052,0.093365885,-0.01689392,0.15596002,-0.09569626,-0.03869537,0.047446217,-0.032994427,-0.11652045,-0.04344242,0.0029257266,0.12675726,0.010622772,-0.0006656023,0.003975982,84.59896
25766.523,-0.24091083,0.039080042,0.72621685,0.19805634,-0.22338566,0.091677226,-0.120504126,0.060231432,0.20693558,-0.0783753,0.42797756,-0.45785213,0.24822854,0.23298371,0.09316879,-0.014198366,0.15392525,-0.092212036,-0.03945545,0.045727056,-0.03248592,-0.116339535,-0.041086264,0.0031126766,0.12745008,0.01222489,0.0003232723,0.0051635406,84.406876
25745.967,-0.24120666,0.032305088,0.72799516,0.20252004,-0.22327295,0.088652074,-0.119610146,0.061334636,0.20941062,-0.080419645,0.42701092,-0.45820785,0.24826458,0.23678944,0.09167355,-0.01662539,0.15537027,-0.092688076,-0.039679926,0.04645021,-0.03283198,-0.1170007,-0.044142846,0.0022718352,0.12730479,0.010793396,-0.0010077786,0.004762297,84.6232
25768.08,-0.24338686,0.033252202,0.72812915,0.20069066,-0.22160374,0.08628159,-0.118957825,0.06336106,0.20809759,-0.081645645,0.42839372,-0.45817792,0.24930401,0.23653105,0.09321369,-0.017136227,0.1555877,-0.09387681,-0.041449707,0.04599549,-0.034169864,-0.11766209,-0.04489796,0.00042758748,0.12630953,0.009516305,-0.0020081252,0.00375835,83.52773
25729.043,-0.2405505,0.03388385,0.7309158,0.20163338,-0.2196038,0.09145183,-0.11869921,0.059698287,0.21132283,-0.07973037,0.42512548,-0.45787,0.25162262,0.23842567,0.091667004,-0.01591936,0.15773147,-0.09340022,-0.03818099,0.046672188,-0.032813776,-0.1161888,-0.042264443,0.0035399334,0.12697855,0.010893739,-0.0010072645,0.0046175052,84.69379
25761.11,-0.24483484,0.02937122,0.72730166,0.20374845,-0.22306229,0.0867288,-0.12152332,0.06411895,0.20798504,-0.082519166,0.4292029,-0.45761105,0.24896897,0.23482893,0.09095598,-0.019214453,0.1542414,-0.09564261,-0.041081544,0.047187123,-0.031473644,-0.11619974,-0.044939023,0.0020344951,0.12633735,0.009614342,-0.0019417545,0.004806824,84.111824
25752.121,-0.23854257,0.028624762,0.7274232,0.20149085,-0.22445391,0.08723939,-0.11822917,0.0630346,0.20961583,-0.08270743,0.42650643,-0.45896345,0.25160035,0.23708431,0.09175318,-0.018348942,0.1563743,-0.09353509,-0.040911186,0.04625045,-0.03405315,-0.11737432,-0.04565798,0.0013183556,0.12673363,0.009489242,-0.0018881643,0.003412995,83.96988
25745.531,-0.23516321,0.027421596,0.7290547,0.2008611,-0.22535826,0.08671076,-0.115735814,0.059847422,0.21151695,-0.08183029,0.42480657,-0.45875457,0.250013,0.23678167,0.09065633,-0.017387597,0.156351,-0.096094124,-0.039802045,0.047541387,-0.033288907,-0.11642571,-0.045670636,0.0013227374,0.12813085,0.010528466,-0.0004945416,0.0035203192,85.00048
25776.281,-0.23703733,0.032585982,0.7245935,0.19731446,-0.22622173,0.090543784,-0.11827737,0.05917712,0.2084392,-0.077288724,0.42494473,-0.45555645,0.24526373,0.23449624,0.09271116,-0.014517434,0.15359995,-0.09344816,-0.03798445,0.046813197,-0.030485494,-0.11613448,-0.042384386,0.0033757393,0.128941,0.011237435,0.00019192696,0.0049203243,84.92845
25741.0,-0.23330374,0.034459345,0.72645324,0.19767922,-0.2258595,0.090863205,-0.115155205,0.05626731,0.20669264,-0.075168185,0.42457694,-0.45629176,0.24451916,0.23389977,0.09369821,-0.014682825,0.15150358,-0.095061205,-0.037462402,0.04774863,-0.030449217,-0.1154235,-0.042367965,0.0046904874,0.12924303,0.013326425,0.0012129312,0.0040915264,86.41153
25768.244,-0.23165008,0.03374514,0.72984815,0.19392484,-0.2234383,0.09065613,-0.11799215,0.056860767,0.2081263,-0.076405756,0.42381907,-0.45862246,0.2455817,0.23408355,0.096005015,-0.014531571,0.15454997,-0.09527191,-0.037542894,0.046939496,-0.031532552,-0.11498145,-0.04171767,0.0026395074,0.12830554,0.012851216,0.00075004203,0.0042206957,85.45504
25770.5,-0.24359708,0.030030783,0.7278273,0.20056012,-0.22268964,0.08903124,-0.11857917,0.06208744,0.20553024,-0.07928647,0.42647922,-0.4558006,0.24843378,0.2338724,0.0918089,-0.017296547,0.15410721,-0.09489907,-0.039334383,0.047924936,-0.03006339,-0.116757296,-0.04371346,0.0032715192,0.12686872,0.009434036,-0.001417812,0.00497222,85.06157
25739.059,-0.23654772,0.028456526,0.7254317,0.19722192,-0.22392315,0.08740538,-0.1178071,0.05718517,0.20884506,-0.07862547,0.4261742,-0.45868653,0.24743195,0.23544057,0.093074374,-0.016581574,0.15288354,-0.09523279,-0.038206957,0.047671713,-0.033416044,-0.11628528,-0.042982772,0.0033647795,0.12876034,0.012692865,0.0018422231,0.004247742,86.03062
25745.855,-0.23612858,0.035822023,0.72519183,0.19855593,-0.22533956,0.088821396,-0.12239121,0.06191084,0.20658423,-0.080863506,0.4256286,-0.4595406,0.25242966,0.23626052,0.09453843,-0.017282495,0.15458846,-0.09488552,-0.039524317,0.046848815,-0.03128051,-0.116271146,-0.043010112,0.0032341254,0.12752359,0.012097935,-0.00035679713,0.0044240793,84.75141
25755.602,-0.24223517,0.037709557,0.721843,0.20020138,-0.2253204,0.086565994,-0.1244231,0.06445412,0.20729704,-0.08240917,0.4310979,-0.46004602,0.24979882,0.23460686,0.09438165,-0.016843576,0.15285373,-0.09360608,-0.04017126,0.04601907,-0.03386032,-0.11678039,-0.042675246,0.00149938,0.12753819,0.011363331,0.00012945384,0.004133087,83.95606
25701.256,-0.23691584,0.03551013,0.73028743,0.19986899,-0.22270119,0.08850697,-0.11477075,0.05829737,0.20989433,-0.0801698,0.42625913,-0.45789012,0.25355384,0.23785636,0.091320425,-0.015431998,0.15800865,-0.09351257,-0.039728273,0.046507828,-0.032043356,-0.11706848,-0.04307744,0.002746428,0.12852132,0.0107104955,-0.0011435952,0.0038565204,84.873825
25733.19,-0.23723044,0.038921367,0.72498345,0.1991461,-0.22418413,0.091498554,-0.12154977,0.05895986,0.20798409,-0.0787314,0.42686206,-0.458701,0.24950176,0.23492399,0.09319055,-0.014773549,0.15374194,-0.09366772,-0.03820349,0.046416502,-0.0325356,-0.1161062,-0.04124225,0.004171737,0.12861589,0.013380901,0.00045404397,0.005045893,85.16539
25709.404,-0.2380798,0.036305018,0.7312281,0.19799723,-0.22123745,0.08870152,-0.11749346,0.059225824,0.2096279,-0.07947275,0.4266722,-0.4600043,0.252199,0.23907608,0.09349993,-0.015286045,0.15708268,-0.09408782,-0.040640417,0.045534175,-0.032231227,-0.11625385,-0.043140076,0.003400454,0.12710367,0.011388268,-0.0003342731,0.004205524,84.68431
25764.916,-0.23839797,0.02847345,0.73076934,0.19733903,-0.22212362,0.09041264,-0.114691556,0.05765791,0.20651469,-0.07867866,0.42582244,-0.45731935,0.24729064,0.23479204,0.09332299,-0.013754794,0.15422688,-0.0942809,-0.038753945,0.04668075,-0.033014372,-0.116779394,-0.042489044,0.0031590634,0.1280009,0.01149169,-2.3547565e-05,0.0042098477,85.48291
25777.672,-0.24056338,0.026012832,0.7274944,0.20493953,-0.22544274,0.08506319,-0.119710974,0.064781815,0.20994538,-0.084987015,0.4261458,-0.45703322,0.24983332,0.23525575,0.09046887,-0.01974049,0.15610054,-0.094588555,-0.04189039,0.046735764,-0.033461213,-0.11669806,-0.046668705,0.00011932576,0.12675156,0.00871821,-0.0017686812,0.003398966,84.48817
25765.78,-0.24040672,0.027159473,0.7263046,0.20141798,-0.22635199,0.08622078,-0.11900622,0.0638695,0.20958494,-0.08237716,0.42745292,-0.4585889,0.24947429,0.23519036,0.09089388,-0.018024174,0.15458618,-0.09530933,-0.040680356,0.047390807,-0.0334086,-0.116890125,-0.045908548,0.00194642,0.12691513,0.009437224,-0.0011322014,0.0037612454,84.48145
25758.523,-0.24032687,0.029110463,0.72574407,0.19937168,-0.2207951,0.08962394,-0.117796585,0.06088667,0.20814832,-0.07804882,0.4259158,-0.45751107,0.246965,0.23384488,0.09257147,-0.016021455,0.15344526,-0.09597002,-0.038841,0.04806602,-0.03209892,-0.11708405,-0.04272204,0.0027398076,0.12745415,0.011057649,-0.0005596401,0.005202797,85.03643
25748.43,-0.24126184,0.030912034,0.7270143,0.20056774,-0.22280647,0.084615536,-0.11998877,0.061862748,0.20983596,-0.08132986,0.42819685,-0.46019903,0.24996507,0.23725443,0.09305387,-0.017286213,0.15544176,-0.09586191,-0.04013433,0.047643743,-0.033600517,-0.11732945,-0.043859147,0.0015405859,0.1265403,0.010411996,-0.00082038436,0.004318406,84.30265
25763.58,-0.24472004,0.024937488,0.73177975,0.20438187,-0.22043093,0.08495736,-0.11730181,0.062463623,0.21097535,-0.08292512,0.42667022,-0.45791543,0.25076124,0.23772493,0.09023745,-0.020444969,0.15805043,-0.09680101,-0.040166456,0.04870275,-0.033300817,-0.11704091,-0.046691727,1.0473245e-05,0.12571941,0.0077422587,-0.0032052267,0.003735962,84.05386
25723.06,-0.23938152,0.03200866,0.7282683,0.20173429,-0.22235887,0.086148724,-0.11803375,0.059340876,0.20885007,-0.08004486,0.4279147,-0.45882225,0.24940823,0.23624736,0.091868185,-0.018478666,0.15441844,-0.09542632,-0.03957417,0.04734904,-0.03261804,-0.11595531,-0.044580985,0.0030083857,0.12760864,0.011945805,-0.00046901312,0.004071137,85.1028
25762.227,-0.23351364,0.029750742,0.7284844,0.1991175,-0.22502449,0.09369695,-0.118228525,0.05827694,0.20989123,-0.07848253,0.42258596,-0.45592603,0.24931298,0.23537126,0.09234248,-0.01619984,0.15497148,-0.09409808,-0.03896955,0.04716922,-0.031788938,-0.11554938,-0.043764204,0.0036369965,0.12846029,0.011051753,7.771886e-05,0.004022767,85.79189
25788.14,-0.2409047,0.030761337,0.73045975,0.19808115,-0.22539578,0.08865235,-0.11901985,0.061040472,0.20422703,-0.080385365,0.4262301,-0.45774353,0.24708568,0.23357922,0.09312085,-0.01696266,0.15443248,-0.094686046,-0.040217478,0.046451695,-0.030891543,-0.11563079,-0.044285253,0.0021599852,0.12694983,0.010632326,-0.001332514,0.0045834556,84.70166
25770.693,-0.2401546,0.031370565,0.7288366,0.2015324,-0.22448634,0.08460482,-0.119832106,0.06282949,0.20919701,-0.08193526,0.4277706,-0.45769978,0.24809699,0.23536928,0.09228492,-0.017619064,0.15665637,-0.09414664,-0.040417153,0.046478234,-0.030919747,-0.11608959,-0.04540344,0.0009149854,0.1273364,0.008759056,-0.0017188312,0.003791435,83.80684
25745.016,-0.23826775,0.03647991,0.72960794,0.19852573,-0.2245613,0.08864276,-0.116946325,0.05970028,0.21195744,-0.07985837,0.425971,-0.45972273,0.25161242,0.23617469,0.092410564,-0.016163062,0.15644187,-0.09478654,-0.04009396,0.047407288,-0.032639984,-0.11678528,-0.044144467,0.0022487035,0.12757306,0.011147376,-0.0004223045,0.0034824163,84.77899
25748.818,-0.2425577,0.029504677,0.73235196,0.20086846,-0.21991658,0.08494333,-0.11780792,0.061400615,0.21038581,-0.08156459,0.42586988,-0.45700216,0.25167266,0.23876475,0.091146536,-0.019376574,0.1573396,-0.094672784,-0.040064093,0.047077123,-0.032673337,-0.11687393,-0.045237526,0.0018266672,0.1263607,0.009156317,-0.0019375915,0.0040695714,84.038864
25760.61,-0.23361291,0.03913761,0.7242665,0.1993708,-0.22472917,0.09013157,-0.11896401,0.05693461,0.20780358,-0.07814398,0.4258722,-0.45736736,0.24458592,0.2328948,0.09553209,-0.015246291,0.15336315,-0.09439058,-0.038199022,0.04693135,-0.031785715,-0.11596783,-0.042793643,0.0015532188,0.12927738,0.013907415,0.00069840346,0.0035697543,85.51149
25761.375,-0.24276961,0.028394505,0.73135805,0.20257856,-0.22326954,0.084597364,-0.11754039,0.06290824,0.20852311,-0.083237015,0.42715496,-0.45780277,0.2510675,0.23622128,0.090178885,-0.018533308,0.15745479,-0.09378971,-0.04165501,0.046877775,-0.0314042,-0.11734613,-0.045770835,0.0012260769,0.1263814,0.009066418,-0.0023921384,0.0039695185,84.06909
25763.582,-0.24458693,0.02955468,0.72883326,0.20540467,-0.22267762,0.085881315,-0.119760066,0.06394869,0.2089954,-0.08274948,0.42721358,-0.45624244,0.24941157,0.23686133,0.091182716,-0.019276682,0.15542665,-0.09368143,-0.04038607,0.046928044,-0.031872224,-0.117102414,-0.045654397,0.0016570864,0.12679116,0.009590818,-0.0021043988,0.0043905913,84.12057
25784.072,-0.23829499,0.032297775,0.73213357,0.19714244,-0.22095944,0.09057821,-0.117933765,0.056859426,0.20710298,-0.076892786,0.4250146,-0.4572878,0.24632315,0.2340008,0.093270436,-0.014364457,0.15575223,-0.09526314,-0.039488208,0.047422387,-0.031406876,-0.116387986,-0.04298735,0.0030421852,0.12692593,0.011672348,-0.0007304931,0.004778587,85.01723
25744.443,-0.24103603,0.029006235,0.7312098,0.19902554,-0.2209174,0.0884863,-0.11726945,0.06080636,0.20941055,-0.078965545,0.4260382,-0.45683408,0.24957883,0.23566554,0.09084047,-0.017416442,0.15696846,-0.09494467,-0.03971942,0.047446903,-0.03159106,-0.11599777,-0.04398911,0.002435599,0.1270453,0.009318615,-0.0014375327,0.004832865,84.48975
25763.5,-0.24172762,0.0297294,0.7300894,0.20057501,-0.22355714,0.08767152,-0.11850003,0.060552917,0.20984232,-0.08173,0.42775875,-0.4582587,0.24974245,0.23529164,0.09124296,-0.018655863,0.15558343,-0.09691136,-0.03936744,0.048525844,-0.031729367,-0.115886725,-0.04515316,0.0013294634,0.12705861,0.009558476,-0.0020421725,0.0040065595,84.46785
25768.434,-0.23847327,0.029761989,0.72527957,0.20042342,-0.22541898,0.08592996,-0.120051675,0.062633894,0.20754753,-0.08247702,0.4263004,-0.45845392,0.24883726,0.2361728,0.09361368,-0.017396362,0.15464601,-0.09458154,-0.04044455,0.046509486,-0.031855617,-0.11619225,-0.045334455,0.0015099254,0.12743299,0.010392924,-0.00019552466,0.0037539843,85.53862
25768.098,-0.23507054,0.03544343,0.72858816,0.2006951,-0.22388655,0.08848723,-0.11868449,0.05914535,0.20815018,-0.0794887,0.42578697,-0.45571065,0.24802074,0.23333108,0.09191479,-0.015356008,0.15718417,-0.09371571,-0.039667696,0.04633238,-0.031856127,-0.11604595,-0.04431008,0.001499326,0.12869152,0.0105818175,-0.00054735225,0.0035524769,84.296585
25776.086,-0.24074231,0.034909233,0.728545,0.20145266,-0.2226966,0.088552065,-0.121907696,0.060409933,0.20795245,-0.080048785,0.42671838,-0.45653465,0.2478951,0.23486446,0.09370772,-0.017547004,0.15391028,-0.094545245,-0.038745206,0.047058385,-0.031958908,-0.11578427,-0.043438036,0.001861664,0.12821674,0.010850734,-0.00046807434,0.0041361437,84.49959
25757.676,-0.24034691,0.034134593,0.72726566,0.20052376,-0.22329587,0.08774007,-0.1185722,0.06055503,0.20711547,-0.07951848,0.4263147,-0.45611086,0.24897698,0.23569289,0.09324038,-0.015959894,0.15545063,-0.09397683,-0.03919078,0.04732706,-0.030786853,-0.1175156,-0.04308551,0.0032452852,0.12760638,0.011240315,-0.0010008225,0.0043345205,84.767395
25732.611,-0.23777303,0.033436768,0.7248677,0.20195605,-0.22521748,0.085187934,-0.11998632,0.061156545,0.20889965,-0.081305005,0.42692456,-0.46033603,0.24923913,0.23840438,0.09459978,-0.016742686,0.15491931,-0.094950676,-0.038831852,0.046883125,-0.031178007,-0.11614759,-0.044497598,0.0033054354,0.12780668,0.012152794,0.00034826994,0.0037121535,85.75101
25729.23,-0.23533766,0.03394615,0.72620773,0.19919017,-0.22409141,0.08831834,-0.119406365,0.059387755,0.20778534,-0.07987661,0.42787898,-0.45904472,0.2489521,0.23436789,0.09375377,-0.017613139,0.15443762,-0.094542444,-0.03944046,0.04722617,-0.030488973,-0.11627182,-0.043118212,0.0019351542,0.12826228,0.011532903,-0.001438749,0.0041251327,84.60417
25749.758,-0.23395488,0.033769984,0.7302238,0.19774376,-0.22728124,0.092398725,-0.11865893,0.058494747,0.20996049,-0.07962781,0.42403752,-0.45957536,0.24883476,0.23768711,0.093062796,-0.015088524,0.15533064,-0.0932887,-0.038590685,0.04602334,-0.031116918,-0.11508171,-0.043714292,0.0031927824,0.128398,0.012600225,3.262236e-05,0.004659611,85.26217
25745.975,-0.2348805,0.038466416,0.72422945,0.19457524,-0.22672799,0.09111532,-0.12006768,0.055887174,0.2093096,-0.076864496,0.42724252,-0.45968267,0.2456067,0.23470114,0.09610614,-0.013636904,0.15143162,-0.09495861,-0.0371811,0.046405092,-0.033029195,-0.11490136,-0.042285237,0.0043611685,0.12999669,0.014468324,0.0035442058,0.004062818,86.0249
25765.002,-0.24325266,0.03170524,0.7242656,0.20174207,-0.22426187,0.08780517,-0.12103952,0.06412243,0.20864011,-0.083611146,0.42885292,-0.45764804,0.2508921,0.23485194,0.09222994,-0.018697163,0.15496448,-0.09334883,-0.041313082,0.04648927,-0.032673996,-0.11704276,-0.043839887,0.00084058946,0.12675793,0.010299344,-0.0015636571,0.0042211325,84.13346
25758.47,-0.23896645,0.028242351,0.72459996,0.19884804,-0.22322813,0.08655073,-0.122093886,0.061662085,0.206233,-0.08099754,0.42666206,-0.45748362,0.24921194,0.23447444,0.09333894,-0.019332215,0.15372394,-0.0951182,-0.03887081,0.047200106,-0.030481827,-0.11617311,-0.04313542,0.0024863146,0.12777038,0.0112312045,-0.00044186134,0.005092747,84.65531
25737.326,-0.23687865,0.030858688,0.7244962,0.19953713,-0.22542864,0.08892217,-0.120284975,0.059940904,0.20828637,-0.080775194,0.42626414,-0.4576356,0.24958593,0.23382024,0.091965884,-0.020048568,0.15312174,-0.094641745,-0.03892757,0.04793201,-0.029756406,-0.11552094,-0.042574883,0.0027149757,0.12807377,0.012281989,-0.00027003977,0.0046789246,85.34738
25808.303,-0.23840818,0.03145513,0.72733986,0.19961861,-0.22569732,0.0866383,-0.12188362,0.06420251,0.20745116,-0.08010955,0.42329204,-0.4562881,0.24774437,0.23380065,0.09248263,-0.01801452,0.15584596,-0.095905975,-0.039489184,0.047124833,-0.0326901,-0.11587779,-0.045487195,0.001079022,0.12717032,0.009681069,-0.00060527585,0.0046580127,84.07339
25768.648,-0.23740923,0.030696236,0.7279926,0.1996755,-0.22387306,0.09055632,-0.121010914,0.060911477,0.20981027,-0.08096722,0.42476514,-0.45809743,0.2502882,0.23601384,0.09301502,-0.018437097,0.15498154,-0.09566137,-0.03987605,0.047547743,-0.032051593,-0.1154658,-0.043911986,0.0019560782,0.12701294,0.010909713,-0.0009977678,0.0040978943,85.13721
25767.361,-0.2417411,0.028136026,0.7335676,0.20104085,-0.22169887,0.086378306,-0.11494848,0.05905958,0.21091044,-0.08031497,0.4257101,-0.45669025,0.24922821,0.2370739,0.09137628,-0.01834551,0.15661232,-0.09594778,-0.03972562,0.048596025,-0.0322938,-0.116702944,-0.04492342,0.0010778531,0.12664776,0.008889,-0.0020479634,0.00354961,84.75033
25738.504,-0.23770228,0.030870155,0.7257463,0.19805862,-0.22611612,0.08520887,-0.11803378,0.05939592,0.20986262,-0.08048104,0.42756373,-0.45861223,0.2480463,0.2348382,0.09225799,-0.018704684,0.15331449,-0.09554816,-0.039297223,0.04784215,-0.032004222,-0.11630981,-0.044164196,0.0015776386,0.1286421,0.011020931,-1.1191709e-05,0.003963185,84.96473
25762.455,-0.24002348,0.034782328,0.7243194,0.19872423,-0.2238756,0.08883091,-0.1207441,0.05975023,0.20827459,-0.077272266,0.42574438,-0.45624647,0.24823396,0.23420931,0.09437112,-0.018245881,0.15371865,-0.09668834,-0.038823146,0.048793487,-0.030572973,-0.11620069,-0.044142965,0.0033408948,0.12791997,0.011630645,0.00021838304,0.0044038217,85.27312
25760.898,-0.24372283,0.027392408,0.7304897,0.20193507,-0.22215605,0.085967734,-0.118322104,0.061990485,0.21041504,-0.08337013,0.42653993,-0.45805132,0.2513054,0.2381934,0.09134364,-0.019105108,0.1575063,-0.094302766,-0.04106626,0.04699929,-0.032443702,-0.11686153,-0.045490686,0.0013959589,0.12566027,0.009553117,-0.0020288406,0.0040820157,84.7574
25746.934,-0.23908833,0.030049343,0.72903824,0.20395088,-0.21897134,0.08922717,-0.12014247,0.062585905,0.21015425,-0.08043982,0.42416096,-0.45684212,0.25158387,0.23674569,0.09198351,-0.01837181,0.15625471,-0.09402841,-0.040962413,0.046654277,-0.033439152,-0.11722626,-0.04464129,0.002652679,0.12639089,0.010056402,-0.001389646,0.0043020435,84.67247
25771.258,-0.23757462,0.032393914,0.7228719,0.20224063,-0.22517926,0.09001055,-0.12125131,0.06171001,0.20751007,-0.07990729,0.42561913,-0.45560822,0.24490076,0.23379736,0.092673816,-0.016817138,0.15375017,-0.09366822,-0.03769872,0.046157822,-0.034051295,-0.114882655,-0.044013415,0.0017366959,0.1286392,0.011671788,0.0008971393,0.0045907637,85.11611
25755.318,-0.23874898,0.0325987,0.7324595,0.19911991,-0.22147773,0.08732222,-0.11789901,0.0585277,0.21147504,-0.08003,0.42512068,-0.4597155,0.2504269,0.23717245,0.09223584,-0.01899876,0.15822072,-0.09460729,-0.03975326,0.04760529,-0.03168997,-0.11616841,-0.044549745,0.0011446457,0.12588169,0.010491743,-0.001976736,0.004033597,84.37705
25769.55,-0.23734833,0.033566594,0.7326499,0.19971505,-0.22624315,0.089386486,-0.11605005,0.06104704,0.20983782,-0.08085616,0.42502412,-0.45926467,0.24814978,0.23661262,0.09288098,-0.014748778,0.1564185,-0.094145715,-0.03901456,0.046418507,-0.031827457,-0.115605116,-0.044604674,0.0013677203,0.12760825,0.011117385,-0.001010784,0.004256628,84.79084
25780.598,-0.23937736,0.03440212,0.7265937,0.19741449,-0.22450805,0.091288924,-0.12015366,0.059210684,0.20791666,-0.077356845,0.42553484,-0.4561926,0.24626444,0.23227556,0.09253226,-0.016845524,0.15419969,-0.09493295,-0.037984602,0.047423895,-0.03160748,-0.11521308,-0.04378207,0.0023324718,0.1287537,0.011252833,0.00029945513,0.0051196683,84.34994
25769.219,-0.247236,0.028738337,0.72788024,0.20214099,-0.21999435,0.08640818,-0.12072872,0.0629536,0.208519,-0.08143646,0.42771685,-0.45741093,0.25120002,0.2360721,0.09066516,-0.01989734,0.15637533,-0.095897004,-0.040759254,0.048128285,-0.032365974,-0.11714726,-0.04491927,0.001788212,0.12542395,0.008401282,-0.0024030833,0.004592679,83.81859
25749.865,-0.23427626,0.037230715,0.7250215,0.20090431,-0.220157,0.09086632,-0.119953066,0.06072765,0.20935461,-0.07679678,0.4228197,-0.45684713,0.24857725,0.2357796,0.09492139,-0.016110975,0.15565181,-0.09491904,-0.03820103,0.046577208,-0.034518167,-0.116310306,-0.04433688,0.002258306,0.12826483,0.012245371,0.00047231605,0.004340453,84.84396
25792.666,-0.24062575,0.030120464,0.73300517,0.19802783,-0.21923083,0.08857362,-0.11872332,0.0589104,0.21158817,-0.07857289,0.42483804,-0.45589158,0.24754788,0.23603606,0.093276046,-0.017046874,0.15800719,-0.09467585,-0.039258476,0.047236815,-0.0326161,-0.11596502,-0.044244915,0.0013029561,0.126485,0.008863151,-0.0011274088,0.0037650382,84.01875
25757.78,-0.24147145,0.031087559,0.72829103,0.20207372,-0.21992593,0.08581267,-0.12327952,0.065231256,0.20773606,-0.08144463,0.4257991,-0.4566387,0.25186232,0.2355666,0.09186064,-0.019898953,0.15609005,-0.095602356,-0.04132529,0.04687765,-0.03228543,-0.11656882,-0.0444922,0.0019225166,0.12627527,0.009169281,-0.0018682694,0.0046278317,83.90545
25741.287,-0.23960638,0.03126102,0.7282844,0.20043404,-0.22171661,0.086286984,-0.115386866,0.05952786,0.20969836,-0.079308,0.42677423,-0.45763457,0.24819122,0.23747444,0.09183186,-0.015700672,0.15659949,-0.09502961,-0.039192706,0.046987873,-0.03392544,-0.11702747,-0.04493998,0.002399505,0.12737375,0.010854518,-0.00076494366,0.0037754707,84.7638
25737.896,-0.23568512,0.037872545,0.72638434,0.19739577,-0.22278437,0.089668594,-0.11896845,0.059434764,0.20524696,-0.07638977,0.4262629,-0.4573137,0.24913296,0.23323983,0.09371725,-0.01486944,0.1550481,-0.09465852,-0.03876118,0.047079507,-0.03206261,-0.11649704,-0.042247143,0.0031378437,0.12834398,0.011591791,-0.00015123934,0.004870526,84.56736
25720.312,-0.23703054,0.034366958,0.72116774,0.20199639,-0.22971788,0.086863935,-0.119123034,0.060875364,0.20833622,-0.08324001,0.42765918,-0.45964453,0.25141653,0.23739426,0.09276313,-0.01798332,0.15386735,-0.09303401,-0.0389529,0.04668872,-0.031357672,-0.11682579,-0.04411481,0.00315427,0.12865001,0.012708208,0.0003856765,0.0035451148,85.711365
25743.97,-0.22963718,0.037989426,0.7238779,0.19830117,-0.22489123,0.0923748,-0.116576925,0.055514712,0.20871727,-0.07453503,0.423643,-0.45635787,0.24406706,0.23341298,0.09484713,-0.01269067,0.1532215,-0.09577078,-0.038144648,0.04628701,-0.03342983,-0.11540363,-0.04369846,0.003444042,0.13071363,0.013724347,0.0022377302,0.0038298334,85.8317
25784.482,-0.23786025,0.0334778,0.7243905,0.20023385,-0.22423472,0.08721191,-0.122251265,0.061726093,0.20811848,-0.079605095,0.4235461,-0.45552784,0.24784778,0.23323753,0.09269117,-0.018983059,0.15471932,-0.094326355,-0.03763821,0.047054432,-0.032086253,-0.11592518,-0.043695092,0.0018892647,0.12845942,0.0116313,0.00070806686,0.004927392,84.49637
25731.365,-0.23986834,0.03241481,0.7248858,0.20078884,-0.22447163,0.08785626,-0.11930036,0.060712133,0.2082106,-0.08227694,0.42782632,-0.45994034,0.25235862,0.23612757,0.09324674,-0.01789469,0.15345359,-0.093037434,-0.039521568,0.04708138,-0.032052826,-0.11749309,-0.042563923,0.0032906996,0.12752055,0.01206198,0.00021219905,0.003769234,85.56898
25762.822,-0.24073143,0.027781496,0.72985035,0.20115604,-0.22335106,0.08782671,-0.12077443,0.06356646,0.20752044,-0.081859864,0.42630547,-0.45661187,0.2514715,0.23608315,0.091458604,-0.018419754,0.15528683,-0.09361421,-0.04046849,0.046902817,-0.031102993,-0.116863415,-0.043290008,0.0027879751,0.12642972,0.009348481,-0.0018717339,0.004679259,84.240204
25735.705,-0.24063255,0.03385409,0.7295757,0.19919519,-0.22368641,0.0854544,-0.11980463,0.062044412,0.20746778,-0.0815752,0.42866725,-0.45924208,0.25147983,0.23644368,0.09241629,-0.01739406,0.15652308,-0.094618514,-0.041474227,0.046522584,-0.030238327,-0.1169103,-0.043665037,0.0020036865,0.12680942,0.010346832,-0.002259924,0.004512032,83.96011
25766.87,-0.23496696,0.034681465,0.7276782,0.19663171,-0.22295234,0.09138451,-0.12054932,0.061118353,0.20629987,-0.077939026,0.42382604,-0.45825934,0.24861826,0.23359044,0.09398814,-0.01623189,0.15476504,-0.09576936,-0.039051477,0.046787273,-0.032187343,-0.11529933,-0.043470405,0.0031736274,0.1270429,0.012335412,-0.00048409123,0.0049041873,84.80386
25747.184,-0.24184173,0.034124292,0.72784245,0.19981489,-0.22364059,0.08642993,-0.12106001,0.06156963,0.20496702,-0.08141425,0.42997277,-0.45797506,0.24844792,0.23457606,0.09323311,-0.0177948,0.15402111,-0.09372547,-0.039944693,0.046078667,-0.030359311,-0.11597142,-0.042730775,0.0016615498,0.12781255,0.0101488875,-0.0014694165,0.0043443334,84.18926
25722.527,-0.2384758,0.034785166,0.7244788,0.20236222,-0.21893737,0.08813432,-0.1185503,0.060098913,0.20998189,-0.077529214,0.42551208,-0.45654252,0.24974523,0.23723869,0.09237277,-0.016079847,0.15554132,-0.09513535,-0.03964967,0.046706483,-0.034654275,-0.117277086,-0.044019517,0.0034285027,0.12763233,0.011333795,0.00046723848,0.0043963776,84.97003
25742.46,-0.23607424,0.03455959,0.72784597,0.1974709,-0.22790214,0.089294,-0.11657545,0.06032493,0.20788257,-0.07907447,0.42589042,-0.45827666,0.24925947,0.23515804,0.09269503,-0.0149938725,0.1525184,-0.09420549,-0.03877087,0.046406556,-0.032439277,-0.11599424,-0.043997183,0.0040521706,0.12933214,0.011776705,0.00087307673,0.0039671743,85.45884
25754.158,-0.23349008,0.033796564,0.72633743,0.20186049,-0.2256561,0.08517169,-0.12064621,0.06140022,0.21047884,-0.08175878,0.424948,-0.45830345,0.24913356,0.23530869,0.09290329,-0.018438112,0.15498605,-0.09423681,-0.03990707,0.04596506,-0.033747304,-0.115738116,-0.045298874,0.0014747777,0.1284969,0.011554658,0.0008239723,0.0028698773,85.12578
25767.252,-0.2393748,0.028776152,0.7285119,0.20007905,-0.22344857,0.091654405,-0.11822935,0.059892144,0.20899422,-0.08016066,0.42405453,-0.45614854,0.24858741,0.23522441,0.091096975,-0.017531669,0.15550567,-0.092061386,-0.039487608,0.04625296,-0.03231996,-0.1159754,-0.043833412,0.0027775303,0.1273894,0.011215955,-0.0001610266,0.0045043603,85.14866
25759.06,-0.23441574,0.031685796,0.72880936,0.20015354,-0.22531,0.08627045,-0.11814152,0.060791057,0.2105903,-0.082025506,0.423176,-0.45949522,0.24897234,0.2368427,0.092330694,-0.017927395,0.15729842,-0.095538266,-0.038250536,0.046834007,-0.033152487,-0.11526309,-0.04547179,0.00028000824,0.128088,0.011408814,-0.00048915297,0.0038820582,85.03915
25750.682,-0.24197,0.03499778,0.7300543,0.19766314,-0.22285381,0.08678078,-0.11852164,0.060189966,0.21068229,-0.079212405,0.42749438,-0.46034145,0.24889567,0.23744659,0.093541995,-0.016884258,0.15554202,-0.0941694,-0.038731754,0.047133453,-0.032992534,-0.11593264,-0.043492433,0.0019403151,0.12709391,0.0110602,-0.00046014227,0.004311905,84.392105
25765.508,-0.24327855,0.025417317,0.73055226,0.20234434,-0.22166947,0.08361496,-0.117965534,0.063721046,0.21034901,-0.083108135,0.4256002,-0.4564616,0.25201645,0.23748744,0.090126485,-0.020194141,0.1570585,-0.09520174,-0.041368403,0.04758213,-0.033506855,-0.11785094,-0.046084695,0.0008165683,0.12613186,0.007506446,-0.002316828,0.0036410254,83.96136
25748.709,-0.24044538,0.027214667,0.73139924,0.1979667,-0.22214267,0.086257055,-0.11640096,0.059714694,0.20899063,-0.08052038,0.42705598,-0.45889437,0.24919648,0.23693149,0.09193015,-0.017233508,0.15641117,-0.094442554,-0.040362462,0.04733881,-0.030724905,-0.11651992,-0.04348415,0.001834223,0.12653118,0.009557065,-0.001483094,0.0043287096,84.88587
25738.525,-0.23329169,0.033952925,0.730438,0.19923687,-0.22433238,0.0896873,-0.117501326,0.058667805,0.20913765,-0.08022599,0.424738,-0.45852655,0.25029626,0.23631029,0.09275402,-0.016473992,0.15495013,-0.0942348,-0.039186552,0.045914628,-0.033069275,-0.11575369,-0.04424042,0.0022144779,0.12888026,0.012190856,-3.840868e-05,0.0038201693,84.84618
25787.834,-0.23971617,0.02955141,0.7320617,0.20092824,-0.22227594,0.08978074,-0.1186701,0.06124955,0.21031205,-0.07932065,0.42473406,-0.45705572,0.24744873,0.23617865,0.092034675,-0.017133541,0.15627079,-0.09513836,-0.03863335,0.047541823,-0.03304743,-0.115779124,-0.045381583,0.0018808884,0.12650535,0.009398739,-0.001803806,0.004221726,84.26669
25754.148,-0.23406813,0.036168728,0.72331804,0.19720007,-0.22626194,0.0917191,-0.118825465,0.055099335,0.2079572,-0.074725494,0.4254174,-0.45859662,0.24346744,0.23343411,0.09549324,-0.014334554,0.15152986,-0.09720748,-0.03720528,0.04836417,-0.03178013,-0.1152335,-0.042823583,0.004306863,0.12952624,0.014404536,0.0021021147,0.004310832,86.16964
25708.766,-0.23615265,0.03441126,0.7272977,0.1990288,-0.22413068,0.09101017,-0.11624457,0.057628494,0.21104698,-0.07966989,0.4280432,-0.4599612,0.251089,0.23826668,0.09353944,-0.014615336,0.15546371,-0.093083225,-0.04063727,0.04647444,-0.031937517,-0.11748366,-0.043126095,0.0033385607,0.12780674,0.011743619,-0.0007359823,0.0035249079,84.97924
25771.053,-0.23907687,0.028183434,0.7270375,0.19915026,-0.21958198,0.09098633,-0.12077971,0.060729478,0.20662381,-0.07956807,0.42540494,-0.45637858,0.24919353,0.23345059,0.09275171,-0.017880602,0.1531603,-0.09557817,-0.040201638,0.046921037,-0.033390746,-0.11656624,-0.042316098,0.002630732,0.12680212,0.011127931,-0.00081327,0.004927578,84.581245
25760.795,-0.24400909,0.031599298,0.7287449,0.20414399,-0.22162314,0.08400461,-0.119520694,0.06340954,0.21148917,-0.08246227,0.427754,-0.45828098,0.25096285,0.23725864,0.091927744,-0.01940491,0.15746497,-0.09615813,-0.04006266,0.04767487,-0.034074973,-0.11670216,-0.046405077,0.0005228571,0.12635708,0.008519439,-0.0014918521,0.003453937,83.863106
25707.502,-0.23589286,0.037740912,0.72523165,0.20113765,-0.22919433,0.08878113,-0.11845393,0.060371812,0.20903838,-0.082681514,0.42813754,-0.45906356,0.25201184,0.23779856,0.09216937,-0.013950401,0.15495668,-0.09169259,-0.038715392,0.044938374,-0.032602366,-0.116565,-0.043006744,0.003997946,0.12974,0.012445101,0.0011819615,0.0037221191,85.3414
25737.004,-0.24171323,0.032555547,0.7266256,0.20200975,-0.22195917,0.08701818,-0.12002949,0.060516488,0.20955339,-0.08225384,0.4299118,-0.45949864,0.2507628,0.23636103,0.092130065,-0.017749889,0.15559678,-0.09448333,-0.040660396,0.04670304,-0.034056447,-0.11695629,-0.04463857,0.0016538473,0.1268208,0.010845961,-0.00060092285,0.0035698358,84.69774
25771.45,-0.2367714,0.028798738,0.7233226,0.19879742,-0.22711718,0.087084115,-0.11953999,0.061478037,0.20601152,-0.08042936,0.4255662,-0.45553592,0.2461316,0.23348993,0.091955245,-0.018207379,0.15236273,-0.094251506,-0.03859155,0.047202565,-0.03080449,-0.11628164,-0.043389212,0.0016478072,0.1290331,0.01147936,-0.00035347044,0.005066713,84.88994
25765.373,-0.24485603,0.026804632,0.730547,0.20338587,-0.22332333,0.085441835,-0.118606284,0.062363572,0.20787917,-0.08429253,0.42920774,-0.4575839,0.25008005,0.235201,0.09018799,-0.017974965,0.15506092,-0.094263226,-0.04135778,0.047182433,-0.03197881,-0.1170418,-0.044418167,0.001315787,0.12671953,0.008909925,-0.0018189698,0.0038663505,84.872
25734.395,-0.23613542,0.03052436,0.7282453,0.19963616,-0.22655633,0.08683482,-0.11838798,0.058586784,0.21025917,-0.081305355,0.42665553,-0.4591229,0.24981837,0.23831932,0.09231768,-0.016972626,0.15512371,-0.092755646,-0.04039669,0.04626428,-0.030271513,-0.116315864,-0.04352724,0.0035098777,0.12785329,0.011401033,-0.00021480955,0.0036172012,85.31032
25773.832,-0.24079497,0.030365411,0.7317074,0.2010087,-0.22154902,0.0868906,-0.11848428,0.05932176,0.2113119,-0.08120336,0.42511097,-0.4579823,0.24959655,0.23696867,0.09088796,-0.018123528,0.15825555,-0.09497741,-0.040440783,0.04703731,-0.033098172,-0.116375476,-0.045263756,0.0013830112,0.126334,0.009899311,-0.0013801968,0.003661522,84.219185
25769.559,-0.23950964,0.0304461,0.7305547,0.19893166,-0.2248183,0.08917817,-0.11902454,0.06171787,0.20907208,-0.08000701,0.42532626,-0.4569697,0.24940076,0.23573482,0.09138107,-0.01653164,0.155998,-0.09318536,-0.040422447,0.045974247,-0.031782385,-0.11599833,-0.04402545,0.0023005973,0.1273569,0.009069558,-0.00093772355,0.004846017,84.11803
25715.805,-0.23498927,0.038646065,0.7255255,0.19862275,-0.22393943,0.09046566,-0.12006316,0.059265967,0.21094698,-0.07952034,0.42634526,-0.45908564,0.2529924,0.23677458,0.09171571,-0.015243052,0.15759492,-0.093341865,-0.039976835,0.046351682,-0.0316772,-0.11620706,-0.042541295,0.003488245,0.1279743,0.011677203,-0.00015368592,0.004182193,84.58449
25781.732,-0.24071373,0.031468876,0.72487,0.1998011,-0.22250515,0.08795808,-0.12178742,0.06020746,0.20691037,-0.080234915,0.42674208,-0.45711794,0.24870983,0.2341125,0.09302347,-0.018831845,0.15539196,-0.09617365,-0.0393652,0.048339594,-0.032133076,-0.116194054,-0.044257086,0.0014293701,0.12671377,0.010862099,-0.0010320805,0.004340645,84.86111
25782.787,-0.23757413,0.029515281,0.72831714,0.20098336,-0.22352876,0.088107266,-0.11768091,0.059189253,0.21073455,-0.07951264,0.42428896,-0.45507994,0.24603191,0.23448847,0.092840046,-0.017495032,0.1553481,-0.09510683,-0.03964452,0.047643412,-0.030639399,-0.11625544,-0.044371698,0.0014520483,0.12803672,0.010552217,-0.00079957396,0.0039447146,85.12278
25746.94,-0.2401102,0.033207566,0.72976613,0.2009697,-0.22089227,0.08670975,-0.11888329,0.060773164,0.20916037,-0.080458425,0.42628798,-0.45782545,0.2495851,0.23565139,0.09244317,-0.018354733,0.15533471,-0.09302915,-0.039849877,0.04643705,-0.031949934,-0.11659557,-0.043921508,0.0017788648,0.12747608,0.010939658,-0.00095138885,0.0044511566,84.581665
25714.209,-0.24256605,0.036116987,0.72727215,0.1967138,-0.22233954,0.08704717,-0.11817985,0.059095886,0.2068483,-0.07973838,0.43006623,-0.46031347,0.25015303,0.23712502,0.09340128,-0.01548112,0.1544445,-0.095456965,-0.03918292,0.046683814,-0.03201069,-0.11634776,-0.042267263,0.0032782257,0.12785296,0.012106564,0.00011833477,0.0047573787,85.02436
25763.092,-0.2439461,0.031013435,0.7283993,0.19814993,-0.22199747,0.08904911,-0.11637336,0.05843419,0.20743328,-0.07923007,0.42699254,-0.45747396,0.24682751,0.23485595,0.09321581,-0.01684431,0.15428066,-0.094804294,-0.03846589,0.048154693,-0.030015366,-0.11684543,-0.043309428,0.0023543364,0.12733573,0.011266458,-0.0009783171,0.0049116206,85.28936
25754.877,-0.2349541,0.034447312,0.7231603,0.19857785,-0.22003007,0.090070106,-0.11954457,0.05796393,0.20877066,-0.07607446,0.42448193,-0.4568596,0.24606803,0.23370828,0.09370884,-0.01608498,0.154063,-0.095981464,-0.03795041,0.04741903,-0.033081044,-0.1160785,-0.042684678,0.0022961479,0.12858252,0.012876742,0.0008413363,0.005073223,85.1062
25738.861,-0.23912203,0.029019145,0.72575223,0.20182438,-0.22446978,0.084796764,-0.11844845,0.061248433,0.21099873,-0.083449714,0.42770678,-0.45974135,0.2501824,0.23770246,0.09294974,-0.018752381,0.15432814,-0.0940312,-0.03984236,0.04699073,-0.03286303,-0.117354415,-0.0444222,0.0016697939,0.12735938,0.011363721,-0.0003130911,0.0033646142,85.02497
25772.273,-0.24081136,0.02839945,0.7275532,0.20092958,-0.2225103,0.08565382,-0.11830547,0.063190535,0.20926856,-0.08064686,0.4266749,-0.45767564,0.24965373,0.23570181,0.09257277,-0.017891336,0.15654993,-0.094426885,-0.040742077,0.047563564,-0.033477273,-0.11762188,-0.04465912,0.0007849136,0.12619992,0.0087472545,-0.0019248715,0.0037793412,84.100746
25757.945,-0.23888974,0.026292548,0.72996694,0.20165515,-0.22328006,0.08924,-0.11680955,0.05922237,0.2084948,-0.0801956,0.42511153,-0.45659655,0.24829389,0.23472379,0.09060123,-0.018351337,0.15608129,-0.09399208,-0.040196728,0.047273643,-0.03178564,-0.11607149,-0.044261385,0.002254094,0.12713854,0.010115457,-0.00131833,0.0038273141,84.95487
25747.062,-0.23981115,0.032623734,0.72470057,0.20007236,-0.22633745,0.086342365,-0.118603066,0.06165321,0.2068029,-0.08019784,0.42744645,-0.45850897,0.24925707,0.23507944,0.09217509,-0.018180203,0.15356462,-0.094155446,-0.039161008,0.047409393,-0.031509947,-0.11700496,-0.04416979,0.003018394,0.12740122,0.011096487,-0.00064482726,0.004255324,84.90419
25754.646,-0.24233426,0.035751645,0.728661,0.20022163,-0.2238258,0.08706213,-0.120916165,0.06224542,0.20777348,-0.079319246,0.42660525,-0.45741183,0.24977486,0.23672117,0.09331214,-0.017941764,0.15545775,-0.094507076,-0.04004352,0.047203448,-0.03074852,-0.11638744,-0.04415525,0.0026884512,0.12660296,0.010048688,-0.0011490108,0.0047543356,84.32506
25758.227,-0.24640729,0.034079775,0.7262978,0.200539,-0.22025444,0.08945355,-0.12205686,0.06279048,0.20649981,-0.080046944,0.42905334,-0.45669553,0.24971583,0.23543343,0.09300988,-0.017776828,0.1536057,-0.09443401,-0.039560284,0.04713084,-0.031935398,-0.11714884,-0.042072576,0.0025940202,0.12657537,0.010130523,-0.0016865535,0.0054348363,83.78541
25729.873,-0.24403378,0.031431146,0.72945464,0.20441905,-0.22091192,0.08645913,-0.1183963,0.06237648,0.21157543,-0.08278523,0.42648873,-0.46015295,0.2529975,0.2400901,0.09088159,-0.01875001,0.15838335,-0.09455732,-0.03912039,0.047879785,-0.033065118,-0.117235444,-0.045143016,0.0022903234,0.12555948,0.010363309,-0.0020386595,0.0040825987,84.52291
25778.158,-0.23916769,0.03305116,0.7272161,0.19882476,-0.22522084,0.08878565,-0.117262594,0.05985823,0.20591776,-0.07921905,0.42744258,-0.45791838,0.24472389,0.2334847,0.09467382,-0.016167376,0.1524925,-0.094981045,-0.0373782,0.04716698,-0.03300362,-0.11569955,-0.04402712,0.0015695593,0.12843129,0.01261841,2.9695215e-05,0.0040759817,85.14164
25774.83,-0.23818873,0.03024034,0.7289817,0.1966,-0.21897952,0.08831658,-0.12152917,0.060787693,0.20744862,-0.07837357,0.42442086,-0.45634705,0.24916226,0.23546825,0.093198754,-0.017064838,0.15714066,-0.094954275,-0.039651558,0.046443604,-0.031377632,-0.11615787,-0.04286125,0.0021783183,0.12684919,0.009357082,-0.0014228374,0.0051108543,83.657875
25759.957,-0.24036764,0.036477335,0.72654206,0.19872797,-0.22584979,0.08857311,-0.1190178,0.060640424,0.2043699,-0.078956574,0.42834398,-0.45923606,0.24552557,0.23227312,0.09388164,-0.015115011,0.15205497,-0.09487619,-0.0393035,0.046730414,-0.03147131,-0.11575102,-0.042882267,0.002683089,0.12808567,0.013541748,0.0004396052,0.0052735587,85.30835
25794.252,-0.24187367,0.030365217,0.72969776,0.1993848,-0.22086877,0.088502906,-0.12079845,0.06301716,0.20826815,-0.07976683,0.4250023,-0.45568967,0.24902532,0.23551315,0.092331134,-0.015952297,0.15650472,-0.09497058,-0.039842825,0.04672095,-0.03262141,-0.1167722,-0.04331111,0.0020025265,0.12659022,0.008562515,-0.0016064802,0.004979185,83.628624
25740.521,-0.23449768,0.032917902,0.72851706,0.20075817,-0.22433646,0.089233465,-0.11962298,0.05913769,0.21067753,-0.07921087,0.42335218,-0.45680147,0.24981622,0.23814833,0.0927566,-0.017053036,0.15664563,-0.092448145,-0.039579682,0.045417715,-0.031618886,-0.115710005,-0.04446092,0.003780445,0.12824725,0.011713188,0.00017009024,0.0042689256,84.80984
25752.86,-0.23658827,0.031086838,0.7288099,0.1993341,-0.22451247,0.089450814,-0.117242426,0.06048359,0.2115061,-0.08132226,0.42438123,-0.4588595,0.24957553,0.23798084,0.091733225,-0.014928141,0.15691116,-0.09276114,-0.039060194,0.045700118,-0.032370165,-0.11637928,-0.04406734,0.002590186,0.1278909,0.010788963,-0.0002808189,0.0040703476,84.79965
25791.29,-0.2397435,0.03315751,0.72349626,0.20198216,-0.22656384,0.091309845,-0.120082684,0.060876656,0.20938145,-0.079315096,0.425535,-0.45737985,0.24595508,0.23350942,0.09219004,-0.01604119,0.1526542,-0.09451786,-0.038932737,0.04718063,-0.03383728,-0.116039015,-0.044710718,0.0026039574,0.12792432,0.011991219,0.00097091356,0.0044862307,85.27369
25759.926,-0.23711672,0.031947047,0.7269014,0.19983669,-0.22552134,0.08876657,-0.11936273,0.061578557,0.20704986,-0.08014698,0.42561042,-0.45712468,0.2477756,0.23608987,0.093360946,-0.015960595,0.15431768,-0.09401544,-0.039916072,0.04590292,-0.03168465,-0.1164749,-0.043912265,0.0026918063,0.12811144,0.011049301,-0.0006874865,0.0042992076,84.5904
25765.02,-0.2408332,0.030132396,0.72747904,0.20074083,-0.22237511,0.08806929,-0.11945005,0.06124126,0.20680113,-0.08271736,0.42875203,-0.45691305,0.25089648,0.23339313,0.09109372,-0.01792592,0.15524147,-0.0948488,-0.04116304,0.046546098,-0.03316024,-0.11654592,-0.04408344,0.0009199209,0.12743443,0.00966285,-0.0013363678,0.0037015143,84.33494
25780.104,-0.23956974,0.035082497,0.7319991,0.19854596,-0.221408,0.08600187,-0.120027736,0.0613097,0.2116313,-0.07986771,0.4249371,-0.4577443,0.24897002,0.23752591,0.093542755,-0.016966967,0.15837891,-0.09507881,-0.040528156,0.046071712,-0.033039127,-0.11582001,-0.04520867,0.0007884852,0.12638944,0.009601011,-0.00089444034,0.0040285434,83.68831
25753.621,-0.23912796,0.035224486,0.72836953,0.19744578,-0.22381894,0.086885266,-0.116708174,0.05753016,0.20911735,-0.077508464,0.42667425,-0.45666176,0.2475722,0.23590004,0.09330969,-0.015687557,0.15571918,-0.09536637,-0.0374229,0.04745784,-0.03276761,-0.116226144,-0.04372371,0.0023862007,0.12911762,0.0105666695,0.0002921922,0.0038894585,84.48299
25714.568,-0.23816754,0.037433535,0.7284917,0.20066482,-0.2236144,0.087666266,-0.11627503,0.057251096,0.20741157,-0.078243695,0.4281532,-0.4578994,0.24859126,0.23528941,0.092344336,-0.016135188,0.15495756,-0.09332254,-0.039239284,0.04647585,-0.0315281,-0.116351046,-0.042906903,0.00367037,0.12817456,0.013059701,-7.010438e-05,0.0041525927,85.04865
25765.102,-0.23579335,0.034524046,0.7240044,0.19728121,-0.2219032,0.09170348,-0.12100021,0.06177923,0.20464253,-0.07703853,0.42445186,-0.4569149,0.247117,0.23284633,0.094906755,-0.016145034,0.15437388,-0.09383416,-0.039172567,0.046515346,-0.031300835,-0.11644181,-0.043005712,0.0025257464,0.12752643,0.011901895,-0.0006348556,0.005100839,84.72361
25779.47,-0.23674086,0.032085247,0.7278923,0.20018485,-0.22412315,0.09060642,-0.11911005,0.05819375,0.20505054,-0.07880351,0.4255563,-0.45424303,0.24565814,0.23062281,0.09164066,-0.01627102,0.1538261,-0.095235184,-0.03944577,0.046977606,-0.03095749,-0.11520503,-0.04358127,0.0023897137,0.12892106,0.012013586,7.07833e-05,0.0046840664,85.35207
25748.85,-0.23806028,0.030605176,0.72831,0.19937219,-0.22336027,0.09019136,-0.11562024,0.05847973,0.20943107,-0.07897778,0.42520365,-0.45784238,0.24677688,0.23704481,0.093933746,-0.015974026,0.15502055,-0.09470675,-0.03884514,0.047409445,-0.030896584,-0.11623462,-0.043763936,0.002091866,0.12786116,0.01107762,-0.0010749642,0.0039442806,85.38943
25793.5,-0.2347517,0.03204841,0.72871816,0.19862612,-0.22202729,0.08843829,-0.12169073,0.0618058,0.2093295,-0.07933002,0.42186812,-0.45492858,0.24856354,0.23420455,0.09331839,-0.018135443,0.15652546,-0.09486868,-0.03933569,0.04621349,-0.03306341,-0.115150064,-0.04425829,0.0012229886,0.12777655,0.010725809,6.487592e-05,0.0043744864,84.41734
25768.082,-0.23834756,0.034816455,0.7254429,0.19721504,-0.22712465,0.086788885,-0.1200894,0.059703317,0.20654225,-0.07863291,0.42498606,-0.45772442,0.24696536,0.23429978,0.094712794,-0.017173477,0.15328947,-0.09380736,-0.038419254,0.04737123,-0.029021667,-0.11624298,-0.042765286,0.003191323,0.12851119,0.012824749,0.0005861777,0.0049643596,85.56372
25782.584,-0.2395241,0.03507586,0.72782636,0.19935822,-0.22391461,0.090634115,-0.120543264,0.0615172,0.2053491,-0.080743566,0.42710352,-0.45714343,0.24699192,0.23319776,0.09421089,-0.015178758,0.15507159,-0.09285412,-0.039035883,0.045716245,-0.030579459,-0.11588852,-0.042115234,0.0014451449,0.12775612,0.010951918,-0.0016560042,0.0049333363,84.26394
25747.87,-0.24200131,0.03371965,0.726056,0.19979471,-0.22320898,0.089666516,-0.11853718,0.05971397,0.20745401,-0.07963491,0.42720312,-0.45900366,0.24883625,0.23451628,0.09246935,-0.017420774,0.1537673,-0.096679695,-0.038577076,0.048182413,-0.03189666,-0.115982905,-0.043732774,0.0025086156,0.12785101,0.012502558,-0.00020354334,0.0048664166,85.25137
25699.36,-0.2363325,0.036465492,0.7286641,0.19782227,-0.22443879,0.08680993,-0.1186403,0.05837789,0.20903774,-0.080388136,0.42712227,-0.46083733,0.2532096,0.23822135,0.09305417,-0.017355682,0.15619214,-0.09301213,-0.040431377,0.046373293,-0.02899674,-0.116454005,-0.04286802,0.0040057977,0.12792945,0.01251909,-0.00033104047,0.0039823907,85.17087
25751.33,-0.24043271,0.030484773,0.72435164,0.20009542,-0.22215925,0.08716398,-0.12188651,0.060510546,0.20886108,-0.081699364,0.4284027,-0.45869905,0.25030228,0.23515345,0.09288692,-0.019142669,0.15371816,-0.09480024,-0.040093303,0.04692688,-0.03404302,-0.11615904,-0.04379094,0.0021623326,0.12728517,0.011456603,0.0002586213,0.003832069,84.889244
25735.807,-0.23390555,0.03624783,0.7266739,0.2009334,-0.22606331,0.08965892,-0.11762238,0.058684364,0.21158037,-0.07955361,0.42563128,-0.458062,0.24879263,0.23783049,0.09303825,-0.01354274,0.15537184,-0.09273659,-0.038378235,0.045725822,-0.03426973,-0.11669903,-0.04404543,0.0037080145,0.12895408,0.0123190265,0.0015507862,0.0031953205,85.44612
25723.922,-0.23442943,0.03770087,0.7265651,0.1971813,-0.22267328,0.08621045,-0.11786557,0.056682747,0.21204573,-0.07691679,0.42515963,-0.4593324,0.24818195,0.23794572,0.09485192,-0.016372204,0.15601577,-0.09402817,-0.037449315,0.046962216,-0.03303307,-0.1165007,-0.0431236,0.0024339193,0.12884451,0.012645845,0.001309107,0.003537137,84.97404
25751.92,-0.23895338,0.038328648,0.7294672,0.1993883,-0.22198199,0.09212086,-0.12029274,0.057595037,0.2088136,-0.076891534,0.4259031,-0.45562312,0.24670422,0.23549415,0.09324525,-0.014559984,0.15489307,-0.092300825,-0.037803706,0.045432955,-0.030883616,-0.11481971,-0.041986767,0.004637492,0.12865968,0.012602438,0.00064295856,0.0051359166,84.71832
25730.676,-0.24293722,0.033981398,0.7282694,0.2014747,-0.22024855,0.08755393,-0.11587706,0.058890954,0.2081698,-0.07959228,0.42761722,-0.45651639,0.2484243,0.23708957,0.09196385,-0.01644587,0.15551317,-0.094236195,-0.039127246,0.046639416,-0.033136837,-0.11672499,-0.044256438,0.002315336,0.12777832,0.011376884,-0.0004355237,0.0044387933,85.1018
25769.172,-0.24013996,0.03509505,0.72504437,0.20160194,-0.22504237,0.08827128,-0.1211358,0.06304509,0.20719084,-0.08215064,0.4265021,-0.45827696,0.2503996,0.23559593,0.09318509,-0.016174523,0.15523803,-0.09252737,-0.040059578,0.04583677,-0.031726833,-0.1168456,-0.043464735,0.002210664,0.12724133,0.011042237,-0.00035310537,0.004502117,84.663376
25755.238,-0.2402026,0.03236999,0.7274831,0.20075874,-0.22586079,0.09193315,-0.11856742,0.06024465,0.20943388,-0.08032847,0.42545396,-0.45805505,0.24876557,0.2362949,0.09210157,-0.01590244,0.15404911,-0.09219031,-0.03843892,0.04660603,-0.03162242,-0.115990505,-0.043208506,0.004453426,0.12730214,0.01242053,0.0006913319,0.0045526847,85.88149
25729.7,-0.2404912,0.03312107,0.72872865,0.19920182,-0.22022396,0.08790377,-0.11753782,0.059386224,0.2117,-0.07974656,0.42751655,-0.45921937,0.25215214,0.23851155,0.093284495,-0.016568935,0.15702784,-0.09334812,-0.041335896,0.04667256,-0.03298439,-0.118214995,-0.04351997,0.0020649834,0.12659732,0.009849377,-0.0013704905,0.003751503,84.05981
25762.963,-0.23958799,0.029873187,0.7334356,0.19883908,-0.21886724,0.08911059,-0.11681544,0.057572328,0.20764424,-0.079615474,0.42529774,-0.45833164,0.24703059,0.23690243,0.093759835,-0.016640034,0.1573692,-0.09384412,-0.039072335,0.046187535,-0.03121194,-0.11578324,-0.04336597,0.0013230243,0.12667574,0.010923462,-0.0020680968,0.004613235,84.429184
25780.523,-0.24201664,0.025464347,0.7313046,0.20047268,-0.219654,0.087135576,-0.11733394,0.060832474,0.20907,-0.079554506,0.42552242,-0.45600963,0.24804789,0.23527382,0.09146604,-0.018346382,0.1569152,-0.09740538,-0.03958313,0.048766356,-0.032549497,-0.11676575,-0.045140553,0.00085069897,0.1264829,0.00829117,-0.0024765832,0.004225968,84.06004
25721.44,-0.23672701,0.031021848,0.72981066,0.20019168,-0.22324087,0.08810791,-0.117742665,0.058507763,0.20702587,-0.07993927,0.42585596,-0.45886135,0.25038022,0.23643151,0.0912936,-0.016254555,0.15649343,-0.0938171,-0.03937915,0.046292134,-0.031476606,-0.11611097,-0.04365603,0.0041840523,0.12771162,0.012164098,2.7644443e-05,0.004392989,85.30945
25714.031,-0.2365343,0.03443061,0.7249833,0.2013564,-0.22185606,0.08992023,-0.119390234,0.06043203,0.20814459,-0.08044716,0.42689258,-0.46009445,0.25224343,0.23791705,0.09363755,-0.01631084,0.15573993,-0.09432509,-0.03962458,0.04595615,-0.033905197,-0.116713196,-0.043570343,0.003701349,0.12703079,0.012679845,-0.00044906326,0.004102647,84.961044
25752.537,-0.23527695,0.032661818,0.72909987,0.19978733,-0.22446492,0.08677071,-0.119029984,0.06114355,0.20997585,-0.0809542,0.42359355,-0.45822737,0.25148818,0.2373175,0.09372525,-0.017785857,0.15688285,-0.09505758,-0.039817117,0.046625227,-0.03285519,-0.11656831,-0.045913495,0.0014199005,0.12810558,0.010261069,-0.00034380425,0.0036170003,84.68544
25756.408,-0.24304047,0.029737102,0.7298228,0.20087366,-0.2226723,0.08787689,-0.11865515,0.06311075,0.20863658,-0.08153241,0.4269923,-0.4581212,0.25087467,0.23716775,0.09151152,-0.0174614,0.15594473,-0.09572205,-0.040096812,0.04727137,-0.03194192,-0.11662509,-0.045082208,0.002424974,0.1265948,0.008917712,-0.0022610864,0.004173917,84.20717
25729.635,-0.23728389,0.033125795,0.7275153,0.19990256,-0.22576714,0.08636274,-0.11787844,0.060760852,0.20776303,-0.082287684,0.42720458,-0.4584033,0.25091618,0.23596987,0.09238294,-0.01742748,0.15556176,-0.09362479,-0.040955335,0.045790005,-0.0320919,-0.116646044,-0.044787772,0.0014205044,0.12877402,0.010838303,-0.0007113004,0.0035932963,84.75857
25742.66,-0.24021469,0.030399073,0.73160285,0.19854935,-0.22071138,0.0889369,-0.11692064,0.056964643,0.20927238,-0.07779294,0.42623696,-0.4565509,0.24823368,0.23648089,0.09245028,-0.017049078,0.15498196,-0.09480366,-0.03841467,0.047717307,-0.031502884,-0.11600392,-0.042791497,0.00335231,0.1277878,0.011170279,7.2222196e-05,0.004518422,85.28901
25779.89,-0.23605052,0.034564245,0.7286692,0.19709516,-0.22269386,0.088369824,-0.12019799,0.057774346,0.20854428,-0.07735569,0.4223939,-0.45562962,0.2457115,0.23491493,0.093230985,-0.017442564,0.15555833,-0.09508761,-0.037348878,0.04691847,-0.032653723,-0.11508938,-0.043998197,0.0017629922,0.12866534,0.012410244,0.0008913381,0.0048382846,84.69793
25744.854,-0.24113196,0.028876195,0.7279836,0.20000723,-0.21800168,0.088995054,-0.11902724,0.059184108,0.20929576,-0.078321256,0.42539984,-0.45699242,0.24925442,0.23714128,0.09354264,-0.017876076,0.1547729,-0.09501367,-0.038501274,0.04788653,-0.032205,-0.117294416,-0.04298044,0.0037524286,0.12664068,0.010625106,-0.0007121293,0.0043505714,85.19933
25725.438,-0.23984654,0.03476251,0.72990906,0.2024134,-0.22274904,0.0868912,-0.12019617,0.060778055,0.20954326,-0.082228,0.42710626,-0.45870793,0.2512642,0.23879597,0.09191744,-0.01709168,0.15770347,-0.09193368,-0.03915249,0.045455378,-0.03236121,-0.116708,-0.04384627,0.0025056484,0.127457,0.01117089,-0.001121575,0.00426509,84.15196
25759.275,-0.24059159,0.036669575,0.72526276,0.20012082,-0.22361568,0.090274386,-0.1210604,0.056556106,0.20732856,-0.08045535,0.42895153,-0.45811215,0.24646595,0.23484693,0.09432043,-0.016307479,0.15376432,-0.093533576,-0.038434397,0.04680848,-0.03174848,-0.115841515,-0.04202223,0.0023446777,0.12810868,0.013962807,0.000457576,0.004231884,85.34837
25738.385,-0.23659863,0.03138102,0.7270258,0.19881162,-0.22679184,0.0865284,-0.11680519,0.05959682,0.2058988,-0.08089252,0.42529285,-0.45920303,0.25025663,0.23589975,0.09222133,-0.017511198,0.15453249,-0.09555,-0.038871013,0.04744393,-0.031198962,-0.11607257,-0.043978132,0.0027677934,0.12818682,0.011656001,-0.0003594905,0.003970206,85.76825
25780.428,-0.24049802,0.034407906,0.73078716,0.1986023,-0.22265378,0.09194459,-0.11827283,0.060187228,0.20658287,-0.07912065,0.4258853,-0.458609,0.24820678,0.23528194,0.095387064,-0.01542508,0.15357645,-0.094267,-0.039071556,0.04643414,-0.032582667,-0.11635033,-0.04382772,0.002502311,0.12713148,0.011670382,-0.0007717721,0.004475087,84.91723
25741.219,-0.2299429,0.034309074,0.7281282,0.19915614,-0.22911078,0.09091637,-0.11604003,0.057411224,0.21089652,-0.080702946,0.42386952,-0.46043533,0.2486545,0.2380376,0.094291605,-0.014197811,0.15401176,-0.09414829,-0.039144702,0.04583015,-0.033424906,-0.115896165,-0.04484622,0.0026254798,0.12923034,0.013499563,0.0010959003,0.0032049785,85.95098
25734.146,-0.23708567,0.03196051,0.7310013,0.2011881,-0.22177471,0.087878525,-0.11582704,0.056406453,0.21124996,-0.08075553,0.425974,-0.4580483,0.25027752,0.23736104,0.09178386,-0.017977333,0.15820648,-0.09457192,-0.039672017,0.047248732,-0.03237547,-0.11594961,-0.04449098,0.0010750182,0.12780952,0.011171241,-0.0015280722,0.0032492345,85.030136
25720.594,-0.23717067,0.033545934,0.72760296,0.20234995,-0.22466536,0.08654331,-0.117180884,0.06001302,0.20787537,-0.079683006,0.42610392,-0.45846945,0.24894151,0.23715255,0.09274971,-0.017145634,0.15586275,-0.09520959,-0.038979404,0.047596183,-0.029976033,-0.11634229,-0.04489135,0.0030624843,0.12806274,0.011218317,-0.0011220453,0.003758146,85.26343
25724.646,-0.23825456,0.032856684,0.72802824,0.20076354,-0.22265038,0.08520705,-0.11491997,0.056701064,0.20978433,-0.08066041,0.4269203,-0.45883617,0.2490938,0.23813337,0.092120536,-0.017273238,0.15779015,-0.09478595,-0.03923607,0.047303382,-0.032073587,-0.11678992,-0.045176793,0.0012051254,0.12783228,0.011630036,-0.0005594967,0.0034204507,85.33938
25742.666,-0.23109594,0.03427125,0.7244881,0.20124526,-0.22687843,0.08988307,-0.11673071,0.057588346,0.20776425,-0.07942348,0.42423874,-0.45841518,0.24687727,0.2352985,0.094169,-0.016418854,0.1547216,-0.09314624,-0.037374083,0.046432715,-0.03282106,-0.11606464,-0.044456396,0.002178968,0.12904555,0.013888838,0.0006424333,0.003454491,85.633514
25775.844,-0.23815863,0.03603922,0.72465354,0.19854571,-0.22756998,0.08959679,-0.120508015,0.060180772,0.2053038,-0.07913356,0.42755932,-0.45829016,0.2447162,0.2315069,0.09372148,-0.015457026,0.1516559,-0.0941733,-0.038185146,0.047020502,-0.029930307,-0.11540269,-0.04214512,0.003076213,0.12845582,0.013707755,0.0002717669,0.0053636674,85.27162
25751.16,-0.23810294,0.031206923,0.72765976,0.19925953,-0.22507516,0.089412004,-0.11538791,0.05862515,0.20826438,-0.07904157,0.42721424,-0.4580469,0.2464193,0.23582721,0.09329082,-0.015077237,0.15452082,-0.094374776,-0.038962122,0.046825804,-0.03367568,-0.11649412,-0.044255618,0.0021136366,0.12806174,0.010756911,-0.0004985705,0.0035529532,84.987564
25719.656,-0.23958698,0.0337109,0.7277582,0.20232825,-0.22543508,0.087567076,-0.11756891,0.061564155,0.20949036,-0.08209617,0.427821,-0.45995057,0.2508969,0.23891243,0.09245765,-0.014367255,0.15547737,-0.09419414,-0.038786773,0.046398517,-0.032877214,-0.11639443,-0.04431165,0.0040497826,0.12789038,0.01145323,0.00053965393,0.003446422,85.87122
25751.207,-0.23811677,0.029125545,0.72787136,0.20126413,-0.22552912,0.08556605,-0.11662848,0.061993692,0.20921022,-0.08101338,0.425338,-0.45968014,0.24883781,0.2371707,0.091240205,-0.017697891,0.15616757,-0.09538422,-0.040050406,0.047007833,-0.034066524,-0.11627799,-0.046883013,0.0021469188,0.12667067,0.010828963,-0.0005666027,0.003411569,85.06081
25791.572,-0.24061224,0.029971918,0.7311553,0.20017791,-0.22266111,0.08888418,-0.11739609,0.060256656,0.20950514,-0.07896001,0.42414483,-0.45420307,0.2476934,0.23306674,0.0903839,-0.019090787,0.15633011,-0.09590709,-0.039487366,0.04853,-0.03149083,-0.115685716,-0.045072176,0.0009796596,0.12715788,0.009108996,-0.0019499743,0.00433716,84.37832
25759.74,-0.24027947,0.031105619,0.72528374,0.20002876,-0.22138423,0.08943283,-0.1201897,0.06000166,0.20521773,-0.07872488,0.4278131,-0.45786658,0.24638547,0.23351203,0.09292063,-0.016917696,0.1533885,-0.09447883,-0.03899114,0.04706691,-0.031640384,-0.11612329,-0.042227823,0.0025163344,0.12736148,0.011837845,-0.0010984577,0.005131564,84.867546
25750.166,-0.24413605,0.030670928,0.726403,0.20081407,-0.22469468,0.088898465,-0.11975954,0.06291405,0.21000093,-0.08293857,0.42858338,-0.45958775,0.2512993,0.23570682,0.09089882,-0.01682755,0.1548812,-0.09467754,-0.040013157,0.047225635,-0.032675676,-0.11690165,-0.043827876,0.0024158075,0.12719227,0.010024968,-0.00088899303,0.004540181,84.62937
25801.889,-0.23666441,0.03305831,0.72795826,0.19992003,-0.22671598,0.089884765,-0.117232434,0.05905149,0.2071611,-0.079567716,0.4240903,-0.45479366,0.2446483,0.23343171,0.09217988,-0.015182209,0.15553243,-0.09431305,-0.038622975,0.04697281,-0.032593217,-0.115983,-0.044725236,0.0007344075,0.1283874,0.01114014,-0.0006887801,0.0041424087,84.90892
25758.32,-0.24700558,0.03263784,0.72744477,0.20047958,-0.21931387,0.0894056,-0.12170747,0.062400635,0.20731673,-0.0797045,0.42883465,-0.45686847,0.24865788,0.23508164,0.09192266,-0.018117948,0.15549493,-0.095324755,-0.03899936,0.04767397,-0.03181765,-0.11633934,-0.04338142,0.00214274,0.12622778,0.009621865,-0.0022278903,0.005555826,83.89638
25745.293,-0.23454157,0.0361768,0.72449434,0.19775188,-0.2254103,0.090037465,-0.11830095,0.060242347,0.20734783,-0.07909768,0.4257117,-0.45872146,0.24953662,0.23385133,0.09354937,-0.01707702,0.15372567,-0.09433705,-0.04003309,0.046550136,-0.031346235,-0.11597896,-0.043145124,0.0026342059,0.12776996,0.012460778,-0.00047285203,0.0040021273,85.05135
25695.113,-0.2400441,0.034681868,0.7284801,0.2015695,-0.2263249,0.087554425,-0.11520375,0.059352413,0.21319923,-0.081578456,0.42804128,-0.4600032,0.25253233,0.23884742,0.090843484,-0.01626415,0.15628515,-0.09381595,-0.039386753,0.04692269,-0.032621905,-0.116527066,-0.04434102,0.003370229,0.12855175,0.010832739,0.00023152679,0.003455924,85.35325
25737.49,-0.23509848,0.039672762,0.726273,0.19864535,-0.22599414,0.09289961,-0.1179151,0.05774526,0.20727098,-0.07777063,0.42693982,-0.457661,0.2469746,0.23544192,0.09520668,-0.012078774,0.15277046,-0.090953425,-0.03861039,0.04487773,-0.03159601,-0.11602908,-0.04184583,0.0049750595,0.12946077,0.01430029,0.0015827944,0.0039178813,85.98923
25733.543,-0.23126312,0.03645751,0.7277388,0.19820906,-0.22367409,0.09088991,-0.11873309,0.05967769,0.2070034,-0.07946957,0.42482677,-0.45892167,0.2520454,0.23600028,0.09500299,-0.015960513,0.15530783,-0.09411515,-0.040186327,0.045605183,-0.03275845,-0.116597414,-0.04395502,0.0024465295,0.12837878,0.012318867,-0.00062203314,0.0037071926,84.603386
25758.908,-0.24607913,0.024606396,0.730777,0.20467295,-0.21910177,0.08439077,-0.118314944,0.065169245,0.20907767,-0.082722,0.42648986,-0.4566846,0.25229216,0.23756874,0.0901581,-0.020575745,0.15768865,-0.09580847,-0.040964507,0.04805471,-0.0332855,-0.11778511,-0.046134435,0.0009932416,0.12527122,0.007016844,-0.0033284472,0.004078374,83.76617
25810.586,-0.24245146,0.028667113,0.72522694,0.20290835,-0.22551589,0.0878452,-0.11942706,0.062182926,0.20602413,-0.08318451,0.42767018,-0.45475352,0.24570715,0.23232064,0.0923056,-0.018175155,0.15305524,-0.094371006,-0.03936763,0.047135778,-0.033319227,-0.11617765,-0.044978444,2.9877818e-05,0.12783311,0.010706546,-0.00077097956,0.0038003398,85.156166
25766.129,-0.2479669,0.030167568,0.7271612,0.20219637,-0.21886837,0.08580304,-0.12213004,0.065223284,0.20722477,-0.08253485,0.42875436,-0.45715943,0.25196457,0.2361768,0.0916067,-0.019615462,0.15651868,-0.09459787,-0.040862344,0.047193434,-0.032948878,-0.11769467,-0.044369888,0.0014596889,0.1252213,0.008712923,-0.0026382096,0.004784728,83.622025
25743.729,-0.24111237,0.03228915,0.7291267,0.20154214,-0.22027093,0.090305194,-0.11701079,0.059919074,0.20914349,-0.07851602,0.42582786,-0.4567471,0.25029668,0.2369121,0.09206144,-0.016154977,0.15566672,-0.09412892,-0.040573366,0.047080807,-0.032936744,-0.11774145,-0.04426189,0.0034275379,0.12667832,0.009982953,-0.0011983467,0.0040127262,84.60419
25764.834,-0.24224816,0.031274974,0.7291344,0.200024,-0.2204403,0.08995594,-0.11871512,0.060928952,0.2122079,-0.07924501,0.42563766,-0.45847768,0.24960425,0.23705329,0.09289472,-0.016082125,0.15667008,-0.093743734,-0.039739594,0.047401946,-0.032955766,-0.117193036,-0.044050273,0.002533496,0.12619692,0.010049792,-0.0010032654,0.0044030626,84.69662
25734.365,-0.24211197,0.031976167,0.7314899,0.20075138,-0.221736,0.08940859,-0.11814013,0.06079365,0.20878942,-0.081630856,0.42769653,-0.46024662,0.25277647,0.23845792,0.09352105,-0.017051607,0.1556126,-0.09339051,-0.040319327,0.046589307,-0.03256928,-0.11742852,-0.04374734,0.002725718,0.12625903,0.010195161,-0.001812201,0.0041774404,84.564186
25727.15,-0.24127539,0.035039753,0.731238,0.19896236,-0.21767406,0.09097653,-0.11900638,0.05549324,0.20980963,-0.07601386,0.42758375,-0.45770785,0.24801794,0.23616792,0.09360533,-0.016000682,0.15441595,-0.095448144,-0.038331736,0.047750566,-0.03161486,-0.116341844,-0.04221565,0.004484779,0.12763588,0.01189756,2.9871235e-05,0.004719977,85.02587
25723.945,-0.23755033,0.034695853,0.7296827,0.1974422,-0.22235286,0.08392077,-0.116427846,0.060400866,0.20635095,-0.079542845,0.42641073,-0.4582389,0.2501711,0.23760568,0.093928725,-0.017133255,0.15657134,-0.0947628,-0.03901125,0.04623107,-0.030980611,-0.11681912,-0.043895513,0.0019215271,0.12808299,0.010911621,-0.0012195464,0.0043170913,84.15127
25731.783,-0.23827693,0.0362271,0.72798115,0.20231071,-0.22404039,0.08694551,-0.119026534,0.061355457,0.21011925,-0.080747575,0.428101,-0.45676187,0.2508384,0.2366352,0.0921728,-0.014993109,0.15716797,-0.09179155,-0.04092719,0.045428496,-0.031609353,-0.117173135,-0.043859225,0.0028524315,0.1281991,0.0098369615,-0.0004852498,0.0034193476,84.22366
25723.254,-0.24325563,0.03156547,0.7318916,0.2017231,-0.22095305,0.08546688,-0.1166123,0.061832197,0.20851971,-0.08259162,0.42877898,-0.45942885,0.25229138,0.2380956,0.091210365,-0.017510576,0.15868166,-0.094427295,-0.04069332,0.046551973,-0.032641925,-0.11725722,-0.04493702,0.00073342404,0.12639095,0.008794806,-0.0027894536,0.0042498223,83.800156
25772.33,-0.23792903,0.030667242,0.7304905,0.2034742,-0.22521666,0.087933145,-0.117791705,0.059472572,0.20993972,-0.08313289,0.42551586,-0.45769563,0.24785665,0.23645024,0.09253687,-0.018090572,0.15608895,-0.09421187,-0.039418314,0.046895366,-0.031900864,-0.115882374,-0.0458636,0.00029885914,0.12787834,0.011603069,-0.0016279556,0.003783185,84.89966
25760.572,-0.24247594,0.027667359,0.72991955,0.20196956,-0.22339427,0.08699301,-0.118677355,0.06288069,0.21012342,-0.08168897,0.42605785,-0.45650697,0.24968752,0.23571262,0.08989484,-0.019477246,0.15619232,-0.095680915,-0.039773006,0.047914427,-0.032591294,-0.11624004,-0.045666132,0.0011254982,0.1270181,0.008014041,-0.0021725278,0.004312087,84.14343
25777.756,-0.24605076,0.029669609,0.7265988,0.20051643,-0.22195454,0.08537222,-0.12316974,0.06488283,0.20942214,-0.08236825,0.4284417,-0.4585104,0.2510396,0.23587407,0.09170253,-0.018104242,0.15616134,-0.095993295,-0.0400463,0.047989335,-0.03266294,-0.11684355,-0.043942668,0.002012738,0.12578394,0.008617505,-0.0014036903,0.0046875644,84.10617
25715.354,-0.23317705,0.03681974,0.7265801,0.19896053,-0.22587432,0.08752937,-0.11860276,0.060030792,0.2060434,-0.079416566,0.42539865,-0.4586102,0.24998607,0.23645164,0.09275292,-0.017035354,0.15628898,-0.09455447,-0.039135855,0.045874964,-0.032253545,-0.11530175,-0.04481718,0.002745363,0.12838227,0.012401638,-9.928179e-05,0.004129611,84.83867
25785.22,-0.24343684,0.029018579,0.72668666,0.2027795,-0.22165553,0.08627969,-0.12162471,0.06423727,0.21137303,-0.08134086,0.4250571,-0.45626375,0.24798661,0.23711076,0.09130501,-0.018499278,0.15650178,-0.09443898,-0.039996777,0.046662264,-0.034207076,-0.11667023,-0.04566907,0.0011906191,0.12634087,0.009052228,-0.0007769987,0.0046589975,83.87541
25723.916,-0.24153459,0.028285658,0.72765696,0.20282708,-0.22341688,0.08566265,-0.11563467,0.060705185,0.210116,-0.083281465,0.42906505,-0.46109742,0.25145918,0.23779607,0.091265135,-0.017794346,0.15557604,-0.09482005,-0.04094237,0.047179855,-0.0331758,-0.117345564,-0.0452781,0.0016029994,0.12679183,0.010065289,-0.0013767146,0.003271749,85.169266
25735.785,-0.2401523,0.0369995,0.72700804,0.19947664,-0.22362243,0.087720364,-0.11855438,0.057913337,0.20952255,-0.078220196,0.42759904,-0.45723635,0.24854015,0.23541085,0.09374706,-0.016382117,0.15531532,-0.09484529,-0.03828802,0.04729969,-0.03135519,-0.11649319,-0.044142574,0.0030095587,0.1291631,0.011335066,0.0004049237,0.0041951383,84.90298
25746.53,-0.2338677,0.03344297,0.72541237,0.19967307,-0.22326869,0.088448256,-0.12030424,0.05863941,0.21241286,-0.07907826,0.42469707,-0.45845422,0.25021228,0.23635647,0.0942976,-0.018314535,0.15573265,-0.095013924,-0.039203893,0.04793631,-0.03216942,-0.116224855,-0.044185452,0.0022110282,0.1278084,0.01136356,2.1196896e-05,0.0033324088,85.27112
25755.883,-0.24202041,0.032619666,0.73131293,0.20088008,-0.22424395,0.08525594,-0.11744189,0.06277562,0.21009918,-0.08162122,0.42720723,-0.45880184,0.2488167,0.23619469,0.09179324,-0.017605558,0.15624736,-0.09442665,-0.03993888,0.046898134,-0.03149122,-0.11608911,-0.04464579,0.0011362135,0.12720667,0.010322838,-0.0016253516,0.0042908713,84.12316
25736.473,-0.23547687,0.03934906,0.7250395,0.19999497,-0.22562556,0.09120605,-0.11840729,0.058746483,0.20848165,-0.07768473,0.42435908,-0.45660916,0.24907331,0.23601879,0.09414362,-0.015672209,0.15494381,-0.095102884,-0.038076863,0.047228355,-0.030767053,-0.11610633,-0.043776873,0.0040178937,0.12869455,0.01339523,0.00028032903,0.00439472,85.60318
25770.932,-0.23896484,0.031388532,0.72596985,0.20003,-0.22315037,0.091193825,-0.11930342,0.061082203,0.20653102,-0.07906113,0.42440447,-0.45464256,0.24690011,0.23360847,0.09188975,-0.016377047,0.15554793,-0.09257325,-0.038414896,0.04621321,-0.032582276,-0.11620044,-0.043852158,0.0025177463,0.12812111,0.011160418,-4.8853464e-05,0.0048236256,84.888885
25757.416,-0.23487657,0.032263022,0.72446156,0.19688958,-0.22894225,0.08714365,-0.1193219,0.05916398,0.20649433,-0.07975696,0.4259728,-0.45873153,0.24637558,0.23360893,0.0929951,-0.01605437,0.15390576,-0.09407863,-0.03652569,0.047440518,-0.030420482,-0.115366146,-0.042437784,0.0026500253,0.12953089,0.012882143,0.0010116901,0.0047765765,85.31371
25789.707,-0.24808694,0.029558394,0.7283366,0.2027025,-0.2210624,0.08673059,-0.12093964,0.06527702,0.20791309,-0.08195825,0.42696574,-0.4560417,0.24902947,0.23413542,0.09054982,-0.020390155,0.15549624,-0.09508861,-0.040010855,0.04785789,-0.032430787,-0.11671549,-0.044895552,0.0007412434,0.12566772,0.0089016305,-0.002427631,0.005262994,83.616905
25784.85,-0.23518403,0.03612306,0.72652704,0.19725527,-0.2257001,0.090251125,-0.11833027,0.0578248,0.20744406,-0.076752424,0.42296523,-0.4553466,0.24569085,0.2349467,0.094840646,-0.0146911,0.15520993,-0.093856305,-0.036651157,0.047128394,-0.031449657,-0.11638594,-0.04348708,0.0028783795,0.1291098,0.012671842,0.00055507757,0.004657586,84.89762
25787.598,-0.24294136,0.030647976,0.732024,0.19952945,-0.22132099,0.08796116,-0.11685472,0.059722908,0.20905611,-0.07857701,0.42537972,-0.45537615,0.24602625,0.23473386,0.09237636,-0.016797584,0.15491427,-0.09513973,-0.04024314,0.047408503,-0.030904045,-0.11666851,-0.04443705,0.0016165073,0.12741375,0.010350666,-0.0011937767,0.0047383322,84.64599
25728.32,-0.24252829,0.0329913,0.7299658,0.20208958,-0.2226266,0.088098444,-0.11585008,0.05807597,0.20859905,-0.07981871,0.42964464,-0.45926312,0.24773626,0.23503712,0.09153049,-0.015793066,0.15510225,-0.094724394,-0.039664958,0.047515262,-0.03230344,-0.116455905,-0.044062868,0.0027670935,0.12736759,0.0111261085,-0.00064196903,0.0037541243,85.25236
25750.662,-0.233653,0.03206522,0.7292479,0.20044836,-0.22206846,0.0912744,-0.11729621,0.06118966,0.20627244,-0.079308785,0.42258868,-0.45664042,0.24830928,0.23658751,0.09320896,-0.015352244,0.15704112,-0.093587786,-0.03905501,0.04536501,-0.032630347,-0.115820244,-0.04477466,0.001795121,0.12787819,0.011545639,-0.0013006357,0.004727207,84.78541
25751.527,-0.24492073,0.032618627,0.72596925,0.2034383,-0.22553924,0.087796584,-0.11871528,0.06254443,0.21179798,-0.08200189,0.4271003,-0.45801473,0.25064576,0.23669529,0.09049697,-0.017835017,0.15553178,-0.09440231,-0.039735887,0.048171766,-0.032294318,-0.11722914,-0.044728022,0.0028235367,0.12665598,0.010257648,-0.00082313083,0.004087713,85.11795
25779.828,-0.23349583,0.03307482,0.7264811,0.19772176,-0.22468106,0.08938573,-0.12049047,0.06279814,0.20777461,-0.07825886,0.42186087,-0.45640427,0.24858403,0.23431846,0.09388291,-0.016467039,0.15638007,-0.09452062,-0.03936207,0.04664142,-0.030167593,-0.11592312,-0.043767076,0.0025169677,0.12751181,0.010673671,-0.00078388024,0.00475451,84.44284
25793.844,-0.2353172,0.028408352,0.7280336,0.2002149,-0.22264166,0.0911776,-0.11829422,0.059135567,0.20839901,-0.078213446,0.4239185,-0.45563105,0.24610257,0.23300764,0.093147814,-0.01641119,0.15439336,-0.095640525,-0.03806665,0.047742255,-0.03404003,-0.11554825,-0.04401962,0.0016213129,0.12822859,0.010362747,-0.0002900064,0.0036268418,84.98361
25699.21,-0.23539075,0.036866166,0.7294936,0.19605237,-0.22394122,0.09019823,-0.11574172,0.05475364,0.20971651,-0.07740618,0.4247238,-0.46000803,0.2500747,0.23892201,0.09373445,-0.015414251,0.15528713,-0.09424554,-0.037243873,0.04652975,-0.0314507,-0.11540314,-0.04221062,0.0053977086,0.12856396,0.014481071,0.0015648562,0.0042748568,85.985405
25741.668,-0.23389645,0.033808928,0.72860414,0.19707914,-0.2247903,0.09109489,-0.117149435,0.057052795,0.20926723,-0.07888296,0.42580235,-0.45909393,0.24701002,0.23583975,0.09431522,-0.014299178,0.15512513,-0.09499208,-0.03837143,0.045891292,-0.03336617,-0.11479975,-0.04399138,0.0027855444,0.12904075,0.012380289,0.0014718808,0.0033823343,85.52145
25768.678,-0.23689434,0.03258148,0.7281916,0.2020085,-0.22500993,0.08976062,-0.117570676,0.06002734,0.20740286,-0.082037784,0.42641205,-0.4575255,0.24829051,0.23494668,0.09283781,-0.016546205,0.15586433,-0.09496231,-0.039407257,0.04635692,-0.033536308,-0.11542716,-0.044788197,0.00045281468,0.12782663,0.010981324,-0.0012617176,0.0036366004,84.8791
25773.045,-0.2411221,0.028839283,0.7328503,0.19989146,-0.2238653,0.08790838,-0.1160713,0.061793286,0.21019608,-0.08067534,0.42508578,-0.45732716,0.24827677,0.23568767,0.0907473,-0.016865645,0.15774885,-0.09427789,-0.039332632,0.047144208,-0.032419987,-0.11609534,-0.044870798,0.00088951836,0.12687492,0.008778483,-0.002122284,0.004453777,84.074684
25730.111,-0.24315548,0.032520365,0.72822195,0.20351157,-0.2228058,0.08643027,-0.117404856,0.0631173,0.20907253,-0.08367622,0.42978275,-0.45919648,0.2519272,0.23712747,0.09088899,-0.017095283,0.15727474,-0.09400197,-0.04140056,0.045877106,-0.03386046,-0.116923735,-0.04524684,0.00087441,0.12675084,0.00905569,-0.0018610945,0.0036075604,84.02731
25749.127,-0.24022803,0.029559042,0.7279521,0.20135283,-0.22418042,0.08727222,-0.11979654,0.06069511,0.21145557,-0.082382426,0.42572114,-0.45931813,0.2510084,0.23853594,0.09269524,-0.019818872,0.15597399,-0.09463711,-0.038368825,0.04781032,-0.032502193,-0.11649035,-0.04550716,0.002031669,0.12726036,0.011355921,-0.00079192687,0.004004019,84.8746
25719.426,-0.23739156,0.030751027,0.72845227,0.19963743,-0.22437891,0.08580372,-0.116807915,0.059063073,0.20911193,-0.081746444,0.42657864,-0.4599647,0.25134182,0.23733142,0.091398746,-0.017951414,0.15747526,-0.0939619,-0.040376183,0.04699184,-0.030733764,-0.11636733,-0.044141244,0.0019796304,0.12720235,0.011496677,-0.00084092375,0.0041533387,85.34291
25725.854,-0.2419094,0.031449087,0.7294638,0.20076375,-0.21794705,0.08903897,-0.11612361,0.058249198,0.20818679,-0.077577785,0.4258829,-0.4556954,0.25010428,0.23714823,0.09104674,-0.016474841,0.15697879,-0.09405416,-0.039793983,0.047192067,-0.03210017,-0.117385805,-0.043025594,0.003913893,0.12662102,0.01057896,-0.0008167932,0.0044901026,85.07
25763.197,-0.24023902,0.031043477,0.7273712,0.20141497,-0.21979707,0.087284274,-0.12016569,0.06217854,0.20619057,-0.078951105,0.4247579,-0.4550455,0.24953143,0.23576343,0.0918599,-0.017395481,0.1566133,-0.09530278,-0.039137363,0.04695679,-0.033051994,-0.116494805,-0.043994334,0.0024124617,0.12696694,0.009704874,-0.0012747888,0.005001864,84.43821
25778.236,-0.23614892,0.028433139,0.7266154,0.19788757,-0.2270606,0.08422124,-0.119632706,0.062487375,0.20766732,-0.08294656,0.4257033,-0.45790675,0.24987651,0.23346984,0.09197095,-0.02023541,0.15465897,-0.09594071,-0.040410426,0.047045406,-0.03216136,-0.11570709,-0.045517955,-2.567604e-05,0.12839885,0.009882983,-0.0007554507,0.0034861374,84.45609
25762.156,-0.2359482,0.027975269,0.7328037,0.1987585,-0.22260617,0.0886426,-0.113626,0.057085264,0.20898144,-0.07852549,0.42345473,-0.45579872,0.2471092,0.23551017,0.09185124,-0.015465413,0.15654986,-0.09523265,-0.03929825,0.04747034,-0.030787643,-0.11622204,-0.04380157,0.002448144,0.12804896,0.011059833,-0.0013435511,0.004226109,85.29173
25734.775,-0.23564082,0.038668204,0.7282644,0.19495493,-0.22361805,0.086622044,-0.119212456,0.05946042,0.20991085,-0.07833983,0.42611527,-0.4602959,0.24980667,0.23703922,0.09502383,-0.015420419,0.15537901,-0.0947846,-0.0383934,0.046168033,-0.031644754,-0.11614913,-0.042603575,0.0027645617,0.12852842,0.0119354585,0.0002352316,0.0044591357,84.04518
25726.58,-0.2427002,0.031069802,0.7285793,0.2002894,-0.22356601,0.08471383,-0.11873356,0.061400052,0.20814137,-0.082361475,0.42971474,-0.45992005,0.25086787,0.23782992,0.09164023,-0.018506518,0.15639953,-0.09489294,-0.039138854,0.047423013,-0.031972058,-0.11636104,-0.04423474,0.0017286101,0.12695113,0.010365083,-0.001719093,0.0043775532,84.35125
25769.25,-0.23798738,0.031078653,0.72937876,0.20197159,-0.22055061,0.08762969,-0.11896002,0.0620177,0.20859842,-0.081096165,0.42460433,-0.45658195,0.2515124,0.23577905,0.09299897,-0.018923359,0.15710619,-0.09487977,-0.040533938,0.046993513,-0.034008544,-0.1174476,-0.045334842,0.0005132282,0.12654084,0.009575431,-0.0023241974,0.0036829836,84.00464
25755.283,-0.23704012,0.035725307,0.72433126,0.19908474,-0.22343157,0.08722464,-0.1209602,0.059678763,0.20708486,-0.07866427,0.42659155,-0.45727348,0.24642012,0.23396719,0.09363505,-0.01718092,0.1540507,-0.09629937,-0.037273757,0.047183804,-0.032249488,-0.11470341,-0.043200754,0.0019113701,0.12883823,0.011909568,0.0007951902,0.004428313,85.21589
25750.9,-0.24449566,0.03108753,0.7272548,0.19868323,-0.22065547,0.08571828,-0.11859048,0.059591442,0.2078341,-0.07870943,0.42737693,-0.4570488,0.24830373,0.23541012,0.09212695,-0.018750928,0.15464611,-0.09570594,-0.039402813,0.048121206,-0.03028966,-0.116914436,-0.043733638,0.002492479,0.12712795,0.010252157,-0.00074300356,0.0052022203,84.593285
25785.6,-0.23779483,0.027148154,0.72856313,0.1996948,-0.2234855,0.0883454,-0.1187547,0.06158573,0.20659423,-0.08094343,0.42408618,-0.45844162,0.24869975,0.23565117,0.09285162,-0.01767143,0.15564068,-0.09418149,-0.039673716,0.0470239,-0.03171188,-0.11655781,-0.04453329,0.0022650901,0.12587294,0.011002474,-0.0016029272,0.004422413,85.08493
25788.242,-0.24093741,0.029788537,0.7278659,0.2007831,-0.22507688,0.08928804,-0.1186543,0.06304943,0.20923905,-0.08256075,0.42549098,-0.45843667,0.24911146,0.23521605,0.09267392,-0.017083226,0.15496534,-0.09490934,-0.04013491,0.04652971,-0.03354188,-0.11638098,-0.045742728,0.0011382252,0.12723434,0.0103008,-0.00067305565,0.0038519453,84.81213
25730.277,-0.24018215,0.031160079,0.726812,0.20494564,-0.22528629,0.089730434,-0.11890223,0.062290426,0.20977315,-0.08274441,0.42686716,-0.4581617,0.2510509,0.23814557,0.0920968,-0.017769136,0.1540144,-0.09403932,-0.039741706,0.04703985,-0.031967998,-0.116589695,-0.044992357,0.0030257483,0.12743485,0.01078804,-0.0008869469,0.0041256933,85.4694
25756.74,-0.23920901,0.025531141,0.73069066,0.20354897,-0.22360104,0.088420846,-0.11521732,0.059871815,0.20820569,-0.080989875,0.42593452,-0.45708302,0.24673635,0.23746729,0.09211846,-0.015944228,0.1553691,-0.094245605,-0.040308,0.04694534,-0.031491607,-0.11685574,-0.045399074,0.0022170045,0.12726146,0.01022959,-0.0015509361,0.00393384,85.337456
25752.121,-0.23893909,0.034719203,0.7232817,0.20185749,-0.22498769,0.0906688,-0.120657876,0.06072872,0.20720841,-0.07967442,0.42676395,-0.45532176,0.24808024,0.23441991,0.0921262,-0.016757043,0.15266748,-0.09321194,-0.03931126,0.047114246,-0.03129146,-0.11664539,-0.042027295,0.0033959835,0.12794188,0.012419283,-1.866371e-05,0.004734688,85.16747
25766.38,-0.23752671,0.030664554,0.7291291,0.2012205,-0.22481556,0.08908797,-0.115202315,0.05747053,0.20932002,-0.07968047,0.4262053,-0.45849556,0.24562922,0.23400228,0.09243983,-0.015314819,0.1540818,-0.095381245,-0.038177647,0.04832105,-0.03159849,-0.11615642,-0.043923896,0.0015543797,0.12859607,0.0117309475,-0.00061966106,0.0038820815,85.93286
25768.576,-0.23600182,0.032749955,0.7235909,0.19883786,-0.22727978,0.08802265,-0.12088154,0.059105065,0.2098893,-0.07899074,0.4259155,-0.45688656,0.24542882,0.23376122,0.09312782,-0.0174571,0.15276818,-0.0965176,-0.03780304,0.048158232,-0.031289555,-0.115116306,-0.043771345,0.001938093,0.12932868,0.011306094,0.00091065606,0.004441894,85.23827
25766.521,-0.24256341,0.028991468,0.7265825,0.20047517,-0.22457197,0.086861245,-0.12072012,0.06323422,0.2068313,-0.08298083,0.4279373,-0.45821017,0.25055864,0.23475343,0.09078478,-0.017577842,0.15458389,-0.09407012,-0.04013412,0.04686843,-0.032067742,-0.116495855,-0.043616254,0.002963305,0.12667891,0.010976255,-0.00024960935,0.0045820256,85.02581
25762.422,-0.23873955,0.029753506,0.7277538,0.20207144,-0.22746085,0.086050965,-0.117767856,0.06257009,0.20715389,-0.08290503,0.4252122,-0.4565074,0.25049546,0.2354581,0.09059507,-0.017863836,0.15533054,-0.09347854,-0.04064923,0.046527732,-0.032475207,-0.11684978,-0.045571417,0.0018610619,0.12779896,0.0102846455,-0.00050541665,0.003987624,85.191795
25738.713,-0.23898059,0.03513103,0.7247377,0.19890444,-0.22844267,0.08923821,-0.11923806,0.06156499,0.20827249,-0.08067468,0.42891958,-0.46011707,0.24801189,0.23542058,0.09431123,-0.016299032,0.1525436,-0.09297622,-0.040161766,0.046470158,-0.031968396,-0.11660132,-0.043837506,0.0020755907,0.12804854,0.011978913,3.26428e-06,0.0042289845,85.13073
25744.193,-0.23792869,0.028495535,0.7305002,0.20333087,-0.22428416,0.08725948,-0.116274424,0.059905868,0.21172905,-0.08190661,0.42504078,-0.45894474,0.24966256,0.23929654,0.09209222,-0.018641056,0.1575168,-0.09494637,-0.038849384,0.0471161,-0.03362025,-0.1158119,-0.04730562,0.0017222753,0.12709913,0.010302467,-0.0009838277,0.0030264088,85.06799
25747.387,-0.2379884,0.035048965,0.7259895,0.19930397,-0.22080514,0.091541484,-0.120257445,0.05933721,0.20743614,-0.07771588,0.4241361,-0.45585933,0.25073528,0.23482153,0.09299905,-0.017336806,0.15585062,-0.09464969,-0.03938466,0.04708301,-0.03126642,-0.11653361,-0.042871334,0.0037877914,0.12729101,0.012483848,-0.00020153075,0.005263497,85.17745
25766.135,-0.23544268,0.02938339,0.7235383,0.19960472,-0.22608756,0.08667472,-0.12072706,0.063331254,0.205953,-0.08221679,0.42662856,-0.45746765,0.24978763,0.23410328,0.09322084,-0.017583938,0.15458633,-0.093756616,-0.040574037,0.04643959,-0.031012496,-0.11675932,-0.044065285,0.0011978224,0.12801148,0.010140715,-0.00097039714,0.004153829,84.61706
25724.098,-0.23908679,0.03792843,0.7251006,0.19929768,-0.22093609,0.08912337,-0.119462185,0.058972653,0.2092372,-0.076852985,0.426363,-0.45780593,0.2504263,0.23773731,0.09491457,-0.017151752,0.15498562,-0.09421266,-0.04028115,0.04708405,-0.03222558,-0.11761457,-0.043353844,0.003487711,0.1270999,0.011586203,-0.00042169727,0.0040069106,84.518166
25771.54,-0.23566033,0.0371005,0.726316,0.2002626,-0.22613594,0.09031924,-0.12025752,0.059283778,0.2049974,-0.07823264,0.4267806,-0.45618078,0.24451151,0.2332313,0.09491987,-0.015147822,0.15372436,-0.09349779,-0.0390669,0.045774464,-0.03079291,-0.115188785,-0.044298492,0.0023665777,0.12891859,0.012268084,0.000442978,0.004088906,84.92978
25752.143,-0.24022445,0.029200891,0.72544,0.20168307,-0.22445501,0.086139575,-0.11876322,0.062680855,0.20757942,-0.083091065,0.42816415,-0.45831287,0.24968381,0.23529519,0.09253718,-0.017173538,0.15571862,-0.09449074,-0.0389581,0.04738684,-0.03218261,-0.116939224,-0.043422487,0.0012018988,0.12749721,0.009797242,-0.0012727464,0.003662915,84.981636
25733.49,-0.2416699,0.03410817,0.72899944,0.20179424,-0.22098437,0.0886552,-0.12019126,0.05815161,0.21059662,-0.080647744,0.42824998,-0.4579068,0.25046647,0.23718056,0.09272107,-0.017989015,0.15556522,-0.09348381,-0.040203504,0.046496466,-0.0319623,-0.11577915,-0.043410867,0.003148418,0.12716769,0.010962106,-0.00033444073,0.0036530695,85.01474
25763.12,-0.24327919,0.031844925,0.7315679,0.20048633,-0.2217174,0.0903315,-0.11823355,0.059819486,0.20502679,-0.08033506,0.4272259,-0.45761707,0.24981222,0.23522694,0.09293969,-0.016385775,0.15519498,-0.093684085,-0.04052218,0.046578355,-0.030516408,-0.11669859,-0.043361437,0.0032624432,0.12638775,0.010615306,-0.0017805733,0.0047114557,84.88127
25738.99,-0.23756932,0.030639637,0.7268109,0.1985384,-0.22430824,0.086727545,-0.11712799,0.059303395,0.20966469,-0.0791935,0.42512175,-0.4562584,0.25003487,0.23429078,0.090673886,-0.017739004,0.15508416,-0.09536559,-0.03898811,0.048264917,-0.032204024,-0.11662372,-0.042797115,0.0030863415,0.12841287,0.011096275,0.0004663663,0.0039930837,85.247856
25766.266,-0.23832841,0.035229877,0.7230517,0.2012377,-0.22802351,0.09025346,-0.12004709,0.061229493,0.20826703,-0.08148977,0.42792162,-0.4591371,0.24832197,0.23369393,0.09243593,-0.016159674,0.15343076,-0.09351556,-0.03992181,0.04657358,-0.03370909,-0.116542146,-0.044156402,0.0016862834,0.12799743,0.012272303,0.00025498727,0.0039758864,84.94204
25755.57,-0.23995952,0.03354986,0.7258289,0.1987305,-0.22173876,0.086776234,-0.11790483,0.059323013,0.20670436,-0.07735045,0.4260306,-0.45619696,0.24575928,0.23478833,0.09291908,-0.017664034,0.15516734,-0.09481675,-0.03772629,0.04753052,-0.030761763,-0.116268374,-0.043497115,0.0017782762,0.1280668,0.011415509,-0.00081127323,0.0052113244,84.176285
25751.574,-0.23832722,0.03341428,0.7297904,0.2014138,-0.22358657,0.08988563,-0.11919379,0.060059894,0.20964052,-0.080506705,0.42557928,-0.45768452,0.2473927,0.23733814,0.093823366,-0.01588343,0.15497006,-0.093177564,-0.03970932,0.045966726,-0.031002345,-0.11622016,-0.0433194,0.0025315024,0.12753743,0.012124338,-0.00072127394,0.0044965814,84.85114
25763.54,-0.23886669,0.029290851,0.7301078,0.19787152,-0.22362694,0.08728466,-0.11899045,0.063128196,0.20616007,-0.079270974,0.42523363,-0.45712233,0.2481295,0.23415299,0.09213524,-0.017631551,0.15593415,-0.09636495,-0.03935025,0.04707679,-0.03200891,-0.11559684,-0.044802066,0.0015751133,0.1274705,0.009089753,-0.0015843175,0.004916233,83.94549
25752.514,-0.24293393,0.03075161,0.7286008,0.20026347,-0.21905155,0.08626061,-0.11989764,0.061636105,0.20724703,-0.08043128,0.42696244,-0.45596647,0.24951251,0.23640852,0.091745384,-0.018334966,0.15585326,-0.095445864,-0.040212933,0.046828076,-0.032978177,-0.1167588,-0.044056453,0.001763016,0.12667479,0.009572315,-0.0014592484,0.0044009183,84.2955
25757.312,-0.23823105,0.034619305,0.72978055,0.19861259,-0.22218579,0.08865219,-0.118916474,0.061337158,0.21014464,-0.079281904,0.42402205,-0.45838577,0.25102016,0.23581162,0.09181571,-0.01661175,0.1570889,-0.09535444,-0.040167075,0.047298633,-0.032796353,-0.1163834,-0.04380419,0.0025532772,0.12632696,0.010827603,-0.0011013718,0.0043616714,84.74954
25775.25,-0.24361429,0.03126403,0.73049283,0.20296197,-0.22353256,0.08900647,-0.11843801,0.06273761,0.21160032,-0.083123535,0.42670098,-0.4581442,0.2519535,0.23719263,0.09150033,-0.017066192,0.15635023,-0.09332153,-0.040637154,0.04703578,-0.03274548,-0.11728626,-0.044361588,0.0015839627,0.126372,0.009330263,-0.0016694926,0.0037956533,84.53237
25755.65,-0.24167444,0.03561149,0.7288339,0.19726788,-0.22339553,0.085304536,-0.11960808,0.05933222,0.20971684,-0.07878025,0.42789197,-0.45869347,0.2477169,0.23660694,0.09369047,-0.017194489,0.15471834,-0.09394661,-0.039606653,0.047040537,-0.032422706,-0.116270185,-0.043437213,0.0024421937,0.12700447,0.011358206,0.00048326096,0.0039959266,84.64838
25801.445,-0.24476843,0.035195693,0.7249973,0.20203693,-0.22475772,0.08918159,-0.12115249,0.06352009,0.20536777,-0.08022841,0.42771527,-0.4558719,0.24522091,0.2326105,0.09289938,-0.017443702,0.15319118,-0.095659316,-0.039197408,0.047380015,-0.032247122,-0.11580717,-0.04484265,0.0011362671,0.12694493,0.010871373,-0.0010680119,0.004879845,84.55308
25764.531,-0.23627916,0.03417325,0.7256937,0.19696926,-0.2220797,0.08745494,-0.11994619,0.060081676,0.20626374,-0.07801274,0.425157,-0.45503643,0.24834216,0.23339121,0.09287691,-0.01752605,0.15517466,-0.09407401,-0.04037221,0.046350185,-0.031084303,-0.11628169,-0.04256281,0.0017647115,0.12801161,0.010372572,-0.00050147437,0.004212892,84.16323
25735.424,-0.23844175,0.033311535,0.7278703,0.20113406,-0.22111936,0.08849903,-0.11809739,0.057183404,0.20611261,-0.07927643,0.4265757,-0.45764723,0.24983624,0.23474008,0.09304278,-0.018276097,0.15603302,-0.096510425,-0.039223425,0.048351087,-0.031091021,-0.116546,-0.043702587,0.002147824,0.12749267,0.012111053,-0.0015922794,0.0042746803,85.18004
25773.057,-0.23704346,0.030532733,0.7256538,0.20031871,-0.22152829,0.088560924,-0.120989196,0.06325118,0.20765948,-0.07953179,0.42350814,-0.45731175,0.24979943,0.23427446,0.093230434,-0.017988,0.15584157,-0.094318986,-0.040372215,0.046703707,-0.03224007,-0.117088735,-0.044115845,0.0018669516,0.12657411,0.010356744,-0.0009692479,0.0049164677,84.29406
25762.783,-0.23986569,0.031239904,0.72708553,0.20160599,-0.21953309,0.089616895,-0.118625574,0.05951135,0.20935868,-0.07777374,0.42430398,-0.45666805,0.24831876,0.2346015,0.092318706,-0.01883667,0.15440375,-0.096932925,-0.03861434,0.049152482,-0.033381682,-0.11692455,-0.043814864,0.0020367485,0.12687634,0.0115485955,-0.0010009259,0.0046577626,84.7601
25766.713,-0.2405777,0.030824509,0.72509325,0.19942088,-0.22347623,0.083944,-0.120773666,0.06416097,0.2074892,-0.08174748,0.427403,-0.4591438,0.2498122,0.23469064,0.093125165,-0.01921169,0.15450397,-0.095741875,-0.041636433,0.047349177,-0.032384872,-0.11740762,-0.044628344,0.00095223734,0.12614432,0.010107792,-0.0012173885,0.003953076,84.187775
25753.465,-0.23590624,0.037236925,0.72682506,0.20022203,-0.22482386,0.08705313,-0.11950068,0.061411418,0.20702942,-0.08058529,0.42675567,-0.4580324,0.2475881,0.23428486,0.093920924,-0.0159448,0.15529424,-0.09364691,-0.039948206,0.045897983,-0.031748734,-0.11640548,-0.043846007,0.0006633057,0.12840408,0.011404443,-0.0012619458,0.004086691,84.39768
25774.137,-0.23978816,0.030864898,0.7255244,0.19924214,-0.22352725,0.088430986,-0.11922671,0.059696488,0.20450026,-0.078320414,0.42500597,-0.45457968,0.24521472,0.23388676,0.09392201,-0.016944522,0.15269129,-0.09378474,-0.038212966,0.04685352,-0.030030385,-0.1168449,-0.04253244,0.0029583052,0.12856814,0.012096799,-0.00032264646,0.0055573513,85.236824
25744.785,-0.23707302,0.031955,0.72573185,0.1986643,-0.22407474,0.08864258,-0.11747764,0.05899612,0.20674482,-0.07996688,0.42702493,-0.45686802,0.24852598,0.23401187,0.092853166,-0.0177312,0.15471348,-0.093843214,-0.041249596,0.046890628,-0.030167697,-0.11665646,-0.043520052,0.0015149568,0.12755786,0.011049984,-0.001072065,0.004116983,85.059204
25730.48,-0.24083796,0.0314415,0.72921956,0.20149131,-0.22214353,0.085197896,-0.11708977,0.06041815,0.20857541,-0.08215535,0.428872,-0.45901743,0.25083527,0.23657437,0.09155442,-0.017302524,0.15788566,-0.09456509,-0.040187083,0.047050428,-0.031401996,-0.116976306,-0.04400611,0.0009948029,0.12737623,0.009164518,-0.0025398582,0.0035552876,84.17949
25718.896,-0.23433574,0.03347335,0.72047603,0.19992954,-0.22735216,0.08560332,-0.12139977,0.0623644,0.20912029,-0.081353515,0.42648342,-0.4581214,0.25104153,0.23511748,0.091593035,-0.018555216,0.1541463,-0.09441295,-0.03932906,0.046639305,-0.0314084,-0.116387635,-0.043775562,0.0023315852,0.1295909,0.011614906,0.0006937068,0.0047048144,84.73936
25754.188,-0.24221143,0.02928177,0.7286357,0.20233248,-0.22496428,0.08541699,-0.11819094,0.061731778,0.20919082,-0.083179206,0.42723316,-0.4591319,0.24955131,0.235957,0.09080783,-0.018693311,0.15634632,-0.09342222,-0.04058565,0.047224484,-0.030815955,-0.117115974,-0.045090564,0.0009890175,0.12696977,0.009898845,-0.0017356519,0.004155408,84.64658
25737.566,-0.23773284,0.032687902,0.7252457,0.20141876,-0.22273542,0.08654691,-0.117655076,0.06041045,0.20981339,-0.07965583,0.42635643,-0.45511195,0.24868871,0.23515709,0.09114359,-0.016467806,0.155517,-0.09400604,-0.040177364,0.046363957,-0.033286415,-0.1167211,-0.043564636,0.0018489282,0.12872884,0.010645316,0.0005017086,0.0040943176,84.76415
25732.486,-0.23970003,0.032153264,0.72793484,0.20026122,-0.22053865,0.0866853,-0.11962372,0.062627465,0.21028842,-0.08130028,0.42734414,-0.45947856,0.25248054,0.23807569,0.092041634,-0.016900929,0.15709926,-0.09391541,-0.04124613,0.046164833,-0.033671413,-0.11783468,-0.044048864,0.0021870239,0.12621681,0.010187516,-0.0013698861,0.0042519635,83.84451
25729.588,-0.2300641,0.032137696,0.7252642,0.19870229,-0.22851588,0.08924888,-0.117393166,0.058488484,0.20851527,-0.0786528,0.4244514,-0.45762137,0.24747628,0.23477225,0.09296444,-0.016067285,0.15363754,-0.09411553,-0.039866313,0.045998946,-0.031087277,-0.11503229,-0.044431295,0.0031261612,0.13021478,0.012729247,0.0012589497,0.003902145,85.62158
25727.12,-0.23842438,0.030462684,0.73139614,0.20029289,-0.22284289,0.08898715,-0.11578515,0.059938934,0.21022485,-0.078989126,0.42537367,-0.45886314,0.24939609,0.2369587,0.09131196,-0.016324088,0.15662444,-0.09501315,-0.038886484,0.047200356,-0.03306457,-0.11645097,-0.044759393,0.0024480661,0.12761742,0.009947111,-0.0011689449,0.0045695463,84.5845
25755.348,-0.23382457,0.03956642,0.72556293,0.19875458,-0.22468701,0.09269527,-0.12126739,0.060964584,0.20726252,-0.078192025,0.42476737,-0.4564865,0.24656464,0.23354533,0.09337689,-0.014569841,0.15413833,-0.09289054,-0.03824479,0.04445341,-0.034414977,-0.11464246,-0.04295013,0.002554085,0.12911524,0.0125811,0.00092933374,0.004669787,84.479004
25749.236,-0.24491055,0.035256445,0.7252395,0.20208241,-0.22245033,0.08747881,-0.12097464,0.0629964,0.21054295,-0.08002752,0.42882192,-0.45661017,0.24951948,0.23556547,0.09152019,-0.017445765,0.15578325,-0.095167,-0.040061507,0.047413945,-0.032160323,-0.11662552,-0.044007596,0.0022241655,0.12692627,0.009151765,-0.0011956934,0.004695419,84.02882
25760.975,-0.23601797,0.035895262,0.7257703,0.20101507,-0.22635567,0.08987338,-0.11841144,0.058903206,0.20853822,-0.079433225,0.42487484,-0.4550673,0.247247,0.2346886,0.093007036,-0.016495813,0.15436141,-0.0937043,-0.037805527,0.04730974,-0.030551732,-0.11597677,-0.043175306,0.0019080252,0.1293104,0.012022247,-0.00040133297,0.0044822055,85.47008
25758.666,-0.23858604,0.030391691,0.7289974,0.19951458,-0.22410838,0.08656715,-0.11873472,0.0626318,0.2082726,-0.08128366,0.42637375,-0.45949477,0.24871309,0.23631069,0.09348992,-0.017273387,0.15473244,-0.09448078,-0.038724016,0.046514526,-0.03376628,-0.115824446,-0.044402495,0.0020793928,0.12717764,0.011298435,-0.00015358161,0.0038562466,84.86273
25759.395,-0.24566144,0.03173413,0.7254958,0.20100303,-0.2216618,0.086523086,-0.12292195,0.062390197,0.2060995,-0.08088588,0.43035957,-0.45741662,0.24963255,0.23449247,0.092152745,-0.0183472,0.15431386,-0.09527977,-0.040665593,0.047440823,-0.031162601,-0.11690491,-0.04296757,0.002216136,0.12678772,0.009499484,-0.0018271692,0.0050197234,83.88221
25739.44,-0.2354183,0.037751537,0.72588855,0.19986072,-0.22610903,0.08923271,-0.11824483,0.059877355,0.20613723,-0.079385035,0.42737705,-0.45758808,0.24699466,0.2353015,0.09433514,-0.01320017,0.15488394,-0.091995575,-0.037497777,0.045263167,-0.031213379,-0.115852885,-0.04262998,0.002854562,0.12950228,0.012081492,0.0005999389,0.0043543545,84.974724
25774.984,-0.24528857,0.030711077,0.72754437,0.20379817,-0.22340149,0.086264566,-0.11919686,0.06291277,0.2078663,-0.08350852,0.42918617,-0.45709202,0.25084203,0.23630181,0.0916919,-0.01825069,0.15561265,-0.09481518,-0.040919635,0.047077566,-0.033311076,-0.11729921,-0.045518883,0.0011684098,0.12638672,0.008890245,-0.0020286804,0.0033883986,84.39227
25728.395,-0.24000937,0.038779754,0.72482365,0.20185669,-0.2214084,0.0884484,-0.119868994,0.061910685,0.20836514,-0.07822216,0.42691797,-0.4572912,0.24907313,0.235757,0.093516275,-0.01613267,0.1549152,-0.09366224,-0.038700085,0.046003852,-0.0337562,-0.11683413,-0.04349375,0.0025685723,0.12823638,0.011883195,0.00021910667,0.005214024,84.1767
25756.57,-0.23722261,0.028444897,0.72489166,0.20018089,-0.22643825,0.085833564,-0.117910445,0.06010901,0.20908894,-0.081840836,0.42734072,-0.45924973,0.2487593,0.2348227,0.09190713,-0.017739482,0.1550126,-0.09573146,-0.040029008,0.0470581,-0.032608066,-0.11593107,-0.0455923,0.0012706481,0.12838422,0.010432058,0.00021248031,0.0034321703,85.11486
25750.326,-0.2365971,0.035847425,0.72421134,0.19729823,-0.22400407,0.089863375,-0.1174828,0.058150195,0.20668815,-0.07612634,0.42605525,-0.4574677,0.24556431,0.23348412,0.093454346,-0.013609917,0.1544865,-0.09464197,-0.038625717,0.04681285,-0.03289739,-0.1167268,-0.04308298,0.002980915,0.12862508,0.012644997,0.0008433624,0.0049467804,84.902725
25757.193,-0.23528686,0.03259983,0.72929955,0.1978014,-0.22136505,0.08877215,-0.11986363,0.058846835,0.20886742,-0.07746962,0.42447704,-0.45607898,0.24737114,0.23540178,0.093215615,-0.015183542,0.15689671,-0.09352854,-0.040476315,0.04591155,-0.029902026,-0.116067074,-0.042836905,0.0028072023,0.12783086,0.0105216345,-0.0004620552,0.004939655,84.50048
25801.893,-0.24153906,0.027711004,0.73385584,0.19994253,-0.22189744,0.08674418,-0.11814519,0.06059983,0.20778164,-0.081901915,0.42606577,-0.45586395,0.24771063,0.23471686,0.09176791,-0.018001702,0.15613309,-0.09516332,-0.039935425,0.047071617,-0.032771967,-0.1160801,-0.044555947,2.7599337e-05,0.1266533,0.008811719,-0.0020210845,0.0040088827,84.07744
25785.729,-0.24092034,0.03272829,0.7287295,0.19840747,-0.22109406,0.089419305,-0.12084531,0.060647637,0.20971428,-0.078459725,0.4259956,-0.45594335,0.24681619,0.23321483,0.09343392,-0.01689975,0.15506366,-0.094885215,-0.039875492,0.047595173,-0.030984273,-0.11615899,-0.042533834,0.0015610908,0.12723961,0.010115128,-0.0011845184,0.0049427217,84.02961
25749.6,-0.24006136,0.02544222,0.73143876,0.19948256,-0.22244589,0.08514834,-0.11641669,0.06167241,0.20856693,-0.081890926,0.4260033,-0.45851442,0.2507181,0.23696277,0.09091108,-0.017596062,0.1574541,-0.0952091,-0.041012824,0.046915546,-0.032792088,-0.117309935,-0.045103632,0.0011424576,0.12670645,0.008878269,-0.001782951,0.004283659,84.18499
25744.39,-0.24102212,0.033958856,0.72386295,0.19914739,-0.22167528,0.087288775,-0.12054098,0.061227694,0.20813249,-0.079425745,0.42886618,-0.4586432,0.25091922,0.23340021,0.091814496,-0.017551955,0.15506423,-0.09496988,-0.040471494,0.047368005,-0.033430643,-0.11695295,-0.042228766,0.0025283024,0.12679103,0.010933404,-0.0003354624,0.004213836,84.17091
25794.861,-0.24135908,0.027485006,0.7288261,0.1991455,-0.22107147,0.08661171,-0.12241718,0.06458989,0.20664495,-0.08184605,0.4264323,-0.4563932,0.25009742,0.2336719,0.09294664,-0.018211529,0.15681246,-0.09473608,-0.040612936,0.04671727,-0.03256246,-0.11674612,-0.044021785,0.0008046083,0.1262721,0.008146402,-0.0019382397,0.0044128094,83.42387
25736.703,-0.23840725,0.034049463,0.7281366,0.19822337,-0.22203483,0.084208615,-0.11900893,0.06164187,0.21077359,-0.079290636,0.42606696,-0.45953605,0.25124085,0.23858829,0.09441142,-0.01715043,0.15616965,-0.095137425,-0.039435446,0.047399264,-0.03184548,-0.11773287,-0.044234574,0.0025538662,0.12729542,0.009867078,-0.00087668654,0.0037038932,84.071754
25785.227,-0.24052648,0.029925115,0.72735333,0.20250833,-0.22525594,0.0863776,-0.122131035,0.06356545,0.20535451,-0.08378669,0.42781627,-0.45677114,0.24894635,0.23245515,0.09110508,-0.018257264,0.15471737,-0.09422517,-0.04142209,0.046570793,-0.031931125,-0.116125196,-0.04372309,0.00097194413,0.12680222,0.010265857,-0.0013427818,0.0042793914,84.491486
25773.33,-0.2385142,0.033249054,0.72905755,0.19626579,-0.2223147,0.08669747,-0.1202976,0.06122856,0.20538567,-0.079187475,0.42631656,-0.45688492,0.24734259,0.23242222,0.09354014,-0.016636584,0.1544143,-0.09636614,-0.04010984,0.046799466,-0.030074134,-0.11575697,-0.042605527,0.0017551864,0.12778164,0.010537123,-0.0011250433,0.0050368,84.307556
25743.613,-0.2326488,0.037338674,0.7207581,0.19926904,-0.223801,0.09203585,-0.120596334,0.059516132,0.20512797,-0.07683296,0.42504638,-0.45727208,0.24593294,0.23180121,0.09472652,-0.016126605,0.15296693,-0.0942742,-0.038389012,0.046433046,-0.031875435,-0.11555213,-0.042463597,0.002256827,0.1289127,0.013799173,0.0006866362,0.0054054493,85.114815
25727.861,-0.23737857,0.033212237,0.7245397,0.2017548,-0.22903462,0.08755372,-0.11756703,0.05915598,0.2098753,-0.08220707,0.4286973,-0.45952606,0.24950819,0.23535617,0.09109317,-0.016572574,0.15499747,-0.09414481,-0.03962442,0.047400527,-0.03243754,-0.11630168,-0.04399535,0.0020562015,0.12849107,0.011995786,0.0006163912,0.0033632205,85.72624
25705.207,-0.23626581,0.032805875,0.725406,0.19968775,-0.22554423,0.08579748,-0.11737341,0.059099983,0.20936178,-0.08005104,0.42728052,-0.459095,0.25108695,0.23824176,0.09232399,-0.016276693,0.15518829,-0.09465572,-0.03905021,0.04733443,-0.03207149,-0.11727148,-0.043715924,0.003152599,0.12891191,0.011301421,0.0002572122,0.0039955303,85.0921
25755.082,-0.24236521,0.032582853,0.7269531,0.20262712,-0.22437437,0.08834529,-0.11990927,0.06127046,0.2091392,-0.082969986,0.42940027,-0.45924217,0.24893607,0.23660487,0.09336745,-0.018801527,0.1553191,-0.094643146,-0.039535668,0.04732796,-0.03208791,-0.11634293,-0.045411266,0.00048039487,0.12691684,0.010795623,-0.002046124,0.0039520385,84.245384
25739.729,-0.23918955,0.032362543,0.726603,0.19914356,-0.224173,0.09372578,-0.11770263,0.056782845,0.20859103,-0.07738144,0.42561615,-0.45786002,0.24550028,0.23643537,0.09301273,-0.015351359,0.1535639,-0.09446703,-0.037676,0.047446664,-0.030779574,-0.11556661,-0.043793894,0.00449542,0.12796372,0.0131004155,0.0003937371,0.005181542,85.86693
25768.71,-0.24028116,0.032984547,0.7258308,0.20026426,-0.22115327,0.088366,-0.12130303,0.06220193,0.20579877,-0.07889055,0.4263176,-0.4568975,0.24766274,0.23488878,0.09377998,-0.016157249,0.15534058,-0.095252454,-0.039536048,0.04632394,-0.032541923,-0.115935594,-0.043546755,0.0025868649,0.12724727,0.01071909,-0.0006460259,0.0046961177,84.561806
25725.926,-0.23908503,0.031069964,0.72941375,0.20098777,-0.22231537,0.08530992,-0.11839852,0.06021066,0.20820063,-0.08070449,0.4283393,-0.45849553,0.25028437,0.23499446,0.09182458,-0.0190762,0.15431082,-0.09489551,-0.039579887,0.047389075,-0.032415748,-0.11635608,-0.04363828,0.0023034262,0.12791428,0.01110895,-0.0008295588,0.00392894,84.469986
25715.08,-0.23874357,0.032752126,0.729368,0.20145196,-0.22133952,0.09001179,-0.118507564,0.058293037,0.20914452,-0.0801092,0.4269298,-0.45826924,0.25095567,0.23785402,0.091982596,-0.01579284,0.15581226,-0.09310073,-0.038949464,0.046180945,-0.030472703,-0.11626856,-0.042794596,0.0046741352,0.1280272,0.011294771,-0.00044627395,0.0041608782,85.32611
25732.336,-0.23051731,0.038095027,0.7226569,0.19643657,-0.22564302,0.09276537,-0.11629336,0.057071477,0.20708916,-0.07667959,0.42501763,-0.45836768,0.2467747,0.2331999,0.09504717,-0.013481588,0.15319178,-0.09385141,-0.039182168,0.046482284,-0.031512246,-0.11618335,-0.04177096,0.0029074526,0.1293798,0.014155283,0.000971864,0.0039941054,85.885765
25771.98,-0.24316886,0.027456658,0.728433,0.20298912,-0.2201173,0.08749627,-0.11900113,0.061929274,0.2088663,-0.08011394,0.42554843,-0.45568296,0.24880338,0.23687455,0.09149933,-0.018431915,0.15432723,-0.09531442,-0.04039255,0.047662918,-0.033780813,-0.11726907,-0.044943023,0.0026272475,0.12598868,0.009593085,-0.0012969254,0.004291152,84.97231
25751.082,-0.24293612,0.02598612,0.7273167,0.20410341,-0.22044602,0.08533333,-0.11898375,0.06275765,0.20791341,-0.08223319,0.42685938,-0.45668852,0.24987608,0.23670092,0.09095754,-0.01955418,0.15589799,-0.09496911,-0.039855063,0.047149,-0.03286276,-0.116616376,-0.045161095,0.0021042842,0.12638366,0.009241951,-0.0012788102,0.0038990655,84.983665
25780.354,-0.2366359,0.03253712,0.7307777,0.19956534,-0.22245233,0.08717042,-0.1186672,0.061574053,0.20857662,-0.08107671,0.42373678,-0.4581886,0.2479154,0.23522349,0.09299483,-0.017799182,0.1572723,-0.09562699,-0.038639024,0.046535626,-0.032805223,-0.11493051,-0.045057826,-0.000171964,0.12732106,0.010699808,-0.001329585,0.004272168,84.42242
25755.998,-0.24250904,0.032422677,0.7289733,0.20246351,-0.22137927,0.08947812,-0.11883435,0.06149076,0.20602795,-0.08128561,0.42830303,-0.45660347,0.24788602,0.2350579,0.091841936,-0.016992938,0.15587145,-0.09341894,-0.039462455,0.04564122,-0.03328748,-0.11585447,-0.043870382,0.0009858683,0.12719633,0.010124105,-0.0018305043,0.0045983195,83.87336
25757.908,-0.23782514,0.031484287,0.7308796,0.19956179,-0.223602,0.0844709,-0.11827972,0.0615749,0.21054712,-0.08264705,0.42531484,-0.45983967,0.25097257,0.23851267,0.093176015,-0.01791053,0.15750623,-0.0957052,-0.03990866,0.04689835,-0.031662658,-0.11677725,-0.045207456,0.00067764433,0.12691534,0.010124888,-0.0017424067,0.0037556735,84.17974
25778.496,-0.23702957,0.033214036,0.7300333,0.19785696,-0.22279829,0.087853625,-0.11692727,0.056719396,0.21000977,-0.07791216,0.42413777,-0.45730206,0.24532725,0.23533313,0.093404375,-0.014372783,0.15601946,-0.094266646,-0.038142063,0.046849567,-0.030817831,-0.11576093,-0.042596754,0.0022567776,0.12843427,0.012570342,0.0006623762,0.0048922733,85.47392
25799.918,-0.23985426,0.03019546,0.72871464,0.19983159,-0.22198422,0.08697001,-0.11872414,0.062361024,0.20982909,-0.080744736,0.42419294,-0.45688516,0.24774127,0.23464227,0.09370839,-0.018599134,0.15462662,-0.09596045,-0.039743286,0.047643058,-0.034139156,-0.11689643,-0.04526644,-2.814451e-05,0.12703323,0.01059671,-0.0010688389,0.003926787,84.37291
25749.672,-0.23598316,0.032780897,0.72676665,0.19819951,-0.22313969,0.08901102,-0.11948728,0.059801407,0.20933439,-0.077583976,0.42399433,-0.45674047,0.24963483,0.23460151,0.09226721,-0.018287823,0.15410814,-0.094493315,-0.039412726,0.046795063,-0.031899028,-0.11593545,-0.043196708,0.003209619,0.12804678,0.010786992,-6.6516e-05,0.0047864984,84.60862
25748.836,-0.23709428,0.0383201,0.73043275,0.19851966,-0.21982144,0.09033332,-0.11854191,0.05932799,0.20760047,-0.07547659,0.42376202,-0.4556893,0.24662627,0.23495102,0.094298184,-0.013859886,0.1555976,-0.095013164,-0.03820228,0.046329424,-0.031451117,-0.11587077,-0.042564444,0.0031112488,0.12880588,0.011456432,-2.7342705e-05,0.0053962665,84.39744
25763.367,-0.24064606,0.028066006,0.7301209,0.20366535,-0.22398378,0.084548905,-0.11574677,0.060255907,0.21049458,-0.081976466,0.42742336,-0.45859447,0.24794796,0.23610139,0.09115694,-0.018293992,0.15577814,-0.095946044,-0.040106546,0.047778737,-0.033394888,-0.11659237,-0.04661674,0.00093340274,0.12720546,0.010486933,-0.001389469,0.0032423197,84.809875
25788.465,-0.2402909,0.031282283,0.72614497,0.19897392,-0.22481312,0.084559634,-0.11968821,0.06290813,0.20763446,-0.08160442,0.4257529,-0.45701748,0.24748386,0.23445651,0.09249601,-0.018775243,0.15564837,-0.094922,-0.039134897,0.046640474,-0.032628506,-0.11607719,-0.045634244,0.00026700745,0.12777798,0.010401893,-0.0006497195,0.00415669,84.45548
25769.285,-0.23822416,0.030813364,0.7317319,0.19769797,-0.22272061,0.08969706,-0.11589325,0.057834804,0.20624052,-0.07861475,0.42479008,-0.4573253,0.24537575,0.23460972,0.0934654,-0.015905282,0.15459351,-0.09532628,-0.039008345,0.04646179,-0.031891108,-0.11535783,-0.043932594,0.001743244,0.12809362,0.011631111,-0.00088902935,0.0045913034,84.927315
25722.01,-0.2362933,0.03160667,0.72861326,0.2002045,-0.22056045,0.08799619,-0.11593099,0.058536675,0.21047662,-0.0778306,0.4245018,-0.45736873,0.2507783,0.23791653,0.092176944,-0.016685272,0.1553753,-0.09475947,-0.039235797,0.047050737,-0.033410683,-0.11717509,-0.044042427,0.0033942661,0.12831642,0.011101273,-7.790607e-05,0.004103606,84.69996
25793.996,-0.24151054,0.027608985,0.73243505,0.2017999,-0.22136591,0.08829436,-0.11878037,0.06100672,0.2088701,-0.08244857,0.4267396,-0.45658925,0.24900237,0.23454152,0.09213831,-0.017726725,0.15718153,-0.094500005,-0.040504552,0.046886146,-0.03265181,-0.11635745,-0.04493722,0.00054380303,0.12667435,0.0085319895,-0.0023315446,0.003197778,84.0533
25799.938,-0.23614481,0.034849644,0.72616935,0.19868538,-0.22702967,0.088871576,-0.120634705,0.06231197,0.20911795,-0.08068239,0.42395267,-0.45710263,0.24702,0.23418462,0.09442048,-0.01589326,0.15544088,-0.09453613,-0.038624477,0.045843165,-0.03357814,-0.11536298,-0.045248736,0.00088540005,0.12877713,0.011268316,0.00052068895,0.0039825626,84.40004
25740.096,-0.2433793,0.031729396,0.73227197,0.20108952,-0.21990901,0.08450693,-0.11958198,0.062194765,0.21029435,-0.08281388,0.42803103,-0.45930278,0.25162482,0.23857185,0.0920484,-0.01710934,0.15774573,-0.09397671,-0.041416615,0.045987286,-0.03268523,-0.11724182,-0.044244472,0.0016772756,0.12625062,0.009388553,-0.0013212841,0.00382088,84.11707
25744.234,-0.24073248,0.029751794,0.7285213,0.20398442,-0.22229715,0.083569966,-0.11888369,0.061345097,0.21059538,-0.08255387,0.42858908,-0.4587793,0.24961615,0.23607564,0.091285594,-0.018784806,0.15619661,-0.09489276,-0.040787715,0.04726678,-0.034088694,-0.116787754,-0.045250524,0.0005369583,0.12713318,0.009542101,-0.001153483,0.003158991,84.31243
25767.82,-0.23526354,0.030265337,0.72789985,0.1979842,-0.22758101,0.09095248,-0.11609006,0.05679701,0.2108561,-0.07932664,0.42517203,-0.458533,0.24704924,0.23424119,0.092795014,-0.016941035,0.15319961,-0.09521576,-0.038270745,0.048222754,-0.031561226,-0.11539648,-0.043799847,0.0022959094,0.12856422,0.0115332175,-8.0387115e-05,0.0035150107,85.97321
25748.39,-0.23880166,0.038931735,0.7257787,0.19566652,-0.22343872,0.087268814,-0.1217811,0.060504057,0.20543885,-0.0777841,0.4298756,-0.45807144,0.24781767,0.23231943,0.09445903,-0.015588233,0.1531654,-0.09445867,-0.039310142,0.045878112,-0.03171857,-0.115758926,-0.0420113,0.0030772681,0.12888454,0.011794286,0.0003734664,0.004506738,83.76384
25747.78,-0.23626384,0.02937042,0.72626364,0.19971336,-0.22509344,0.08821816,-0.11652795,0.057183858,0.20500599,-0.079394884,0.42659166,-0.45659807,0.24617863,0.23331648,0.091892585,-0.016794002,0.15294679,-0.09481453,-0.039872833,0.047314588,-0.029991297,-0.11590449,-0.043041866,0.002489342,0.1289122,0.012231779,-0.00012600143,0.0044137673,85.83284
25730.037,-0.23844619,0.03793475,0.72218263,0.19996727,-0.22244702,0.08692011,-0.12400024,0.05998922,0.20760167,-0.07991631,0.42958087,-0.45977393,0.2487466,0.23419274,0.09464801,-0.018363295,0.15447724,-0.093683265,-0.039664127,0.04643996,-0.031748287,-0.11604813,-0.04244582,0.002286736,0.12744713,0.01263461,0.00032424927,0.004287756,84.506386
25772.387,-0.23888284,0.029194634,0.727688,0.19969106,-0.22494575,0.089840494,-0.11945698,0.062111642,0.20755316,-0.080226295,0.4247408,-0.4557736,0.24751869,0.23385501,0.091765605,-0.017078498,0.15416911,-0.09470734,-0.038108923,0.046550587,-0.03218707,-0.115463726,-0.043966196,0.0030379067,0.12817495,0.010870046,-9.531715e-05,0.005009261,84.78236
25765.846,-0.23498106,0.03021098,0.72146153,0.20073262,-0.22882366,0.087843165,-0.12152478,0.062068906,0.2058345,-0.08199701,0.42628852,-0.4558493,0.24603176,0.2332371,0.091721304,-0.018066127,0.15232277,-0.092742786,-0.03837519,0.04593521,-0.031810526,-0.11515953,-0.04368808,0.0018568495,0.12941802,0.01233313,0.00073527265,0.0045728087,85.33786
25783.598,-0.24566378,0.03084446,0.7292181,0.20006038,-0.2218732,0.085999385,-0.11789612,0.06109866,0.20833457,-0.07985403,0.4283219,-0.45629063,0.24686694,0.23445468,0.092011474,-0.017005123,0.15422639,-0.09385088,-0.040600047,0.047539283,-0.031905275,-0.11781201,-0.043080315,0.0015055984,0.12662216,0.010193961,-0.0017133029,0.0047217514,84.289024
25737.266,-0.22952436,0.032729886,0.7282583,0.19846168,-0.22567302,0.09024097,-0.117338166,0.05538876,0.20776647,-0.077788346,0.42439163,-0.45742726,0.24777293,0.23382781,0.09320767,-0.01657585,0.15295705,-0.09412121,-0.037931584,0.047037326,-0.030457633,-0.115133844,-0.04166157,0.003521972,0.1298755,0.0138119655,0.000641251,0.0041204076,85.78894
25735.682,-0.23451892,0.038591266,0.7285998,0.19649509,-0.22590497,0.08811965,-0.11698934,0.056236774,0.21102707,-0.07786914,0.4255029,-0.45857003,0.2489379,0.23692851,0.092976265,-0.016575655,0.15634881,-0.094886236,-0.039042447,0.04696706,-0.03156893,-0.11560487,-0.044272568,0.0020917435,0.12876382,0.011798651,2.4625095e-05,0.0035579463,84.46089
25740.893,-0.24498945,0.030330263,0.7287508,0.20186068,-0.21909043,0.0869713,-0.11861292,0.061246715,0.21081634,-0.08091328,0.42737702,-0.45857376,0.25170606,0.23756966,0.092551336,-0.019458499,0.1546487,-0.09619707,-0.04015569,0.048406407,-0.033393633,-0.11778652,-0.044192642,0.0023657759,0.12584817,0.009966448,-0.001636575,0.0041950517,84.63955
25767.592,-0.23821709,0.034807406,0.73121536,0.19755651,-0.2242862,0.08913064,-0.11898416,0.05654163,0.20774272,-0.07794609,0.4249453,-0.45755842,0.24614988,0.23584183,0.093502544,-0.016638936,0.15496387,-0.09411146,-0.037495505,0.047160905,-0.030382087,-0.11542401,-0.043254085,0.0031670523,0.12809043,0.013155327,-1.4483934e-05,0.0050986554,84.89798
25772.902,-0.23833774,0.028131641,0.7302372,0.20232412,-0.22798598,0.085784,-0.11509602,0.060108434,0.20965007,-0.08202046,0.42642105,-0.45721433,0.24651636,0.23500781,0.09090648,-0.01594259,0.15601832,-0.0947424,-0.039536297,0.04720019,-0.032559715,-0.116077684,-0.046300773,0.0009772922,0.12876213,0.009900795,-0.00040563755,0.0032210478,85.35579
25765.264,-0.23698208,0.027738906,0.7294351,0.20135206,-0.22205561,0.090363406,-0.1195318,0.06019915,0.210341,-0.08066212,0.42401236,-0.45706636,0.24961957,0.23655704,0.092058934,-0.018697128,0.15670525,-0.09606737,-0.038907167,0.048085336,-0.03212559,-0.115717806,-0.04534598,0.0017487132,0.12703116,0.01010801,-0.0018729083,0.0040622093,84.7983
25732.951,-0.236972,0.032599844,0.72488695,0.20005092,-0.22426471,0.08767471,-0.119447105,0.05971308,0.2102657,-0.08033781,0.42603308,-0.45848235,0.24898092,0.23775561,0.093632616,-0.016379407,0.15447572,-0.09325681,-0.038815632,0.045674942,-0.032263126,-0.116155565,-0.044064336,0.0039423658,0.12829863,0.01198543,0.0016938327,0.003929362,85.49361
25779.164,-0.24447064,0.028455915,0.730732,0.20150338,-0.22153862,0.08673713,-0.11746046,0.062008593,0.20880511,-0.082155205,0.42716768,-0.4568683,0.24998496,0.23635203,0.09089364,-0.01763089,0.15747207,-0.094796665,-0.04142248,0.047251754,-0.032809887,-0.11732844,-0.045405537,0.0010190844,0.12570496,0.008106982,-0.0026168972,0.0035616194,83.92673
25737.863,-0.24047498,0.036311332,0.727671,0.2007737,-0.22208123,0.09044632,-0.11932049,0.0593108,0.2103808,-0.08017591,0.42668056,-0.45782074,0.25014555,0.23751007,0.093606785,-0.016319558,0.15575689,-0.09308761,-0.038652897,0.04629022,-0.03270447,-0.115970485,-0.04402877,0.002756494,0.12814333,0.011337381,3.334879e-05,0.0041301097,84.950615
25789.111,-0.23696223,0.03151568,0.7247158,0.20069018,-0.22493976,0.09107112,-0.11815412,0.059037082,0.20469978,-0.079230234,0.42577666,-0.45689744,0.24505389,0.23185538,0.093632296,-0.016663473,0.15316185,-0.09569816,-0.038731728,0.047902294,-0.032981597,-0.11596929,-0.04409955,0.0010875757,0.12762968,0.012877764,-0.00074740406,0.0044169244,85.52716
25774.37,-0.23886262,0.031241182,0.7264549,0.20376793,-0.22512266,0.0905155,-0.118034445,0.06079901,0.2120348,-0.0818679,0.42565417,-0.45845744,0.24796736,0.23582287,0.09254961,-0.016973857,0.15438856,-0.095551625,-0.038726255,0.048008345,-0.033840016,-0.116331965,-0.045608323,0.0014443654,0.12742786,0.011587504,-0.0008265795,0.0035464186,85.36709
25758.518,-0.23571704,0.035279427,0.7263825,0.19837295,-0.22513726,0.08936114,-0.120163955,0.059669044,0.20729628,-0.07645768,0.42447674,-0.45657083,0.247467,0.23368593,0.09335652,-0.015909918,0.15434921,-0.095868826,-0.038789567,0.047422227,-0.030376446,-0.11585374,-0.04441494,0.0041130967,0.1289174,0.01165753,0.0006330237,0.0045948634,84.933975
25771.713,-0.23996684,0.03091752,0.72851217,0.1994846,-0.22080499,0.09157346,-0.11956121,0.060539994,0.20872864,-0.0793019,0.4254224,-0.45520845,0.24872069,0.23580807,0.09250602,-0.01540701,0.15607129,-0.0931583,-0.0395536,0.046295874,-0.032525938,-0.11653735,-0.04214524,0.0029540788,0.12690553,0.009960889,-0.0009674169,0.004361372,84.61693
25771.56,-0.23469365,0.033771683,0.72669876,0.19616657,-0.22863062,0.092235155,-0.11963939,0.06056926,0.20395447,-0.07882423,0.4247721,-0.45676383,0.24646617,0.23257306,0.09302481,-0.014184206,0.15267982,-0.092910744,-0.038002476,0.04568631,-0.03076303,-0.11514649,-0.042398438,0.0037091516,0.12949738,0.012835056,0.0008949158,0.0051890565,85.13447
25783.523,-0.23149566,0.029855683,0.72177243,0.19821995,-0.22926709,0.089176536,-0.121095054,0.06197598,0.2069027,-0.079681225,0.4233341,-0.45710734,0.24647121,0.23256736,0.09391528,-0.017063644,0.15176067,-0.09602736,-0.038663488,0.04709713,-0.031063521,-0.11517178,-0.044554126,0.002517566,0.12949772,0.012143389,0.0013618772,0.004472619,85.78416
25774.17,-0.24334665,0.02898542,0.73087895,0.20138808,-0.22327207,0.08944375,-0.117353745,0.06150321,0.21063142,-0.08182404,0.42615286,-0.4572287,0.24946922,0.23648341,0.09048078,-0.016068228,0.15632474,-0.09376081,-0.03999139,0.047524095,-0.032010183,-0.116646245,-0.044140454,0.0019983673,0.12652363,0.009392286,-0.0016757501,0.0043537347,85.20493
25760.785,-0.24119037,0.031321432,0.7279731,0.19943501,-0.22342137,0.09085251,-0.11880685,0.058587782,0.20646115,-0.079264276,0.42703468,-0.45776504,0.24625136,0.23539527,0.09358638,-0.016236117,0.15314965,-0.09435108,-0.036782317,0.04701629,-0.03157678,-0.11520245,-0.04256216,0.0031505805,0.12823646,0.012436046,-5.9429563e-05,0.005259363,85.100716
25735.873,-0.24216963,0.03191087,0.7247565,0.20021361,-0.22152779,0.08763239,-0.11959061,0.06088097,0.20854451,-0.08044137,0.42827752,-0.45963806,0.25103244,0.23647568,0.09289732,-0.018267991,0.15464681,-0.095751524,-0.040229555,0.04818418,-0.032357637,-0.117966704,-0.04347351,0.0027643824,0.12606102,0.011540335,-0.0014296398,0.0044724587,84.55517
25754.016,-0.24166235,0.032979317,0.727347,0.20038025,-0.22202325,0.08704203,-0.12010649,0.060924996,0.20868015,-0.08085237,0.4277406,-0.4568536,0.25036585,0.23475675,0.09201822,-0.01921758,0.15646797,-0.09399046,-0.04041938,0.047365442,-0.031927265,-0.11658548,-0.043747082,0.0010653841,0.12671319,0.00960599,-0.0015505357,0.003978166,84.08257
25735.363,-0.23807333,0.038126364,0.726057,0.19681968,-0.22363347,0.08640118,-0.121410005,0.06092923,0.20743023,-0.07824215,0.4287358,-0.45924985,0.24873668,0.23469351,0.095431246,-0.016848959,0.15448973,-0.094915785,-0.039248005,0.046846747,-0.031141719,-0.11639877,-0.04325461,0.0023558452,0.12837853,0.01156522,-0.00052413996,0.004468497,83.83802
25769.904,-0.24132605,0.027957145,0.72779024,0.19847746,-0.22408998,0.08825914,-0.11938466,0.06142392,0.20697054,-0.080186784,0.42548874,-0.45635232,0.25001222,0.23365986,0.09019343,-0.019248005,0.15494737,-0.09509516,-0.04059761,0.047465924,-0.03124512,-0.11627888,-0.043781485,0.002597557,0.12684265,0.010204754,-0.0012880089,0.0051470436,84.460144
25779.123,-0.23998521,0.03053594,0.7286347,0.19851848,-0.22289427,0.086525925,-0.119151205,0.063618176,0.21029736,-0.08008424,0.4253874,-0.4582665,0.24980123,0.23638092,0.09397119,-0.01629007,0.15534616,-0.094273,-0.041441288,0.046824336,-0.032980066,-0.11778189,-0.044163235,0.0017525945,0.1263574,0.009388422,-0.00070334505,0.0040068324,84.334465
25771.398,-0.23812349,0.03354153,0.7297425,0.19911665,-0.2246721,0.09044593,-0.118450955,0.059988763,0.20738167,-0.07998115,0.42557895,-0.45675927,0.24915887,0.23542738,0.093593955,-0.01610684,0.15615954,-0.094073206,-0.038626175,0.046451855,-0.032377698,-0.11610099,-0.044187926,0.0020190245,0.12792462,0.0101155015,-0.001210547,0.003982914,84.44106
25756.775,-0.23421377,0.032596678,0.730817,0.197078,-0.22261949,0.09196122,-0.11854642,0.057278726,0.20673566,-0.07904791,0.4244557,-0.456273,0.24942233,0.23324059,0.09227386,-0.015486828,0.15645464,-0.09261386,-0.040240947,0.045794807,-0.030671021,-0.11542181,-0.04197378,0.0030498672,0.12812456,0.011983016,-0.00035227183,0.0043772156,85.12795
25766.404,-0.24476984,0.030785324,0.7306629,0.19960141,-0.22345941,0.085779585,-0.11738906,0.060304437,0.20963153,-0.08029716,0.42683932,-0.4580887,0.24789013,0.23621054,0.09150769,-0.0179138,0.15562144,-0.094949126,-0.04059922,0.047971196,-0.030845737,-0.11710568,-0.044479858,0.0018454809,0.1264397,0.010200461,-0.001575524,0.004383681,84.614075
25768.016,-0.23797077,0.033562675,0.7271686,0.20069812,-0.22599569,0.09053272,-0.120276935,0.061987143,0.20965382,-0.079675056,0.423942,-0.456353,0.24738741,0.23580351,0.09238562,-0.016204229,0.15500219,-0.09281543,-0.038183715,0.046268813,-0.03125819,-0.11542685,-0.04339489,0.0030909358,0.1278522,0.01101899,-7.1268536e-05,0.005039159,85.13594
25748.654,-0.24639428,0.029568339,0.7279283,0.20484255,-0.22204453,0.08601963,-0.11920581,0.065063484,0.20982537,-0.08487409,0.42893177,-0.45853454,0.2539906,0.23774265,0.09054284,-0.018300353,0.15629989,-0.09426716,-0.04223309,0.046453513,-0.033687193,-0.117857024,-0.04555132,0.0019857944,0.12578577,0.008456728,-0.0018265154,0.0036322025,84.34603
25762.941,-0.23711593,0.033395454,0.72737914,0.2000278,-0.22320089,0.08764466,-0.11627448,0.059061427,0.20886749,-0.07934112,0.42614222,-0.4571994,0.2478017,0.23490518,0.09285294,-0.01594781,0.15638472,-0.09442432,-0.040239792,0.04705616,-0.032446835,-0.117370695,-0.04489665,0.0010864101,0.1275673,0.01046875,-0.0009890161,0.0034011407,84.67747
25753.947,-0.24034902,0.027788091,0.7321865,0.1994407,-0.21913666,0.08778153,-0.118134215,0.060075514,0.2106516,-0.07995512,0.42607275,-0.45845813,0.25039062,0.23708962,0.092605084,-0.017555548,0.1569802,-0.09378534,-0.042080447,0.046923857,-0.032052085,-0.11760124,-0.04392508,0.0020602657,0.12567645,0.009696229,-0.0019177077,0.0041243313,84.35048
25742.684,-0.23856911,0.031242656,0.7309081,0.1990471,-0.22154483,0.0883084,-0.11700447,0.05831771,0.21235198,-0.07960263,0.42556906,-0.4573619,0.25017,0.2379808,0.091232225,-0.015211761,0.15728122,-0.09386971,-0.03966718,0.046824932,-0.0321169,-0.11654058,-0.043538455,0.0031993943,0.12750915,0.010144658,-0.00021725614,0.0038659282,84.94407
25782.463,-0.24007557,0.03497419,0.7292933,0.1979611,-0.22283006,0.09046463,-0.118489146,0.0554209,0.21072021,-0.07655556,0.42546335,-0.45823804,0.24489331,0.23546739,0.0933663,-0.014805946,0.15498912,-0.09493786,-0.037543915,0.04799268,-0.032467585,-0.11593675,-0.04324303,0.0031452947,0.12775014,0.012330581,0.0004025232,0.004353031,85.10403
25720.521,-0.24004419,0.03286207,0.7312545,0.20101629,-0.22016987,0.08847287,-0.115878075,0.06054023,0.21065027,-0.08041553,0.42643097,-0.45792308,0.2535307,0.23878059,0.09107978,-0.015620044,0.1595252,-0.093111046,-0.04060992,0.046234507,-0.03294087,-0.11733857,-0.044054553,0.0026891436,0.12676474,0.0089650825,-0.0018627159,0.0035473448,84.36635
25758.049,-0.24247192,0.034841437,0.7309982,0.2010955,-0.22277355,0.08691286,-0.119927,0.06223865,0.20961975,-0.081846006,0.42755747,-0.45881113,0.25052372,0.23649931,0.091663964,-0.017848572,0.15748738,-0.09377161,-0.041899633,0.045976363,-0.031962093,-0.115848236,-0.0448055,0.0016172072,0.12587033,0.009786027,-0.0017382717,0.0037879124,84.04606
25740.836,-0.23717117,0.03771361,0.72554624,0.20270012,-0.22411008,0.08697803,-0.12082649,0.060583092,0.21091284,-0.07948082,0.42680398,-0.45687214,0.24897847,0.23605132,0.09308781,-0.017885238,0.15584731,-0.09395047,-0.039612863,0.046544075,-0.03064527,-0.116051406,-0.044226617,0.0022227978,0.12826855,0.010938559,-0.00051086023,0.0040645846,84.2587
25787.764,-0.24530226,0.026627222,0.7286981,0.20138097,-0.22177184,0.08686591,-0.11711501,0.061915126,0.2103092,-0.081271514,0.4267706,-0.45680365,0.24772866,0.23581669,0.09221001,-0.01855591,0.154391,-0.09447428,-0.040919285,0.047799554,-0.03316474,-0.117736876,-0.04499544,0.0011026124,0.12589486,0.009870583,-0.0016416162,0.004135587,84.66479
25728.654,-0.2389977,0.03397613,0.72500986,0.2029643,-0.22396307,0.088177696,-0.11942312,0.05976579,0.21300338,-0.08132363,0.42698163,-0.458971,0.25121564,0.23790015,0.092512116,-0.018077012,0.15550712,-0.09391344,-0.039482363,0.04698723,-0.034458857,-0.11691474,-0.044599306,0.0028767586,0.12731634,0.011830599,0.0005259649,0.003147297,85.44101
25757.463,-0.23918074,0.03186705,0.72932196,0.19979995,-0.22734237,0.08738653,-0.116765685,0.05857567,0.20886166,-0.0820845,0.42751834,-0.45915958,0.24840058,0.23685005,0.0924256,-0.016096395,0.1548215,-0.09414608,-0.040017832,0.046607185,-0.03263447,-0.116332464,-0.045088273,0.001830312,0.12801829,0.011077858,0.00023841951,0.002989541,85.36089
25760.79,-0.24052644,0.028345983,0.7297793,0.19963098,-0.22183006,0.08781301,-0.11745124,0.06016809,0.20904277,-0.08035926,0.42735162,-0.45884413,0.24873361,0.23684375,0.092329234,-0.016067907,0.15591837,-0.09511641,-0.040064022,0.04728011,-0.033804998,-0.11671616,-0.044110734,0.0020530578,0.12645118,0.00983933,-0.0013032667,0.0037004738,84.64988
25741.08,-0.24171907,0.033884086,0.72862965,0.20021182,-0.22109836,0.088103935,-0.1184783,0.05902852,0.2070287,-0.07908229,0.42791727,-0.45832938,0.24925876,0.2337762,0.09223869,-0.018857742,0.15404174,-0.09499803,-0.03938382,0.047940735,-0.032094743,-0.11632958,-0.043029122,0.0021989313,0.12739673,0.011814976,-0.0012387838,0.0045651733,84.46567
25748.062,-0.24497852,0.030494558,0.7293431,0.20047882,-0.21874823,0.08628065,-0.1204389,0.0609259,0.20634252,-0.08015366,0.42863545,-0.45679304,0.2496257,0.23572488,0.09193466,-0.018364081,0.15591638,-0.09576661,-0.040922698,0.047405574,-0.030901425,-0.117460154,-0.043171808,0.0019442178,0.12625892,0.009627691,-0.0026731975,0.005360762,83.76158
25781.8,-0.2460722,0.025954787,0.7280744,0.20074031,-0.22372709,0.086113125,-0.12051589,0.06436636,0.20612064,-0.08203668,0.42852408,-0.45671183,0.24867636,0.23423932,0.090956956,-0.01977246,0.1533327,-0.09588839,-0.04001731,0.048007853,-0.031174075,-0.11637605,-0.044582725,0.0019607623,0.12638888,0.009088498,-0.0020479625,0.005185963,84.21618
25781.824,-0.23841812,0.030029465,0.7289061,0.19951364,-0.22612928,0.09116118,-0.11817189,0.059746247,0.20751803,-0.08183211,0.42660496,-0.45787728,0.24781637,0.23418047,0.09302939,-0.017191201,0.15334393,-0.09413132,-0.038993593,0.046995144,-0.031595107,-0.11544297,-0.04423323,0.0013259449,0.12821645,0.01161562,-0.0008627344,0.004258035,85.0575
25733.31,-0.23204513,0.037176423,0.7264852,0.19929788,-0.22576696,0.087628245,-0.118010305,0.056429327,0.21185848,-0.0791166,0.4265786,-0.45876655,0.24820663,0.2358516,0.09349295,-0.014803536,0.15462348,-0.09310431,-0.039193843,0.04653888,-0.03131082,-0.11655101,-0.042153116,0.0024536885,0.12947057,0.0128339175,0.0010230923,0.003506704,85.29263
25793.27,-0.24049672,0.027328854,0.72816473,0.20173965,-0.22567229,0.08497481,-0.12007966,0.06459593,0.20777136,-0.08364977,0.426087,-0.45715863,0.24927743,0.2362889,0.09262869,-0.018126024,0.15609536,-0.09389686,-0.04054425,0.046373222,-0.032515623,-0.116719484,-0.045917317,0.00072729733,0.12672825,0.009242742,-0.0015574377,0.0040518483,84.16846
25762.104,-0.23403247,0.033332095,0.7242111,0.19762462,-0.22775792,0.087658286,-0.11894475,0.06146508,0.20723961,-0.07957038,0.42549214,-0.45739332,0.24843915,0.23310995,0.09265163,-0.016021501,0.15435609,-0.09474339,-0.040641297,0.04683624,-0.030003589,-0.11586088,-0.044234347,0.0025396044,0.12847404,0.011108008,0.00018247683,0.0039654486,85.24104
25772.918,-0.24220869,0.029075107,0.7282299,0.20031613,-0.22718771,0.088243134,-0.11907376,0.06299341,0.20719522,-0.08232114,0.42754924,-0.4587525,0.24847832,0.23479341,0.09116327,-0.017658887,0.15434456,-0.0936372,-0.039887127,0.047173865,-0.031287123,-0.11634945,-0.044773124,0.0018390329,0.12691121,0.010230946,-0.0013043135,0.0047274814,84.52926
25770.998,-0.23920108,0.034050435,0.72820956,0.19921435,-0.22347307,0.09051457,-0.11782709,0.058120225,0.20913471,-0.079896614,0.4273513,-0.45796758,0.24624553,0.23400217,0.093113795,-0.015568829,0.15400197,-0.0933591,-0.038270183,0.04607615,-0.033045206,-0.115282156,-0.04372684,0.0020601223,0.12841262,0.012077643,0.00061878236,0.0038653337,85.24615
25754.732,-0.23346342,0.034414817,0.72324175,0.19648977,-0.2269729,0.0877007,-0.12187186,0.06275723,0.20425473,-0.081546955,0.42721963,-0.45933446,0.24989343,0.23348238,0.09521634,-0.016509656,0.15270627,-0.09325845,-0.039495744,0.045236252,-0.031843096,-0.11621845,-0.04193406,0.0022694697,0.12860705,0.012788006,0.00027662283,0.0042988514,84.63682
25754.992,-0.23595868,0.030874494,0.7238241,0.20050518,-0.22862019,0.08724342,-0.11872646,0.06359813,0.20791242,-0.081492476,0.42547047,-0.4565114,0.2488008,0.23465219,0.09118639,-0.016126864,0.15452474,-0.09339674,-0.03897695,0.04627939,-0.031378873,-0.11656435,-0.044175785,0.002485827,0.12915047,0.01048035,-4.4107496e-06,0.004511658,84.984505
25724.996,-0.23880412,0.03465367,0.72891444,0.19948235,-0.21953285,0.08712851,-0.116699606,0.056048248,0.21458448,-0.07795286,0.42519915,-0.4590284,0.25153044,0.2388353,0.09234672,-0.017502034,0.15649676,-0.09623859,-0.03856251,0.048324544,-0.03410449,-0.116710335,-0.043456428,0.003170379,0.127579,0.011961631,0.00048264395,0.0036561317,85.1955
25764.232,-0.24188414,0.031433027,0.7283325,0.20072857,-0.22615571,0.08861763,-0.118492775,0.059606127,0.2089327,-0.08050208,0.42650533,-0.45672506,0.24789175,0.23481059,0.09223325,-0.017215407,0.15427653,-0.09279593,-0.038501423,0.04793638,-0.030520339,-0.11669965,-0.042950004,0.0030705398,0.12796356,0.011362295,-0.00028978754,0.004168444,85.47544
25729.42,-0.24365519,0.03836201,0.7244803,0.19877508,-0.22208495,0.09089971,-0.12069374,0.05725529,0.20649473,-0.07728654,0.4293627,-0.45772392,0.24785995,0.23447013,0.093579434,-0.016837329,0.15206587,-0.0942533,-0.03864099,0.047986675,-0.028458508,-0.11656788,-0.039926004,0.0044706734,0.12768982,0.01312014,-0.00049131736,0.0057219244,85.18454
25753.527,-0.24790132,0.029484507,0.7298675,0.20189679,-0.22043005,0.08515575,-0.1207719,0.06203664,0.20904507,-0.08299658,0.43037686,-0.45868626,0.2519295,0.23611654,0.091726355,-0.020713665,0.15528712,-0.096287005,-0.040103845,0.048398316,-0.032336738,-0.11692947,-0.0445322,0.0014999867,0.12590806,0.008899092,-0.0020113671,0.0039954437,84.092186
25785.506,-0.23484035,0.031115053,0.72974676,0.1977667,-0.22224188,0.089883395,-0.117498726,0.058321502,0.20993897,-0.0784984,0.4230215,-0.4568624,0.24779211,0.2339964,0.09360233,-0.016413582,0.15629733,-0.09453746,-0.039206464,0.047437143,-0.03192523,-0.11660978,-0.042994916,0.0017264253,0.12709744,0.01119543,-0.00066034216,0.0038331018,84.87766
25759.568,-0.23773865,0.031799775,0.73032403,0.19962886,-0.22463202,0.08744688,-0.11794835,0.060795024,0.20583822,-0.081165284,0.42631912,-0.45709962,0.24836357,0.2338381,0.09257825,-0.017525813,0.15485139,-0.09367613,-0.04040159,0.046122074,-0.03094822,-0.115786396,-0.044617232,0.0017326982,0.12802508,0.011127871,-0.00077319425,0.0039048456,84.78116
25771.994,-0.24100754,0.030555995,0.7283321,0.19961125,-0.22090937,0.08577156,-0.12253795,0.06430258,0.20721954,-0.0798986,0.4244859,-0.45596188,0.25015774,0.23598598,0.092377104,-0.018433692,0.15627736,-0.09475569,-0.03974955,0.045997165,-0.033293,-0.11629331,-0.044732127,0.0026795529,0.12680124,0.009205658,-0.0003611697,0.004752329,83.949425
25780.23,-0.24041384,0.03139831,0.73011845,0.19921517,-0.2224841,0.084101886,-0.119793564,0.06350012,0.20635764,-0.08120473,0.4259394,-0.4563299,0.24950106,0.23389173,0.09212397,-0.01737555,0.15620913,-0.094988026,-0.041519746,0.046016354,-0.03191068,-0.11656359,-0.04494488,0.00092189485,0.1275131,0.009322418,-0.0011853967,0.004562552,83.96095
25770.236,-0.24490169,0.02895914,0.7304462,0.20254323,-0.22092713,0.08780063,-0.11949608,0.06527825,0.20939498,-0.08191624,0.42677778,-0.45650318,0.25070146,0.2354752,0.090515874,-0.017902397,0.15690798,-0.09493092,-0.04084646,0.04701963,-0.032687657,-0.11693358,-0.04512271,0.001364483,0.12606862,0.0074874414,-0.0024566306,0.0046533286,83.68924
25775.877,-0.23812227,0.038829144,0.7278048,0.19915636,-0.22201367,0.09208142,-0.12039628,0.05911554,0.20677646,-0.07723727,0.42560786,-0.45644996,0.24670078,0.23225218,0.09344864,-0.015514683,0.15432504,-0.09394894,-0.039409734,0.046175912,-0.032143496,-0.115824245,-0.04207586,0.0025228872,0.12769994,0.012818319,-0.0003719097,0.0048504965,84.41569
25763.264,-0.23693325,0.03577713,0.7267208,0.19743814,-0.22366977,0.08750558,-0.1218228,0.063000016,0.2066352,-0.079760805,0.42595375,-0.459173,0.24904525,0.23394394,0.09391876,-0.017156608,0.15566777,-0.09494277,-0.04003558,0.046242144,-0.032023363,-0.11568321,-0.04382173,0.0018477854,0.12676744,0.011137165,-0.00069796667,0.004558614,84.2305
25754.732,-0.23867923,0.0312692,0.7299234,0.19915539,-0.21963035,0.091119744,-0.118902594,0.05997824,0.21095301,-0.07747152,0.4237085,-0.4573544,0.24985002,0.23698561,0.09292837,-0.015787998,0.1570616,-0.0942558,-0.039670873,0.04699012,-0.032434218,-0.1167857,-0.043687146,0.0034169378,0.12652375,0.01025076,-0.0009005731,0.004905749,84.72226
25763.74,-0.24108367,0.03304459,0.7288129,0.19862443,-0.22238234,0.083650276,-0.1200623,0.06248736,0.20806983,-0.08065771,0.42747793,-0.45741546,0.24958467,0.23607174,0.09270345,-0.017366445,0.15702058,-0.09438976,-0.041456506,0.04583438,-0.032667458,-0.1171325,-0.04474474,0.00090428867,0.1273132,0.00872163,-0.0013933256,0.0038605141,83.210686
25796.965,-0.24691544,0.02640809,0.72550637,0.20205599,-0.22141597,0.08974988,-0.12226437,0.06384162,0.20400701,-0.08094762,0.42731053,-0.45531172,0.24799003,0.23275599,0.09247396,-0.019507688,0.15237999,-0.09490552,-0.039483678,0.048368447,-0.0314065,-0.11702242,-0.043222502,0.0026777745,0.12583293,0.010111672,-0.0016072812,0.00521286,84.85111
25757.14,-0.23808143,0.030682592,0.7263976,0.19792418,-0.22491927,0.091376916,-0.119124226,0.06085603,0.2061794,-0.07814242,0.42615083,-0.45698127,0.24775578,0.23336633,0.09287744,-0.016469002,0.15293661,-0.09395393,-0.040034372,0.046704706,-0.03151079,-0.11648049,-0.04291418,0.00320178,0.12757738,0.011228448,-0.0005253609,0.0053804386,84.96555
25773.502,-0.23867205,0.027101668,0.72647065,0.20153303,-0.22359304,0.08518661,-0.11938096,0.061851334,0.21001816,-0.08090738,0.42603976,-0.45706296,0.24836719,0.23475674,0.091810904,-0.01981082,0.15613203,-0.09614846,-0.04034714,0.048104864,-0.031730793,-0.11613764,-0.045500923,0.00036897097,0.1271083,0.009048326,-0.0014043357,0.0038500198,84.40035
25752.299,-0.24020767,0.031934865,0.72422194,0.20302975,-0.22339197,0.084778935,-0.12061369,0.062759064,0.20741265,-0.081909806,0.42797247,-0.45727518,0.24977288,0.23607595,0.0934562,-0.018310813,0.15548348,-0.09390246,-0.040694915,0.04643008,-0.031092228,-0.11727135,-0.04498209,0.0019637384,0.12731783,0.010127545,-0.0012565022,0.0037815075,84.44957
25765.303,-0.24208315,0.030145844,0.7290545,0.19946226,-0.22331461,0.086544774,-0.12008283,0.061871752,0.20919979,-0.0819456,0.42727625,-0.45797288,0.25070426,0.23577574,0.091275856,-0.017072799,0.15669361,-0.09455013,-0.03969922,0.046549615,-0.033145547,-0.11644004,-0.04407764,0.0019873558,0.1272392,0.00896917,-0.00086613186,0.004101009,83.99884
25765.377,-0.23725674,0.02780241,0.726731,0.20139651,-0.22443907,0.08915498,-0.1181975,0.06226868,0.20917769,-0.081401534,0.42453834,-0.45735842,0.24904953,0.23460077,0.090942204,-0.018266667,0.15426482,-0.093500234,-0.040234286,0.04649883,-0.033132754,-0.116581105,-0.044792783,0.0012648534,0.12778606,0.010053322,-0.000999379,0.0042624446,84.680504
25737.516,-0.2413664,0.033319376,0.7268742,0.19962355,-0.22386806,0.08474269,-0.11918406,0.061034545,0.207274,-0.08048132,0.42972964,-0.458275,0.24940784,0.23489547,0.09244401,-0.01601658,0.15595876,-0.0947432,-0.03971248,0.04738262,-0.03119413,-0.11703507,-0.043209992,0.0018645492,0.12833615,0.010059346,-0.00086148735,0.0044268933,84.37251
25762.316,-0.24347042,0.029760605,0.73157007,0.20286481,-0.22243956,0.08706131,-0.11811248,0.06342383,0.21099481,-0.082662955,0.42637512,-0.4572153,0.25157276,0.23727554,0.09066324,-0.019327769,0.15666614,-0.09372253,-0.040623873,0.047328785,-0.032050777,-0.11690572,-0.04515724,0.0011912249,0.12607054,0.008649866,-0.0027474482,0.0040802252,83.94207
25749.75,-0.24127696,0.02830676,0.73071456,0.20117985,-0.22179191,0.087197244,-0.11595569,0.060675167,0.21074554,-0.0801609,0.42523414,-0.4587607,0.24933377,0.23878625,0.09189663,-0.016360102,0.15614232,-0.09370058,-0.039268836,0.047173753,-0.03414864,-0.11762848,-0.044756748,0.0025076903,0.12668109,0.010215534,-0.00067890063,0.0040761046,84.98521
25799.512,-0.2404062,0.035541814,0.7302467,0.1998053,-0.22150135,0.09242953,-0.12051271,0.05861395,0.20670767,-0.07688148,0.42491695,-0.45441115,0.24531159,0.23273404,0.09350847,-0.015470069,0.15409085,-0.0951196,-0.037728827,0.047186505,-0.031150697,-0.1150676,-0.04279585,0.0027061459,0.1282756,0.010977543,-0.0007969998,0.0052747037,84.50352
25753.166,-0.23687495,0.03431323,0.73023003,0.19746113,-0.22265434,0.08768317,-0.11601804,0.058973756,0.21062465,-0.07757448,0.42583767,-0.45782888,0.24780333,0.23579034,0.09322133,-0.015496906,0.15585701,-0.09536271,-0.04009525,0.04689169,-0.033376753,-0.11601227,-0.04425519,0.0016663023,0.12783608,0.009994125,-0.00050373655,0.0034240605,84.32527
25774.096,-0.24382837,0.03082133,0.7258771,0.19896294,-0.22213976,0.08459425,-0.12251908,0.06487541,0.20833679,-0.08153402,0.4279047,-0.45929354,0.25007647,0.23518491,0.094361976,-0.019900933,0.15436849,-0.09540953,-0.040291235,0.04773353,-0.032982945,-0.117354505,-0.044597212,0.0006149803,0.12639888,0.00992626,-0.0013678707,0.0045271427,83.69181
25756.33,-0.24185273,0.029267006,0.7285029,0.20173314,-0.2234048,0.09108332,-0.11707725,0.059811607,0.2087017,-0.07999267,0.42749044,-0.45847687,0.24737106,0.2358682,0.09172843,-0.015541148,0.153483,-0.09460226,-0.037668873,0.047811564,-0.032974284,-0.11629022,-0.043130722,0.0032410955,0.12749101,0.011206839,-0.0008933414,0.00436105,85.20607
25741.893,-0.23720197,0.036002696,0.72498804,0.20039614,-0.22623803,0.0878415,-0.121308886,0.06350805,0.2094727,-0.08122636,0.42596984,-0.4592133,0.2506988,0.23562048,0.093262374,-0.017105537,0.15410887,-0.09481728,-0.039481483,0.046763733,-0.03353649,-0.11659019,-0.044146545,0.0021972437,0.12809607,0.011574334,-2.2890052e-05,0.004270034,84.6644
25786.846,-0.23668867,0.037479162,0.7257141,0.19907266,-0.22482888,0.08943489,-0.12103346,0.059789848,0.20966724,-0.07905623,0.42708,-0.45718187,0.24646801,0.23239754,0.09391801,-0.0148176495,0.15454386,-0.09273792,-0.038787898,0.04635617,-0.032030314,-0.11604994,-0.04167643,0.0015655966,0.12865879,0.011476656,0.00018279534,0.0039138794,84.3674
25749.77,-0.23442581,0.031085871,0.7309154,0.19874194,-0.22441168,0.08658707,-0.117533214,0.060175814,0.20939045,-0.082173005,0.42401496,-0.45981053,0.2508084,0.23851049,0.09394164,-0.017413361,0.15767643,-0.094186634,-0.039381187,0.0460389,-0.031310953,-0.11606082,-0.045645457,0.0012823734,0.12769724,0.01133476,-0.00094477925,0.0037254419,84.9878
25788.496,-0.2421835,0.027611116,0.72653383,0.20086157,-0.22557586,0.08669724,-0.1194263,0.06418555,0.21011554,-0.08281844,0.42630213,-0.4567497,0.24857424,0.23358764,0.090454005,-0.017853912,0.15504104,-0.09388251,-0.039762422,0.047168653,-0.032175183,-0.11655585,-0.043908928,0.0013636337,0.1271862,0.009151084,-0.0007994687,0.0041618496,84.66808
25734.13,-0.2363573,0.034708597,0.7233934,0.19940296,-0.22743092,0.08793092,-0.11898099,0.059561808,0.2076605,-0.08082733,0.42805818,-0.45849097,0.24645941,0.2347453,0.0938819,-0.016280338,0.15293469,-0.09282536,-0.039265834,0.04572904,-0.030379549,-0.11618665,-0.043312736,0.002271621,0.12946264,0.0132188145,0.0006684237,0.004625037,85.12834
25709.953,-0.23715389,0.03424222,0.7263452,0.19908243,-0.22125366,0.08916535,-0.12001071,0.05786291,0.2088847,-0.078991674,0.42639756,-0.45919776,0.25124332,0.23929444,0.09372102,-0.016154496,0.15533029,-0.09407299,-0.03932963,0.04604799,-0.03071796,-0.11649389,-0.042886306,0.0046217605,0.1278095,0.012270139,0.00022917148,0.00484149,85.080315
25756.998,-0.23707491,0.03341679,0.7274937,0.19928497,-0.22200276,0.08772022,-0.11737936,0.05856213,0.21134847,-0.07886071,0.42480716,-0.45828065,0.24930039,0.23660466,0.09217025,-0.017193295,0.15681979,-0.094803356,-0.03966767,0.047475155,-0.03220509,-0.116928704,-0.043962598,0.002302527,0.12660372,0.011645953,-0.0008035889,0.0038947002,84.820145
25742.36,-0.23970723,0.030160932,0.73084533,0.20073912,-0.21990225,0.08764904,-0.116684616,0.05922029,0.20935322,-0.08031151,0.42597622,-0.45735082,0.25124288,0.23678778,0.092712715,-0.017617604,0.15536055,-0.09385302,-0.041189123,0.046741262,-0.03276693,-0.1178118,-0.043992735,0.0023477683,0.12727259,0.010445,-0.0012516147,0.0037228228,84.67068
25747.121,-0.23936264,0.03822478,0.7271027,0.20137772,-0.22622825,0.08715306,-0.118387006,0.05953957,0.2105782,-0.07953854,0.42697152,-0.4563714,0.24871048,0.23451291,0.09163085,-0.017251434,0.15618002,-0.09413796,-0.039448127,0.047188167,-0.03157332,-0.116175115,-0.044507705,0.0022652708,0.12850615,0.011133408,-0.00012815278,0.0037430082,84.68369
25752.85,-0.24474588,0.035620544,0.72739255,0.20132998,-0.2235397,0.09080525,-0.118887804,0.060040697,0.21072952,-0.080649815,0.42929295,-0.45908597,0.24892361,0.23485252,0.091642335,-0.016459849,0.15410961,-0.093771905,-0.039464016,0.04741391,-0.032884445,-0.11629934,-0.042817954,0.0027913577,0.1266617,0.011385839,-0.0005684262,0.0041183443,84.83521
25734.746,-0.23979396,0.030360991,0.7303875,0.19820818,-0.22187541,0.085449144,-0.1187272,0.060370453,0.20930055,-0.08116633,0.42775887,-0.4606864,0.2509026,0.23765752,0.09305264,-0.018719126,0.15575981,-0.095071614,-0.040098343,0.047301877,-0.03120358,-0.11706491,-0.043678626,0.0016364884,0.12641329,0.010362506,-0.0020816242,0.0045263963,83.92343
25753.445,-0.23552987,0.033939347,0.72665846,0.20047888,-0.22438593,0.092670634,-0.11821221,0.06061321,0.20839058,-0.07910717,0.42447373,-0.45740062,0.24870124,0.23628402,0.09326936,-0.013917067,0.15583092,-0.092517406,-0.038855582,0.045702476,-0.03193737,-0.11624413,-0.04271505,0.0029025944,0.1281181,0.011836883,-0.00049058534,0.0049680523,84.79293
25737.281,-0.23858349,0.032192584,0.7272321,0.19875664,-0.22512071,0.088365085,-0.11778395,0.058279283,0.2072659,-0.080558024,0.42935678,-0.4599788,0.24765909,0.23386726,0.09315541,-0.015342781,0.15297693,-0.09336476,-0.03845165,0.047086477,-0.031090895,-0.11630889,-0.041538678,0.0025696927,0.12900798,0.01239655,0.00013089553,0.004208659,85.40929
25741.09,-0.22829993,0.03049963,0.7271693,0.19849814,-0.22665244,0.09215347,-0.116365574,0.057882853,0.20724663,-0.07989474,0.42394626,-0.459486,0.24830714,0.23570237,0.09379947,-0.013948796,0.15483025,-0.093384854,-0.03888066,0.045742188,-0.0320896,-0.11531014,-0.04348587,0.0030085668,0.12883058,0.012925492,0.00019069202,0.0037297592,86.0464
25753.902,-0.23889518,0.035662573,0.7272206,0.19647314,-0.22325748,0.08434957,-0.12065868,0.060467564,0.20661372,-0.07877314,0.42794985,-0.4568334,0.2486651,0.23405236,0.09329187,-0.017225938,0.1554955,-0.09395938,-0.040729024,0.04650971,-0.030332861,-0.116760835,-0.042640965,0.0021613878,0.12788999,0.011070649,-0.0004018098,0.004335098,83.75171
25746.693,-0.24164519,0.03086314,0.7259825,0.20076098,-0.22243957,0.08792503,-0.120981306,0.063680634,0.20743562,-0.080734976,0.42719543,-0.4562681,0.25191253,0.23527908,0.09128388,-0.018514303,0.15581734,-0.09466244,-0.040324934,0.046959043,-0.03254706,-0.11717639,-0.044061724,0.0024748296,0.12723434,0.008656632,-0.0017747125,0.0044339816,83.75147
25783.482,-0.23468198,0.028239267,0.7311831,0.20085546,-0.22435029,0.09017006,-0.11801843,0.05847246,0.20955487,-0.079741016,0.42327833,-0.45612818,0.24616492,0.23517059,0.092453346,-0.018157054,0.15552847,-0.094237976,-0.039101124,0.047252744,-0.029981488,-0.11483375,-0.04464176,0.0016390076,0.12760004,0.010802595,-0.0014890013,0.004096288,85.31321
25686.904,-0.2398427,0.03690691,0.7254684,0.20138393,-0.22429055,0.08658539,-0.118933104,0.061611522,0.209304,-0.082698695,0.4305212,-0.46065813,0.2543697,0.23800889,0.0925653,-0.01655583,0.15571478,-0.093535855,-0.041134425,0.045954995,-0.03267652,-0.11720443,-0.04305431,0.0028620674,0.12786311,0.011137446,-0.00017887447,0.0033172437,84.81946
25778.725,-0.24110168,0.025443455,0.72859234,0.20138,-0.2264757,0.084660985,-0.11908477,0.06485813,0.20835209,-0.08435527,0.42601687,-0.45815912,0.25031155,0.236252,0.091690496,-0.01964322,0.15532637,-0.09528405,-0.04087552,0.04749756,-0.032829266,-0.11682033,-0.04632563,0.00031200057,0.12669028,0.008495043,-0.0019252189,0.0035343315,84.68499
25720.508,-0.23375115,0.036325704,0.7299896,0.19856748,-0.22066273,0.09200837,-0.11573603,0.054659467,0.2112625,-0.075664595,0.42355934,-0.457171,0.24967106,0.23907149,0.09443071,-0.0144974105,0.15778391,-0.09482869,-0.037460305,0.047294915,-0.031412847,-0.116478994,-0.042901505,0.0037836053,0.12855223,0.011913054,-0.0006211186,0.004104255,84.81294
25786.35,-0.23760816,0.031796373,0.7238138,0.19823767,-0.2246263,0.088146314,-0.12095152,0.060778905,0.20483108,-0.078639075,0.4266971,-0.45546633,0.24626927,0.23052388,0.09297863,-0.017998027,0.15295799,-0.09508502,-0.038454745,0.04794899,-0.031435322,-0.11624612,-0.042718537,0.0017020786,0.1283103,0.011239228,-0.00032629725,0.004514807,84.70873
25753.521,-0.23843081,0.030669328,0.7295086,0.19986807,-0.22633648,0.088756986,-0.11587466,0.058195297,0.21013498,-0.08033738,0.42711368,-0.45780224,0.24737515,0.23549001,0.09227416,-0.016468702,0.15592945,-0.09458253,-0.038023997,0.047829118,-0.03224037,-0.115811825,-0.044166986,0.0015163673,0.12831423,0.010329422,-0.000647597,0.0033569343,85.23966
25784.824,-0.24067344,0.028001519,0.7330558,0.19973703,-0.22192815,0.08772342,-0.11490687,0.057381622,0.21018983,-0.07844229,0.4264632,-0.4566899,0.24558584,0.23437981,0.09192417,-0.0154208895,0.15533762,-0.09561631,-0.039303157,0.048375294,-0.032422144,-0.1166644,-0.043517422,0.00195956,0.12721284,0.010032302,-0.0010179142,0.0035332753,85.106865
25788.16,-0.23948945,0.03304519,0.73158884,0.19897893,-0.22255448,0.09178776,-0.11577412,0.055664483,0.20922725,-0.07589442,0.42392886,-0.45398685,0.24350233,0.23299362,0.09163857,-0.016242668,0.15432988,-0.095535636,-0.037877936,0.048487384,-0.029834675,-0.11524889,-0.043479983,0.0026669302,0.12830356,0.011968231,-0.0008847602,0.00500488,85.11383
25777.615,-0.24638346,0.030743329,0.73134017,0.2012848,-0.22230141,0.084557325,-0.120608464,0.06319729,0.2092442,-0.081917755,0.4291566,-0.45788765,0.249143,0.23577857,0.09190613,-0.017924638,0.1567915,-0.09496221,-0.04031792,0.047688887,-0.03144708,-0.116739556,-0.04457701,0.00095157704,0.12627788,0.007701299,-0.002469263,0.0042822547,83.57236
25741.51,-0.24073493,0.037777387,0.7270901,0.1978197,-0.22065175,0.089248955,-0.120208055,0.058700684,0.20811221,-0.07711438,0.42811322,-0.45788515,0.24896932,0.23381503,0.092221476,-0.015708605,0.15691283,-0.09508256,-0.039516024,0.047106788,-0.031263016,-0.11559814,-0.041947436,0.0032901873,0.12722284,0.011148349,-0.0006298777,0.004814518,84.216934
25780.533,-0.23783855,0.029785026,0.7308121,0.20035782,-0.22349073,0.086802,-0.11676785,0.05830765,0.20967904,-0.08161822,0.42540875,-0.45702556,0.24737655,0.23545837,0.09206427,-0.017970933,0.15561478,-0.09439582,-0.039439037,0.04700705,-0.031187398,-0.116075076,-0.04454837,0.00044127606,0.12817341,0.010960045,-0.0015081838,0.003747771,84.539604
25730.668,-0.23642123,0.03735121,0.7221343,0.201683,-0.22498375,0.08958489,-0.121385105,0.06011372,0.20973736,-0.08099213,0.42822468,-0.45952198,0.2517362,0.23607795,0.0945296,-0.016737143,0.15362515,-0.094345346,-0.039923795,0.046851326,-0.033647798,-0.116991,-0.043518946,0.0024967347,0.1283803,0.012269584,0.0005490999,0.0035150098,85.1448
25725.664,-0.23969261,0.029656615,0.73028946,0.20277834,-0.22573128,0.08394333,-0.11718996,0.061100088,0.21261619,-0.08313097,0.42635927,-0.45827568,0.25274846,0.23842564,0.08983936,-0.019701337,0.1567041,-0.09388926,-0.0406666,0.047500264,-0.031452652,-0.11708002,-0.04534254,0.002102374,0.12767844,0.0097975405,-0.0014324263,0.0035098686,84.709564
25730.922,-0.23286957,0.03226183,0.72403955,0.19869304,-0.22367029,0.08974102,-0.117986046,0.057500273,0.20988286,-0.07598641,0.42392418,-0.4576113,0.24703841,0.23658578,0.09318665,-0.016689688,0.15546101,-0.09443155,-0.03899032,0.04721158,-0.032666177,-0.116296105,-0.044091128,0.003523815,0.12786745,0.012626673,0.00055404473,0.004292801,85.09977
25745.078,-0.2420031,0.02998699,0.72724706,0.20254545,-0.22234993,0.08505271,-0.11843022,0.062195905,0.20818536,-0.08285427,0.4280752,-0.45654318,0.2508741,0.23770395,0.09263541,-0.018414078,0.15575665,-0.093349725,-0.040468656,0.046332903,-0.0328872,-0.11781678,-0.04486432,0.0017835293,0.12711719,0.009952557,-0.0012349505,0.0034451133,84.34142
25751.148,-0.23279029,0.03335221,0.7306005,0.20006,-0.22437635,0.09428624,-0.11636848,0.054924283,0.21039282,-0.077718124,0.42364952,-0.45655152,0.24571967,0.23588812,0.0936658,-0.014259047,0.15496285,-0.09400572,-0.038747855,0.047029093,-0.029888697,-0.11557866,-0.043310933,0.0028464645,0.12899879,0.013064438,-0.00050591864,0.0045413603,85.664734
25774.184,-0.2418734,0.033381965,0.7297292,0.20073214,-0.21976474,0.086513996,-0.120871946,0.0625085,0.20812663,-0.08055527,0.42629713,-0.45659533,0.25087616,0.23612465,0.093891345,-0.018833684,0.15791643,-0.09488572,-0.040014803,0.046739906,-0.03279702,-0.1169618,-0.045127437,0.0006036298,0.12635744,0.008772107,-0.002240126,0.004221227,83.292404
25740.781,-0.228773,0.031095693,0.7273632,0.19935763,-0.2277787,0.08908339,-0.11592477,0.057432972,0.20562069,-0.07999615,0.42319652,-0.4581894,0.24616612,0.23469868,0.09290332,-0.01506017,0.15506072,-0.09347367,-0.039060723,0.04520591,-0.031100748,-0.11469078,-0.04475055,0.0029527112,0.1293999,0.0136647895,0.0011630575,0.0036117863,86.45303
25764.96,-0.23827071,0.031601243,0.72838044,0.19906063,-0.22466742,0.08470902,-0.11795626,0.06137306,0.21092923,-0.080529794,0.42403772,-0.45779982,0.25052574,0.23650137,0.09232887,-0.018976541,0.15651013,-0.09543861,-0.04027057,0.04778144,-0.031521723,-0.11708435,-0.045068935,0.0015889835,0.12704541,0.009954746,-0.00070941634,0.0035028455,84.68603
25766.678,-0.23739055,0.028444756,0.7276657,0.198849,-0.22230503,0.08719687,-0.11750564,0.057711493,0.21106942,-0.07966973,0.42507628,-0.45810243,0.24761987,0.23565888,0.093569964,-0.01879937,0.15563045,-0.09614608,-0.03883359,0.04887794,-0.031197058,-0.11634915,-0.04390093,0.00045048172,0.12761438,0.010901753,-0.0010640351,0.0039524976,85.01254
25748.152,-0.23754318,0.0319628,0.72959566,0.1983638,-0.22586842,0.08962829,-0.11760336,0.058314826,0.20880628,-0.07909115,0.42611918,-0.45650116,0.2473845,0.23583092,0.092103645,-0.01629948,0.15394239,-0.09479208,-0.03887333,0.047504526,-0.030084115,-0.115611054,-0.04297127,0.0029485584,0.12840885,0.011433519,-0.00073954184,0.004933281,85.1032
25732.09,-0.23936173,0.03410801,0.7270041,0.20013058,-0.22149552,0.08904531,-0.11723762,0.059494205,0.20826875,-0.0798977,0.42788476,-0.4569283,0.25049654,0.23642516,0.09373403,-0.015337163,0.15488099,-0.092646375,-0.040164728,0.04579436,-0.033666957,-0.11785479,-0.043237705,0.002979591,0.1280933,0.010990425,-5.7811856e-05,0.0034099559,84.7438
25742.62,-0.23885801,0.034139816,0.7300537,0.19918585,-0.22250967,0.08797494,-0.11534548,0.05689097,0.20990026,-0.07704461,0.4253784,-0.4583984,0.24851225,0.23556912,0.093809366,-0.017013703,0.15540947,-0.09644387,-0.03862892,0.04905869,-0.03129489,-0.11674997,-0.04417083,0.00311705,0.1277027,0.012091425,-0.0005485341,0.0035895773,85.62802
25758.076,-0.24200405,0.03564218,0.72588587,0.20153975,-0.22316414,0.08622854,-0.12219113,0.06298103,0.20818955,-0.080785476,0.4300047,-0.4586675,0.24798818,0.23464246,0.09331829,-0.017763097,0.15477364,-0.09362846,-0.040597107,0.04630949,-0.032447495,-0.11664769,-0.044286598,0.0010410575,0.1270684,0.010520217,-0.0014539147,0.004509208,83.30277
25759.453,-0.23294951,0.035709083,0.7244272,0.19838245,-0.22528487,0.09355046,-0.120144024,0.05959366,0.20985787,-0.07729624,0.42506057,-0.45752499,0.24870625,0.2342761,0.0942563,-0.0142473,0.15417582,-0.09389562,-0.039005697,0.046724044,-0.032110646,-0.11623632,-0.04252463,0.003492263,0.12863252,0.011990405,0.0003590528,0.0043464284,84.83663
25748.951,-0.23493603,0.032253835,0.72768503,0.20005101,-0.22374374,0.08656367,-0.117673755,0.060942214,0.20951648,-0.08011235,0.42341998,-0.45657632,0.2500887,0.23660667,0.092867956,-0.017794099,0.15488218,-0.09543707,-0.03933508,0.04693391,-0.03148822,-0.11662783,-0.04483503,0.0021935264,0.12870322,0.011157581,-9.272714e-05,0.0039999643,85.045586
25774.7,-0.24177396,0.027096376,0.73101485,0.1999439,-0.21988161,0.086409464,-0.11862012,0.060686447,0.21073604,-0.080715925,0.4262614,-0.45869324,0.24981391,0.2372316,0.09194222,-0.01869484,0.15648754,-0.09626443,-0.040374555,0.047910213,-0.033475284,-0.11704996,-0.045370907,0.0015723612,0.12557152,0.009709247,-0.0018953476,0.003967685,84.14039
25771.338,-0.24007812,0.028252874,0.7269398,0.19852866,-0.22254325,0.082892954,-0.12008498,0.06295097,0.20597655,-0.08133309,0.42626148,-0.4578284,0.25010246,0.23383988,0.091977626,-0.01985234,0.15684663,-0.09579514,-0.040170815,0.047663298,-0.03133298,-0.11666303,-0.044362634,0.0005150643,0.12675276,0.009509452,-0.001652481,0.004660247,83.88181
